item - itemId,item - public,item - featured,item - MODS - FormGenre 1,item - MODS - FormGenre 1 - Authority,item - MODS - FormGenre 2,item - MODS - FormGenre 2 - Authority,item - MODS - ShelfLocation,item - MODS - DigitalOrigin,item - MODS - Subrepository,item - MODS - RepositoryName,item - MODS - RepositoryName - code,item - MODS - RepositoryName - code - Authority,item - MODS - LanguageofCataloging,item - MODS - TypeofDate,item - MODS - KeyDate - Single/Start,item - MODS - KeyDate - End,item - DublinCore - Date,item - MODS - Collection,item - MODS - PublicationPlace,item - MODS - PlaceofOrigin,item - MODS - PlaceofOrigin - Authority - Identifier,item - MODS - PlaceofOrigin 1,item - MODS - PlaceofOrigin 1 - Authority - Identifier,item - DublinCore - Title - Display,item - DublinCore - Title - Work,item - DublinCore - Title - Work - Identifier,item - DublinCore - Title - Part,item - DublinCore - Identifier,item - DublinCore - Language,item - DublinCore - Creator 1,item - DublinCore - Creator 1 - Authority,item - DublinCore - Creator 1 - Authority - Identifier,item - DublinCore - Creator 2,item - DublinCore - Creator 2 - Authority,item - DublinCore - Creator 2 - Authority - Identifier,item - DublinCore - Publisher,item - DublinCore - Contributor 1,item - DublinCore - Contributor 1 - Authority,item - DublinCore - Contributor 1 - Authority - Identifier,item - DublinCore - Contributor 2,item - DublinCore - Contributor 2 - Authority,item - DublinCore - Contributor 3,item - DublinCore - Contributor 3 - Authority,item - DublinCore - Contributor 4,item - DublinCore - Contributor 4 - Authority,Subject - Geographic - Hierarchy - Street,Subject - Geographic - Hierarchy - City,Subject - Geographic - Hierarchy - State,Subject - Geographic - Hierarchy - Country,Subject 1 - Topic,Subject 1 - Topic - Authority,Subject 1 - Topic - Authority - Identifier,Subject 2 - Topic,Subject 2 - Topic - Authority,Subject 2 - Topic - Authority - Identifier,Subject 3 - Topic,Subject 3 - Topic - Authority,Subject 3 - Topic - Authority - Identifier,Subject - Geographic,Subject - Geographic - Authority,Subject - Geographic - Authority - Identifier,item - OriginalFileLoadedIntoOmeka,item - ItemType,item - AdditionalItemMetadata - Provenance,item - OmekaCollection,project URL,item in context
007307,1,0,printed ephemera,aat,,,,reformatted digital,Avery Classics Collection,"Avery Architectural & Fine Arts Library, Columbia University",NNC-A,marcorg,eng,inferred,1853,,circa 1853,John H. Yardley Collection of Architectural Letterheads,,New York (N.Y.),http://id.loc.gov/authorities/names/n79007751,,,"Leeds & Hazard, Wholesale Druggists, No. 121 Maiden Lane bill. Recto","Leeds & Hazard, Wholesale Druggists, No. 121 Maiden Lane bill",lhw_000,Recto,,eng,Leeds & Hazard,,,,,,,,,,,,,,,,Street: 121 Maiden Lane,New York,New York,United States,Architecture in art,lcsh,http://id.loc.gov/authorities/subjects/sh85006905,,,,,,,"Manhattan (New York, N.Y.)",naf,http://id.loc.gov/authorities/names/n80118393,original filename: 1202210030.jpg,still image,Donated by Bernice Gordon in memory of Mr. John H. Yardley.,Avery’s Architectural Ephemera Collections,http://www.columbia.edu/cgi-bin/cul/resolve?clio10813843,https://exhibitions.cul.columbia.edu/exhibits/show/ephemera/letterheads/letterhead
,,,printed ephemera,aat,,,AA735 N4 J619,,Avery Classics Collection,"Avery Architectural & Fine Arts Library, Columbia University",NNC-A,marcorg,eng,inferred,1853,,circa 1853,John H. Yardley Collection of Architectural Letterheads,,New York (N.Y.),http://id.loc.gov/authorities/names/n79007751,,,"Leeds & Hazard, Wholesale Druggists, No. 121 Maiden Lane bill","Leeds & Hazard, Wholesale Druggists, No. 121 Maiden Lane bill",lhw,,,eng,Leeds & Hazard,,,,,,,,,,,,,,,,Street: 121 Maiden Lane,New York,New York,United States,Architecture in art,lcsh,http://id.loc.gov/authorities/subjects/sh85006905,,,,,,,"Manhattan (New York, N.Y.)",naf,http://id.loc.gov/authorities/names/n80118393,,,Donated by Bernice Gordon in memory of Mr. John H. Yardley.,Avery’s Architectural Ephemera Collections,http://www.columbia.edu/cgi-bin/cul/resolve?clio10813843,
007306,1,0,printed ephemera,aat,,,,reformatted digital,Avery Classics Collection,"Avery Architectural & Fine Arts Library, Columbia University",NNC-A,marcorg,eng,inferred,1888,,circa 1888,John H. Yardley Collection of Architectural Letterheads,,New York (N.Y.),http://id.loc.gov/authorities/names/n79007751,,,"Lazell's Perfume, 90, 92 & 94 Maiden Lane. Recto of letter","Lazell's Perfume, 90, 92 & 94 Maiden Lane",lpm_000,Recto of letter,,eng,Lazell's Perfumes,,,,,,,"Lazell, Dalley & Co.",,,,,,,,,Street: 90-94 Maiden Lane,New York,New York,United States,Architecture in art,lcsh,http://id.loc.gov/authorities/subjects/sh85006905,,,,,,,"Manhattan (New York, N.Y.)",naf,http://id.loc.gov/authorities/names/n80118393,original filename: 1202210029.jpg,still image,Donated by Bernice Gordon in memory of Mr. John H. Yardley.,Avery’s Architectural Ephemera Collections,http://www.columbia.edu/cgi-bin/cul/resolve?clio10813843,https://exhibitions.cul.columbia.edu/exhibits/show/ephemera/letterheads/letterhead
,,,printed ephemera,aat,,,AA735 N4 J619,,Avery Classics Collection,"Avery Architectural & Fine Arts Library, Columbia University",NNC-A,marcorg,eng,inferred,1888,,circa 1888,John H. Yardley Collection of Architectural Letterheads,,New York (N.Y.),http://id.loc.gov/authorities/names/n79007751,,,"Lazell's Perfume, 90, 92 & 94 Maiden Lane","Lazell's Perfume, 90, 92 & 94 Maiden Lane",lpm,,,eng,Lazell's Perfumes,,,,,,,"Lazell, Dalley & Co.",,,,,,,,,Street: 90-94 Maiden Lane,New York,New York,United States,Architecture in art,lcsh,http://id.loc.gov/authorities/subjects/sh85006905,,,,,,,"Manhattan (New York, N.Y.)",naf,http://id.loc.gov/authorities/names/n80118393,,,Donated by Bernice Gordon in memory of Mr. John H. Yardley.,Avery’s Architectural Ephemera Collections,http://www.columbia.edu/cgi-bin/cul/resolve?clio10813843,
007305,1,0,printed ephemera,aat,,,AA735 N4 J619,reformatted digital,Avery Classics Collection,"Avery Architectural & Fine Arts Library, Columbia University",NNC-A,marcorg,eng,inferred,1888,,circa 1888,John H. Yardley Collection of Architectural Letterheads,,New York (N.Y.),http://id.loc.gov/authorities/names/n79007751,,,"John F. Stratton, 49 Maiden Lane, New York Envelope","John F. Stratton, 49 Maiden Lane, New York Envelope",jfs_000,,,eng,"Stratton, John F.",naf,http://id.loc.gov/authorities/names/n78023423,,,,,,,,,,,,,,Street: 49 Maiden Lane,New York,New York,United States,Architecture in art,lcsh,http://id.loc.gov/authorities/subjects/sh85006905,,,,,,,"Manhattan (New York, N.Y.)",naf,http://id.loc.gov/authorities/names/n80118393,original filename: 1202210028.jpg,still image,Donated by Bernice Gordon in memory of Mr. John H. Yardley.,Avery’s Architectural Ephemera Collections,http://www.columbia.edu/cgi-bin/cul/resolve?clio10813843,https://exhibitions.cul.columbia.edu/exhibits/show/ephemera/letterheads/letterhead
,,,printed ephemera,aat,,,AA735 N4 J619,,Avery Classics Collection,"Avery Architectural & Fine Arts Library, Columbia University",NNC-A,marcorg,eng,inferred,1888,,circa 1888,John H. Yardley Collection of Architectural Letterheads,,New York (N.Y.),http://id.loc.gov/authorities/names/n79007751,,,"John F. Stratton, 49 Maiden Lane, New York Envelope","John F. Stratton, 49 Maiden Lane, New York Envelope",jfs,,,eng,"Stratton, John F.",naf,http://id.loc.gov/authorities/names/n78023423,,,,,,,,,,,,,,Street: 49 Maiden Lane,New York,New York,United States,Architecture in art,lcsh,http://id.loc.gov/authorities/subjects/sh85006905,,,,,,,"Manhattan (New York, N.Y.)",naf,http://id.loc.gov/authorities/names/n80118393,,,Donated by Bernice Gordon in memory of Mr. John H. Yardley.,Avery’s Architectural Ephemera Collections,http://www.columbia.edu/cgi-bin/cul/resolve?clio10813843,https://exhibitions.cul.columbia.edu/exhibits/show/ephemera/letterheads/letterhead
007304,1,0,printed ephemera,aat,,,,reformatted digital,Avery Classics Collection,"Avery Architectural & Fine Arts Library, Columbia University",NNC-A,marcorg,eng,inferred,1916,,circa 1916,John H. Yardley Collection of Architectural Letterheads,,New York (N.Y.),http://id.loc.gov/authorities/names/n79007751,,,"Abel Bros. & Co., 29 Maiden Lane bill. Recto","Abel Bros. & Co., 29 Maiden Lane bill",abs_000,Recto,,eng,Abel Bros. & Co.,,,,,,,,,,,,,,,,Street: 29 Maiden Lane,New York,New York,United States,Architecture in art,lcsh,http://id.loc.gov/authorities/subjects/sh85006905,,,,,,,"Manhattan (New York, N.Y.)",naf,http://id.loc.gov/authorities/names/n80118393,original filename: 1202210027.jpg,still image,Donated by Bernice Gordon in memory of Mr. John H. Yardley.,Avery’s Architectural Ephemera Collections,http://www.columbia.edu/cgi-bin/cul/resolve?clio10813843,https://exhibitions.cul.columbia.edu/exhibits/show/ephemera/letterheads/letterhead
,,,printed ephemera,aat,,,AA735 N4 J619,,Avery Classics Collection,"Avery Architectural & Fine Arts Library, Columbia University",NNC-A,marcorg,eng,inferred,1916,,circa 1916,John H. Yardley Collection of Architectural Letterheads,,New York (N.Y.),http://id.loc.gov/authorities/names/n79007751,,,"Abel Bros. & Co., 29 Maiden Lane bill","Abel Bros. & Co., 29 Maiden Lane bill",abs,,,eng,Abel Bros. & Co.,,,,,,,,,,,,,,,,Street: 29 Maiden Lane,New York,New York,United States,Architecture in art,lcsh,http://id.loc.gov/authorities/subjects/sh85006905,,,,,,,"Manhattan (New York, N.Y.)",naf,http://id.loc.gov/authorities/names/n80118393,,,Donated by Bernice Gordon in memory of Mr. John H. Yardley.,Avery’s Architectural Ephemera Collections,http://www.columbia.edu/cgi-bin/cul/resolve?clio10813843,
007303,1,0,printed ephemera,aat,,,,reformatted digital,Avery Classics Collection,"Avery Architectural & Fine Arts Library, Columbia University",NNC-A,marcorg,eng,approximate,1900,1909,1900-1909,Biggert collection of architectural vignettes on commercial stationery,,Pueblo (Colo.),http://id.loc.gov/authorities/names/n79107962,,,Walter Brewing Company bill. Recto,Walter Brewing Company bill,wbc_000,Recto,,eng,Walter Brewing Company,,,,,,,,,,,,,,,,,,,,Architecture in art,lcsh,http://id.loc.gov/authorities/subjects/sh85006905,,,,,,,,,,original filename: ave_biggert_00049r.jpg,still image,Donated by Robert Biggert in honor of Lisa Ann Riveaux.,Avery’s Architectural Ephemera Collections,http://www.columbia.edu/cgi-bin/cul/resolve?clio10813843,https://exhibitions.cul.columbia.edu/exhibits/show/ephemera/letterheads/letterhead
,,,printed ephemera,aat,,,AA705 B48,,Avery Classics Collection,"Avery Architectural & Fine Arts Library, Columbia University",NNC-A,marcorg,eng,approximate,1900,1909,1900-1909,Biggert collection of architectural vignettes on commercial stationery,,Pueblo (Colo.),http://id.loc.gov/authorities/names/n79107962,,,Walter Brewing Company bill,Walter Brewing Company bill,wbc,,,eng,Walter Brewing Company,,,,,,,,,,,,,,,,,,,,Architecture in art,lcsh,http://id.loc.gov/authorities/subjects/sh85006905,,,,,,,,,,,,Donated by Robert Biggert in honor of Lisa Ann Riveaux.,Avery’s Architectural Ephemera Collections,http://www.columbia.edu/cgi-bin/cul/resolve?clio10813843,
007302,1,0,printed ephemera,aat,,,,reformatted digital,Avery Classics Collection,"Avery Architectural & Fine Arts Library, Columbia University",NNC-A,marcorg,eng,approximate,1880,1889,1880-1889,Biggert collection of architectural vignettes on commercial stationery,,"Concord, N.H.",,Concord (N.H.),http://id.loc.gov/authorities/names/n79076708,National State Capital Bank Check. Recto,National State Capital Bank Check,nsc_000,Recto,,eng,National State Capital Bank,,,,,,,,,,,,,,,,,,,,Architecture in art,lcsh,http://id.loc.gov/authorities/subjects/sh85006905,,,,,,,,,,original filename: ave_biggert_00770r.jpg,still image,Donated by Robert Biggert in honor of Lisa Ann Riveaux.,Avery’s Architectural Ephemera Collections,http://www.columbia.edu/cgi-bin/cul/resolve?clio10813843,https://exhibitions.cul.columbia.edu/exhibits/show/ephemera/letterheads/letterhead
,,,printed ephemera,aat,,,AA705 B48,,Avery Classics Collection,"Avery Architectural & Fine Arts Library, Columbia University",NNC-A,marcorg,eng,approximate,1880,1889,1880-1889,Biggert collection of architectural vignettes on commercial stationery,,"Concord, N.H.",,Concord (N.H.),http://id.loc.gov/authorities/names/n79076708,National State Capital Bank Check,National State Capital Bank Check,nsc,,,eng,National State Capital Bank,,,,,,,,,,,,,,,,,,,,Architecture in art,lcsh,http://id.loc.gov/authorities/subjects/sh85006905,,,,,,,,,,,,Donated by Robert Biggert in honor of Lisa Ann Riveaux.,Avery’s Architectural Ephemera Collections,http://www.columbia.edu/cgi-bin/cul/resolve?clio10813843,
007301,1,0,printed ephemera,aat,,,,reformatted digital,Avery Classics Collection,"Avery Architectural & Fine Arts Library, Columbia University",NNC-A,marcorg,eng,inferred,1850,1920,between 1850-1920,Biggert collection of architectural vignettes on commercial stationery,,"St. Paul, Minn.",,Saint Paul (Minn.),http://id.loc.gov/authorities/names/n81020369,Louis F. Dow Company letter to Farmers & Merchants Bank. Recto,Louis F. Dow Company letter to Farmers & Merchants Bank,lfd_000,Recto,,eng,Louis F. Dow Company,,,"Farmers & Merchants Bank (Sheyenne, N.D.)",,,,,,,,,,,,,,,,,Architecture in art,lcsh,http://id.loc.gov/authorities/subjects/sh85006905,,,,,,,,,,original filename: ave_biggert_00675r.jpg,still image,Donated by Robert Biggert in honor of Lisa Ann Riveaux.,Avery’s Architectural Ephemera Collections,http://www.columbia.edu/cgi-bin/cul/resolve?clio10813843,https://exhibitions.cul.columbia.edu/exhibits/show/ephemera/letterheads/letterhead
,,,printed ephemera,aat,,,AA705 B48,,Avery Classics Collection,"Avery Architectural & Fine Arts Library, Columbia University",NNC-A,marcorg,eng,inferred,1850,1920,between 1850-1920,Biggert collection of architectural vignettes on commercial stationery,,"St. Paul, Minn.",,Saint Paul (Minn.),http://id.loc.gov/authorities/names/n81020369,Louis F. Dow Company letter to Farmers & Merchants Bank,Louis F. Dow Company letter to Farmers & Merchants Bank,lfd,,,eng,Louis F. Dow Company,,,"Farmers & Merchants Bank (Sheyenne, N.D.)",,,,,,,,,,,,,,,,,Architecture in art,lcsh,http://id.loc.gov/authorities/subjects/sh85006905,,,,,,,,,,,,Donated by Robert Biggert in honor of Lisa Ann Riveaux.,Avery’s Architectural Ephemera Collections,http://www.columbia.edu/cgi-bin/cul/resolve?clio10813843,
007300,1,0,printed ephemera,aat,,,,reformatted digital,Avery Classics Collection,"Avery Architectural & Fine Arts Library, Columbia University",NNC-A,marcorg,eng,inferred,1850,1920,between 1850-1920,Biggert collection of architectural vignettes on commercial stationery,,Philadelphia (Pa.),http://id.loc.gov/authorities/names/n78095520,,,John Lucas & Co.. Recto of cardstock,John Lucas & Co.,jlc_000,Recto of cardstock,,eng,John Lucas & Co.,naf,http://id.loc.gov/authorities/names/nr91041562,,,,,,,,,,,,,,,,,,Architecture in art,lcsh,http://id.loc.gov/authorities/subjects/sh85006905,,,,,,,,,,original filename: ave_biggert_01425r.jpg,still image,Donated by Robert Biggert in honor of Lisa Ann Riveaux.,Avery’s Architectural Ephemera Collections,http://www.columbia.edu/cgi-bin/cul/resolve?clio10813843,https://exhibitions.cul.columbia.edu/exhibits/show/ephemera/letterheads/letterhead
,,,printed ephemera,aat,,,AA705 B48,,Avery Classics Collection,"Avery Architectural & Fine Arts Library, Columbia University",NNC-A,marcorg,eng,inferred,1850,1920,between 1850-1920,Biggert collection of architectural vignettes on commercial stationery,,Philadelphia (Pa.),http://id.loc.gov/authorities/names/n78095520,,,John Lucas & Co.,John Lucas & Co.,jlc,,,eng,John Lucas & Co.,naf,http://id.loc.gov/authorities/names/nr91041562,,,,,,,,,,,,,,,,,,Architecture in art,lcsh,http://id.loc.gov/authorities/subjects/sh85006905,,,,,,,,,,,,Donated by Robert Biggert in honor of Lisa Ann Riveaux.,Avery’s Architectural Ephemera Collections,http://www.columbia.edu/cgi-bin/cul/resolve?clio10813843,
007289,1,0,postcards,aat,,,,reformatted digital,Avery Classics Collection,"Avery Architectural & Fine Arts Library, Columbia University",NNC-A,marcorg,eng,inferred,1890,1950,between 1890-1950,Biggert collection of architectural vignettes on commercial stationery,,Seattle (Wash.),http://id.loc.gov/authorities/names/n79041965,,,Seattle Washington. Recto of souvenir booklet cover,Seattle Washington,swa_000,Recto of souvenir booklet cover,,eng,C. P. Johnston Company,,,,,,Published for C.P. Johnston Company,Mike Roberts Color Productions,naf,http://id.loc.gov/authorities/names/nr98020693,,,,,,,,,,,United States--Social life and customs--20th century,lcsh,http://id.loc.gov/authorities/subjects/sh85140537,United States--Social life and customs--19th century,lcsh,http://id.loc.gov/authorities/subjects/sh85140534,Cities and towns,lcsh,http://id.loc.gov/authorities/subjects/sh85026130,Seattle (Wash.),naf,http://id.loc.gov/authorities/names/n79041965,original filename: 1202210016.jpg,still image,,Avery’s Architectural Ephemera Collections,http://www.columbia.edu/cgi-bin/cul/resolve?clio10813843,https://exhibitions.cul.columbia.edu/exhibits/show/ephemera/souvenir/postcard
,,,postcards,aat,,,AA707 C68,,Avery Classics Collection,"Avery Architectural & Fine Arts Library, Columbia University",NNC-A,marcorg,eng,inferred,1890,1950,between 1890-1950,Biggert collection of architectural vignettes on commercial stationery,,Seattle (Wash.),http://id.loc.gov/authorities/names/n79041965,,,Seattle Washington,Seattle Washington,swa,,,eng,C. P. Johnston Company,,,,,,Published for C.P. Johnston Company,Mike Roberts Color Productions,naf,http://id.loc.gov/authorities/names/nr98020693,,,,,,,,,,,United States--Social life and customs--20th century,lcsh,http://id.loc.gov/authorities/subjects/sh85140537,United States--Social life and customs--19th century,lcsh,http://id.loc.gov/authorities/subjects/sh85140534,Cities and towns,lcsh,http://id.loc.gov/authorities/subjects/sh85026130,Seattle (Wash.),naf,http://id.loc.gov/authorities/names/n79041965,,,,Avery’s Architectural Ephemera Collections,http://www.columbia.edu/cgi-bin/cul/resolve?clio10813843,
,,,postcards,aat,,,AA707 C68,,Avery Classics Collection,"Avery Architectural & Fine Arts Library, Columbia University",NNC-A,marcorg,eng,inferred,1913,,1913,,,,,,,Souvenir folder of Detroit Mich. Recto of souvenir booklet cover,Souvenir folder of Detroit Mich,sfd,,,eng,,,,,,,,,,,,,,,,,,,,,United States--Social life and customs--20th century,lcsh,http://id.loc.gov/authorities/subjects/sh85140537,United States--Social life and customs--19th century,lcsh,http://id.loc.gov/authorities/subjects/sh85140534,Cities and towns,lcsh,http://id.loc.gov/authorities/subjects/sh85026130,Detroit (Mich.),naf,http://id.loc.gov/authorities/names/n79045539,,,,Avery’s Architectural Ephemera Collections,http://www.columbia.edu/cgi-bin/cul/resolve?clio10813843,
007288,1,0,postcards,aat,,,,reformatted digital,Avery Classics Collection,"Avery Architectural & Fine Arts Library, Columbia University",NNC-A,marcorg,eng,inferred,1913,,1913,,,,,,,Souvenir folder of Detroit Mich. Recto of souvenir booklet cover,Souvenir folder of Detroit Mich,sfd_000,Recto of souvenir booklet cover,,eng,,,,,,,,,,,,,,,,,,,,,United States--Social life and customs--20th century,lcsh,http://id.loc.gov/authorities/subjects/sh85140537,United States--Social life and customs--19th century,lcsh,http://id.loc.gov/authorities/subjects/sh85140534,Cities and towns,lcsh,http://id.loc.gov/authorities/subjects/sh85026130,Detroit (Mich.),naf,http://id.loc.gov/authorities/names/n79045539,original filename: 1202210015.jpg,still image,,Avery’s Architectural Ephemera Collections,http://www.columbia.edu/cgi-bin/cul/resolve?clio10813843,https://exhibitions.cul.columbia.edu/exhibits/show/ephemera/souvenir/postcard
007294,1,0,books,aat,,,,reformatted digital,Avery Classics Collection,"Avery Architectural & Fine Arts Library, Columbia University",NNC-A,marcorg,eng,approximate,1908,,circa 1908,,"Albuquerque, N.M.",Albuquerque (N.M.),http://id.loc.gov/authorities/names/n79079329,,,"Albuquerque, New Mexico : chief city of a new empire in the great Southwest. Recto cover of viewbook","Albuquerque, New Mexico : chief city of a new empire in the great Southwest",anm_000,Recto cover of viewbook,,eng,"Hening, H. B.",naf,http://id.loc.gov/authorities/names/nr93021379,"Johnson, E. Dana",naf,http://id.loc.gov/authorities/names/nr93021382,H.B. Hening and E.D. Johnson,,,,,,,,,,,,,,Albuquerque (N.M.)--Description and travel,lcsh,,Travel,fast,http://id.worldcat.org/fast/1155558,,,,Albuquerque (N.M.),naf,http://id.loc.gov/authorities/names/n79079329,original filename: 1202210021.jpg,still image,,Avery’s Architectural Ephemera Collections,http://www.columbia.edu/cgi-bin/cul/resolve?clio10813843,https://exhibitions.cul.columbia.edu/exhibits/show/ephemera/viewbooks/view
007295,1,0,books,aat,,,,reformatted digital,Avery Classics Collection,"Avery Architectural & Fine Arts Library, Columbia University",NNC-A,marcorg,eng,approximate,1908,,circa 1908,,"Albuquerque, N.M.",Albuquerque (N.M.),http://id.loc.gov/authorities/names/n79079329,,,"Albuquerque, New Mexico : chief city of a new empire in the great Southwest. Verso cover of viewbook","Albuquerque, New Mexico : chief city of a new empire in the great Southwest",anm_001,Verso cover of viewbook,,eng,"Hening, H. B.",naf,http://id.loc.gov/authorities/names/nr93021379,"Johnson, E. Dana",naf,http://id.loc.gov/authorities/names/nr93021382,H.B. Hening and E.D. Johnson,,,,,,,,,,,,,,Albuquerque (N.M.)--Description and travel,lcsh,,Travel,fast,http://id.worldcat.org/fast/1155558,,,,Albuquerque (N.M.),naf,http://id.loc.gov/authorities/names/n79079329,original filename: 1202210022.jpg,still image,,Avery’s Architectural Ephemera Collections,http://www.columbia.edu/cgi-bin/cul/resolve?clio10813843,https://exhibitions.cul.columbia.edu/exhibits/show/ephemera/viewbooks/view
,,,books,aat,,,AA735 AL15 AL15,,Avery Classics Collection,"Avery Architectural & Fine Arts Library, Columbia University",NNC-A,marcorg,eng,approximate,1908,,circa 1908,,"Albuquerque, N.M.",Albuquerque (N.M.),http://id.loc.gov/authorities/names/n79079329,,,"Albuquerque, New Mexico : chief city of a new empire in the great Southwest","Albuquerque, New Mexico : chief city of a new empire in the great Southwest",anm,,CLIO_1101838,eng,"Hening, H. B.",naf,http://id.loc.gov/authorities/names/nr93021379,"Johnson, E. Dana",naf,http://id.loc.gov/authorities/names/nr93021382,H.B. Hening and E.D. Johnson,,,,,,,,,,,,,,Albuquerque (N.M.)--Description and travel,lcsh,,Travel,fast,http://id.worldcat.org/fast/1155558,,,,Albuquerque (N.M.),naf,http://id.loc.gov/authorities/names/n79079329,,,,Avery’s Architectural Ephemera Collections,http://www.columbia.edu/cgi-bin/cul/resolve?clio10813843,
007296,1,0,books,aat,,,,reformatted digital,Avery Classics Collection,"Avery Architectural & Fine Arts Library, Columbia University",NNC-A,marcorg,eng,questionable,1940,1949,194-?,,"Chicago, Ill.",Chicago (Ill.),http://id.loc.gov/authorities/names/n78086438,,,"Chicago, the city beautiful. Cover of viewbook","Chicago, the city beautiful",ccb_000,Cover of viewbook,,eng,,,,,,,Curt Teich & Co.,,,,,,,,,,,,,,Architecture--Illinois--Chicago,lcsh,http://id.loc.gov/authorities/subjects/sh2009115478,"Chicago (Ill.)--Buildings, structures, etc.",lcsh,,Architecture,fast,http://id.worldcat.org/fast/813346,Chicago (Ill.),naf,http://id.loc.gov/authorities/names/n78086438,original filename: 1202210023.jpg,still image,,Avery’s Architectural Ephemera Collections,http://www.columbia.edu/cgi-bin/cul/resolve?clio10813843,https://exhibitions.cul.columbia.edu/exhibits/show/ephemera/viewbooks/view
007297,1,0,books,aat,,,,reformatted digital,Avery Classics Collection,"Avery Architectural & Fine Arts Library, Columbia University",NNC-A,marcorg,eng,questionable,1940,1949,194-?,,"Chicago, Ill.",Chicago (Ill.),http://id.loc.gov/authorities/names/n78086438,,,"Chicago, the city beautiful. Chicago skyline, showing Grant Park and Michigan Boulevard","Chicago, the city beautiful",ccb_001,"Chicago skyline, showing Grant Park and Michigan Boulevard",,eng,,,,,,,Curt Teich & Co.,,,,,,,,,,,,,,Architecture--Illinois--Chicago,lcsh,http://id.loc.gov/authorities/subjects/sh2009115478,"Chicago (Ill.)--Buildings, structures, etc.",lcsh,,Architecture,fast,http://id.worldcat.org/fast/813346,Chicago (Ill.),naf,http://id.loc.gov/authorities/names/n78086438,original filename: 1202210024.jpg,still image,,Avery’s Architectural Ephemera Collections,http://www.columbia.edu/cgi-bin/cul/resolve?clio10813843,https://exhibitions.cul.columbia.edu/exhibits/show/ephemera/viewbooks/view
,,,books,aat,,,AA735 C4 C4345 S,,Avery Classics Collection,"Avery Architectural & Fine Arts Library, Columbia University",NNC-A,marcorg,eng,questionable,1940,1949,194-?,,"Chicago, Ill.",Chicago (Ill.),http://id.loc.gov/authorities/names/n78086438,,,"Chicago, the city beautiful","Chicago, the city beautiful",ccb,,CLIO_1100670,eng,,,,,,,Curt Teich & Co.,,,,,,,,,,,,,,Architecture--Illinois--Chicago,lcsh,http://id.loc.gov/authorities/subjects/sh2009115478,"Chicago (Ill.)--Buildings, structures, etc.",lcsh,,Architecture,fast,http://id.worldcat.org/fast/813346,Chicago (Ill.),naf,http://id.loc.gov/authorities/names/n78086438,,,,Avery’s Architectural Ephemera Collections,http://www.columbia.edu/cgi-bin/cul/resolve?clio10813843,
007277,1,0,books,aat,,,,reformatted digital,Avery Classics Collection,"Avery Architectural & Fine Arts Library, Columbia University",NNC-A,marcorg,eng,,1870,,1870-,,"London, England?",London (England),http://id.loc.gov/authorities/names/n79005665,,,"Examples of metal work for ecclesiastical and domestic use : manufactured by Hart, Son, Peard & Co. Section 1. Cover","Examples of metal work for ecclesiastical and domestic use : manufactured by Hart, Son, Peard & Co",emw_000,Section 1. Cover,,eng,"Hart, Son, Peard & Co.",,,,,,Co.,,,,,,,,,,,,,,Architectural ironwork,lcsh,http://id.loc.gov/authorities/subjects/sh85006597,"Decoration and ornament, Architectural",lcsh,http://id.loc.gov/authorities/subjects/sh85036275,,,,,,,original filename: 1202210004.jpg,still image,,Avery’s Architectural Ephemera Collections,http://www.columbia.edu/cgi-bin/cul/resolve?clio10813843,https://exhibitions.cul.columbia.edu/exhibits/show/ephemera/catalogs/trade
007279,1,0,books,aat,,,,reformatted digital,Avery Classics Collection,"Avery Architectural & Fine Arts Library, Columbia University",NNC-A,marcorg,eng,,1870,,1870-,,"London, England?",London (England),http://id.loc.gov/authorities/names/n79005665,,,"Examples of metal work for ecclesiastical and domestic use : manufactured by Hart, Son, Peard & Co. Page spread of various cast iron samples","Examples of metal work for ecclesiastical and domestic use : manufactured by Hart, Son, Peard & Co",emw_001,Page spread of various cast iron samples,,eng,"Hart, Son, Peard & Co.",,,,,,Co.,,,,,,,,,,,,,,Architectural ironwork,lcsh,http://id.loc.gov/authorities/subjects/sh85006597,"Decoration and ornament, Architectural",lcsh,http://id.loc.gov/authorities/subjects/sh85036275,,,,,,,original filename: 1202210006.jpg,still image,,Avery’s Architectural Ephemera Collections,http://www.columbia.edu/cgi-bin/cul/resolve?clio10813843,https://exhibitions.cul.columbia.edu/exhibits/show/ephemera/catalogs/trade
007278,1,0,books,aat,,,,reformatted digital,Avery Classics Collection,"Avery Architectural & Fine Arts Library, Columbia University",NNC-A,marcorg,eng,,1870,,1870-,,"London, England?",London (England),http://id.loc.gov/authorities/names/n79005665,,,"Examples of metal work for ecclesiastical and domestic use : manufactured by Hart, Son, Peard & Co. Index","Examples of metal work for ecclesiastical and domestic use : manufactured by Hart, Son, Peard & Co",emw_002,Index,,eng,"Hart, Son, Peard & Co.",,,,,,Co.,,,,,,,,,,,,,,Architectural ironwork,lcsh,http://id.loc.gov/authorities/subjects/sh85006597,"Decoration and ornament, Architectural",lcsh,http://id.loc.gov/authorities/subjects/sh85036275,,,,,,,original filename: 1202210005.jpg,still image,,Avery’s Architectural Ephemera Collections,http://www.columbia.edu/cgi-bin/cul/resolve?clio10813843,
,,,books,aat,,,AT3610 H252 1870,,Avery Classics Collection,"Avery Architectural & Fine Arts Library, Columbia University",NNC-A,marcorg,eng,,1870,,1870-,,"London, England?",London (England),http://id.loc.gov/authorities/names/n79005665,,,"Examples of metal work for ecclesiastical and domestic use : manufactured by Hart, Son, Peard & Co","Examples of metal work for ecclesiastical and domestic use : manufactured by Hart, Son, Peard & Co",emw,,CLIO_82024,eng,"Hart, Son, Peard & Co.",,,,,,Co.,,,,,,,,,,,,,,Architectural ironwork,lcsh,http://id.loc.gov/authorities/subjects/sh85006597,"Decoration and ornament, Architectural",lcsh,http://id.loc.gov/authorities/subjects/sh85036275,,,,,,,,,,Avery’s Architectural Ephemera Collections,http://www.columbia.edu/cgi-bin/cul/resolve?clio10813843,
007292,1,0,books,aat,,,,reformatted digital,Avery Classics Collection,"Avery Architectural & Fine Arts Library, Columbia University",NNC-A,marcorg,eng,,1904,,1904,,"268-270 Canal Street, New York, New York",New York (N.Y.),http://id.loc.gov/authorities/names/n79007751,,,Glimpses of the new Coney Island : America's most popular pleasure resort; reproduced from best and latest photographs. Cover of viewbook,Glimpses of the new Coney Island : America's most popular pleasure resort; reproduced from best and latest photographs,gnc_000,Cover of viewbook,,eng,Isaac H. Blanchard Co.,naf,http://id.loc.gov/authorities/names/n85149698,,,,Isaac H. Blanchard Co.,,,,,,,,,,,,,,"Coney Island (New York, N.Y.)--Pictorial works",lcsh,,"Coney Island (New York, N.Y.)",lcsh,http://id.loc.gov/authorities/subjects/sh87001319,Amusement parks,lcsh,http://id.loc.gov/authorities/subjects/sh85004698,"Brooklyn (New York, N.Y.)",naf,http://id.loc.gov/authorities/names/n80040311,original filename: 1202210019.jpg,still image,,Avery’s Architectural Ephemera Collections,http://www.columbia.edu/cgi-bin/cul/resolve?clio10813843,https://exhibitions.cul.columbia.edu/exhibits/show/ephemera/viewbooks/view
007293,1,0,books,aat,,,,reformatted digital,Avery Classics Collection,"Avery Architectural & Fine Arts Library, Columbia University",NNC-A,marcorg,eng,,1904,,1904,,"268-270 Canal Street, New York, New York",New York (N.Y.),http://id.loc.gov/authorities/names/n79007751,,,Glimpses of the new Coney Island : America's most popular pleasure resort; reproduced from best and latest photographs. Bird's-eye view of Coney Island,Glimpses of the new Coney Island : America's most popular pleasure resort; reproduced from best and latest photographs,gnc_001,Bird's-eye view of Coney Island,,eng,Isaac H. Blanchard Co.,naf,http://id.loc.gov/authorities/names/n85149698,,,,Isaac H. Blanchard Co.,,,,,,,,,,,,,,"Coney Island (New York, N.Y.)--Pictorial works",lcsh,,"Coney Island (New York, N.Y.)",lcsh,http://id.loc.gov/authorities/subjects/sh87001319,Amusement parks,lcsh,http://id.loc.gov/authorities/subjects/sh85004698,"Brooklyn (New York, N.Y.)",naf,http://id.loc.gov/authorities/names/n80040311,original filename: 1202210020.jpg,still image,,Avery’s Architectural Ephemera Collections,http://www.columbia.edu/cgi-bin/cul/resolve?clio10813843,https://exhibitions.cul.columbia.edu/exhibits/show/ephemera/viewbooks/view
,,,books,aat,,,AA735 N4B7 Is7,,Avery Classics Collection,"Avery Architectural & Fine Arts Library, Columbia University",NNC-A,marcorg,eng,,1904,,1904,,"268-270 Canal Street, New York, New York",New York (N.Y.),http://id.loc.gov/authorities/names/n79007751,,,Glimpses of the new Coney Island : America's most popular pleasure resort; reproduced from best and latest photographs,Glimpses of the new Coney Island : America's most popular pleasure resort; reproduced from best and latest photographs,gnc,,CLIO_1355568,eng,Isaac H. Blanchard Co.,naf,http://id.loc.gov/authorities/names/n85149698,,,,Isaac H. Blanchard Co.,,,,,,,,,,,,,,"Coney Island (New York, N.Y.)--Pictorial works",lcsh,,"Coney Island (New York, N.Y.)",lcsh,http://id.loc.gov/authorities/subjects/sh87001319,Amusement parks,lcsh,http://id.loc.gov/authorities/subjects/sh85004698,"Brooklyn (New York, N.Y.)",naf,http://id.loc.gov/authorities/names/n80040311,,,,Avery’s Architectural Ephemera Collections,http://www.columbia.edu/cgi-bin/cul/resolve?clio10813843,
007314,1,0,printed ephemera,aat,,,,reformatted digital,Avery Classics Collection,"Avery Architectural & Fine Arts Library, Columbia University",NNC-A,marcorg,eng,inferred,1920,1979,between 1920-1979,New York real estate brochure collection,,,,,,175 Great Neck Rd. Cover of brochure,175 Great Neck Rd,gnr_000,Cover of brochure,,eng,,,,,,,,"Alan H. Polkes Associates, Inc.",,,"Artsis, Jerome M.",,,,,,Street: 175 Great Neck Road,Great Neck,New York,United States,Apartment houses--New York (State)--New York,lcsh,http://id.loc.gov/authorities/subjects/sh2009115107,Buildings,lcsh,http://id.loc.gov/authorities/subjects/sh85017769,Architectural firms,lcsh,http://id.loc.gov/authorities/subjects/sh85006594,Great Neck (N.Y.),naf,http://id.loc.gov/authorities/names/n82017233,original filename: ldpd_YR_0050_LI_001_001.jpg,still image,"Donated by Yale Robbins, Henry Robbins, & David Magier.",Avery’s Architectural Ephemera Collections,http://www.columbia.edu/cgi-bin/cul/resolve?clio10813843,https://exhibitions.cul.columbia.edu/exhibits/show/ephemera/brochures/nyre
007315,1,0,printed ephemera,aat,,,,reformatted digital,Avery Classics Collection,"Avery Architectural & Fine Arts Library, Columbia University",NNC-A,marcorg,eng,inferred,1920,1979,between 1920-1979,New York real estate brochure collection,,,,,,175 Great Neck Rd. Typical floor plan,175 Great Neck Rd,gnr_001,Typical floor plan,,eng,,,,,,,,"Alan H. Polkes Associates, Inc.",,,"Artsis, Jerome M.",,,,,,Street: 175 Great Neck Road,Great Neck,New York,United States,Apartment houses--New York (State)--New York,lcsh,http://id.loc.gov/authorities/subjects/sh2009115107,Buildings,lcsh,http://id.loc.gov/authorities/subjects/sh85017769,Architectural firms,lcsh,http://id.loc.gov/authorities/subjects/sh85006594,Great Neck (N.Y.),naf,http://id.loc.gov/authorities/names/n82017233,original filename: ldpd_YR_0050_LI_001_002.jpg,still image,"Donated by Yale Robbins, Henry Robbins, & David Magier.",Avery’s Architectural Ephemera Collections,http://www.columbia.edu/cgi-bin/cul/resolve?clio10813843,https://exhibitions.cul.columbia.edu/exhibits/show/ephemera/brochures/nyre
,,,printed ephemera,aat,,,YR.0050.LI,,Avery Classics Collection,"Avery Architectural & Fine Arts Library, Columbia University",NNC-A,marcorg,eng,inferred,1920,1979,between 1920-1979,New York real estate brochure collection,,,,,,175 Great Neck Rd,175 Great Neck Rd,gnr,,,eng,,,,,,,,"Alan H. Polkes Associates, Inc.",,,"Artsis, Jerome M.",,,,,,Street: 175 Great Neck Road,Great Neck,New York,United States,Apartment houses--New York (State)--New York,lcsh,http://id.loc.gov/authorities/subjects/sh2009115107,Buildings,lcsh,http://id.loc.gov/authorities/subjects/sh85017769,Architectural firms,lcsh,http://id.loc.gov/authorities/subjects/sh85006594,Great Neck (N.Y.),naf,http://id.loc.gov/authorities/names/n82017233,,,"Donated by Yale Robbins, Henry Robbins, & David Magier.",Avery’s Architectural Ephemera Collections,http://www.columbia.edu/cgi-bin/cul/resolve?clio10813843,
007298,1,0,books,aat,,,,reformatted digital,Avery Classics Collection,"Avery Architectural & Fine Arts Library, Columbia University",NNC-A,marcorg,eng,questionable,1905,,circa 1905,,"Helena, MT",Helena (Mont.),http://id.loc.gov/authorities/names/n80007662,,,"Helena, Montana. Cover of viewbook","Helena, Montana",hmo_000,Cover of viewbook,,eng,"Business Men’s Association of the City of Helena, Montana",,,,,,Business Men’s Association,,,,,,,,,,,,,,Helena (Mont.)--Description and travel,lcsh,,Helena (Mont.)--History,lcsh,,Travel,fast,http://id.worldcat.org/fast/1155558,Helena (Mont.),naf,http://id.loc.gov/authorities/names/n80007662,original filename: 1202210025.jpg,still image,,Avery’s Architectural Ephemera Collections,http://www.columbia.edu/cgi-bin/cul/resolve?clio10813843,https://exhibitions.cul.columbia.edu/exhibits/show/ephemera/viewbooks/view
007299,1,0,books,aat,,,,reformatted digital,Avery Classics Collection,"Avery Architectural & Fine Arts Library, Columbia University",NNC-A,marcorg,eng,questionable,1905,,circa 1905,,"Helena, MT",Helena (Mont.),http://id.loc.gov/authorities/names/n80007662,,,"Helena, Montana. Page spread showing text of and an image of a Typical Helena House","Helena, Montana",hmo_001,Page spread showing text of and an image of a Typical Helena House,,eng,"Business Men’s Association of the City of Helena, Montana",,,,,,Business Men’s Association,,,,,,,,,,,,,,Helena (Mont.)--Description and travel,lcsh,,Helena (Mont.)--History,lcsh,,Travel,fast,http://id.worldcat.org/fast/1155558,Helena (Mont.),naf,http://id.loc.gov/authorities/names/n80007662,original filename: 1202210026.jpg,still image,,Avery’s Architectural Ephemera Collections,http://www.columbia.edu/cgi-bin/cul/resolve?clio10813843,https://exhibitions.cul.columbia.edu/exhibits/show/ephemera/viewbooks/view
,,,books,aat,,,AA735 H36 H36 S,,Avery Classics Collection,"Avery Architectural & Fine Arts Library, Columbia University",NNC-A,marcorg,eng,questionable,1905,,circa 1905,,"Helena, MT",Helena (Mont.),http://id.loc.gov/authorities/names/n80007662,,,"Helena, Montana","Helena, Montana",hmo,,CLIO_1243529,eng,"Business Men’s Association of the City of Helena, Montana",,,,,,Business Men’s Association,,,,,,,,,,,,,,Helena (Mont.)--Description and travel,lcsh,,Helena (Mont.)--History,lcsh,,Travel,fast,http://id.worldcat.org/fast/1155558,Helena (Mont.),naf,http://id.loc.gov/authorities/names/n80007662,,,,Avery’s Architectural Ephemera Collections,http://www.columbia.edu/cgi-bin/cul/resolve?clio10813843,
007312,1,0,printed ephemera,aat,,,,reformatted digital,Avery Classics Collection,"Avery Architectural & Fine Arts Library, Columbia University",NNC-A,marcorg,eng,inferred,1920,1979,between 1920-1979,New York real estate brochure collection,,,,,,Harbour Pointe at Bay Street Landing. Cover of brochure,Harbour Pointe at Bay Street Landing,hpb_000,Cover of brochure,,eng,,,,,,,,David Kenneth Specter and Associates,,,"RAMS Marketing, Inc.",,Bay St. Landing Associates,,Greater New York Savings Bank,,Street: 80 Bay Street Landing,Staten Island,New York,United States,Apartment houses--New York (State)--New York,lcsh,http://id.loc.gov/authorities/subjects/sh2009115107,Buildings,lcsh,http://id.loc.gov/authorities/subjects/sh85017769,Architectural firms,lcsh,http://id.loc.gov/authorities/subjects/sh85006594,"Saint George (New York, N.Y.)",naf,http://id.loc.gov/authorities/names/n2008024994,original filename: ldpd_YR_0002_SI_001_001.jpg,still image,"Donated by Yale Robbins, Henry Robbins, & David Magier.",Avery’s Architectural Ephemera Collections,http://www.columbia.edu/cgi-bin/cul/resolve?clio10813843,https://exhibitions.cul.columbia.edu/exhibits/show/ephemera/brochures/nyre
007313,1,0,printed ephemera,aat,,,,reformatted digital,Avery Classics Collection,"Avery Architectural & Fine Arts Library, Columbia University",NNC-A,marcorg,eng,inferred,1920,1979,between 1920-1979,New York real estate brochure collection,,,,,,Harbour Pointe at Bay Street Landing. Page 6 of brochure,Harbour Pointe at Bay Street Landing,hpb_006,Page 6 of brochure,,eng,,,,,,,,David Kenneth Specter and Associates,,,"RAMS Marketing, Inc.",,Bay St. Landing Associates,,Greater New York Savings Bank,,Street: 80 Bay Street Landing,Staten Island,New York,United States,Apartment houses--New York (State)--New York,lcsh,http://id.loc.gov/authorities/subjects/sh2009115107,Buildings,lcsh,http://id.loc.gov/authorities/subjects/sh85017769,Architectural firms,lcsh,http://id.loc.gov/authorities/subjects/sh85006594,"Saint George (New York, N.Y.)",naf,http://id.loc.gov/authorities/names/n2008024994,original filename: ldpd_YR_0002_SI_001_006.jpg,still image,"Donated by Yale Robbins, Henry Robbins, & David Magier.",Avery’s Architectural Ephemera Collections,http://www.columbia.edu/cgi-bin/cul/resolve?clio10813843,https://exhibitions.cul.columbia.edu/exhibits/show/ephemera/brochures/nyre
,,,printed ephemera,aat,,,YR.0002.SI,,Avery Classics Collection,"Avery Architectural & Fine Arts Library, Columbia University",NNC-A,marcorg,eng,inferred,1920,1979,between 1920-1979,New York real estate brochure collection,,,,,,Harbour Pointe at Bay Street Landing,Harbour Pointe at Bay Street Landing,hpb,,,eng,,,,,,,,David Kenneth Specter and Associates,,,"RAMS Marketing, Inc.",,Bay St. Landing Associates,,Greater New York Savings Bank,,Street: 80 Bay Street Landing,Staten Island,New York,United States,Apartment houses--New York (State)--New York,lcsh,http://id.loc.gov/authorities/subjects/sh2009115107,Buildings,lcsh,http://id.loc.gov/authorities/subjects/sh85017769,Architectural firms,lcsh,http://id.loc.gov/authorities/subjects/sh85006594,"Saint George (New York, N.Y.)",naf,http://id.loc.gov/authorities/names/n2008024994,,,"Donated by Yale Robbins, Henry Robbins, & David Magier.",Avery’s Architectural Ephemera Collections,http://www.columbia.edu/cgi-bin/cul/resolve?clio10813843,
007290,1,0,postcards,aat,,,,reformatted digital,Avery Classics Collection,"Avery Architectural & Fine Arts Library, Columbia University",NNC-A,marcorg,eng,inferred,1890,1950,between 1890-1950,,,West Nyack (N.Y.),http://id.loc.gov/authorities/names/n82257184,,,Jerome Arizona: largest ghost city in America. Recto of souvenir booklet cover,Jerome Arizona: largest ghost city in America,jal_000,Recto of souvenir booklet cover,,eng,Dexter Press,naf,http://id.loc.gov/authorities/names/no2011092523,,,,"Dexter Press, Inc.",,,,,,,,,,,,,,United States--Social life and customs--20th century,lcsh,http://id.loc.gov/authorities/subjects/sh85140537,United States--Social life and customs--19th century,lcsh,http://id.loc.gov/authorities/subjects/sh85140534,Cities and towns,lcsh,http://id.loc.gov/authorities/subjects/sh85026130,Jerome (Ariz.),naf,http://id.loc.gov/authorities/names/n84149366,original filename: 1202210017.jpg,still image,,Avery’s Architectural Ephemera Collections,http://www.columbia.edu/cgi-bin/cul/resolve?clio10813843,https://exhibitions.cul.columbia.edu/exhibits/show/ephemera/souvenir/postcard
007291,1,0,postcards,aat,,,,reformatted digital,Avery Classics Collection,"Avery Architectural & Fine Arts Library, Columbia University",NNC-A,marcorg,eng,inferred,1890,1950,between 1890-1950,,,West Nyack (N.Y.),http://id.loc.gov/authorities/names/n82257184,,,Jerome Arizona: largest ghost city in America. Verso of souvenir booklet cover,Jerome Arizona: largest ghost city in America,jal_001,Verso of souvenir booklet cover,,eng,Dexter Press,naf,http://id.loc.gov/authorities/names/no2011092523,,,,"Dexter Press, Inc.",,,,,,,,,,,,,,United States--Social life and customs--20th century,lcsh,http://id.loc.gov/authorities/subjects/sh85140537,United States--Social life and customs--19th century,lcsh,http://id.loc.gov/authorities/subjects/sh85140534,Cities and towns,lcsh,http://id.loc.gov/authorities/subjects/sh85026130,Jerome (Ariz.),naf,http://id.loc.gov/authorities/names/n84149366,original filename: 1202210018.jpg,still image,,Avery’s Architectural Ephemera Collections,http://www.columbia.edu/cgi-bin/cul/resolve?clio10813843,https://exhibitions.cul.columbia.edu/exhibits/show/ephemera/souvenir/postcard
,,,postcards,aat,,,AA707 C68,,Avery Classics Collection,"Avery Architectural & Fine Arts Library, Columbia University",NNC-A,marcorg,eng,inferred,1890,1950,between 1890-1950,,,West Nyack (N.Y.),http://id.loc.gov/authorities/names/n82257184,,,Jerome Arizona: largest ghost city in America,Jerome Arizona: largest ghost city in America,jal,,,eng,Dexter Press,naf,http://id.loc.gov/authorities/names/no2011092523,,,,"Dexter Press, Inc.",,,,,,,,,,,,,,United States--Social life and customs--20th century,lcsh,http://id.loc.gov/authorities/subjects/sh85140537,United States--Social life and customs--19th century,lcsh,http://id.loc.gov/authorities/subjects/sh85140534,Cities and towns,lcsh,http://id.loc.gov/authorities/subjects/sh85026130,Jerome (Ariz.),naf,http://id.loc.gov/authorities/names/n84149366,,,,Avery’s Architectural Ephemera Collections,http://www.columbia.edu/cgi-bin/cul/resolve?clio10813843,
007308,1,0,printed ephemera,aat,,,,reformatted digital,Avery Classics Collection,"Avery Architectural & Fine Arts Library, Columbia University",NNC-A,marcorg,eng,inferred,1920,1979,between 1920-1979,New York real estate brochure collection,,,,,,New 1775 Broadway at 57th Street. Cover of brochure,New 1775 Broadway at 57th Street,nbs_000,Cover of brochure,,eng,Cross & Brown Company,naf,http://id.loc.gov/authorities/names/nr90017477,,,,,,,,,,,,,,Street: 1775 Broadway,New York,New York,United States,Apartment houses--New York (State)--New York,lcsh,http://id.loc.gov/authorities/subjects/sh2009115107,Buildings,lcsh,http://id.loc.gov/authorities/subjects/sh85017769,Architectural firms,lcsh,http://id.loc.gov/authorities/subjects/sh85006594,"Manhattan (New York, N.Y.)",naf,http://id.loc.gov/authorities/names/n80118393,original filename: ldpd_YR_1051_MH_001_001.jpg,still image,"Donated by Yale Robbins, Henry Robbins, & David Magier.",Avery’s Architectural Ephemera Collections,http://www.columbia.edu/cgi-bin/cul/resolve?clio10813843,https://exhibitions.cul.columbia.edu/exhibits/show/ephemera/brochures/nyre
007309,1,0,printed ephemera,aat,,,,reformatted digital,Avery Classics Collection,"Avery Architectural & Fine Arts Library, Columbia University",NNC-A,marcorg,eng,inferred,1920,1979,between 1920-1979,New York real estate brochure collection,,,,,,New 1775 Broadway at 57th Street. Page 4 of brochure,New 1775 Broadway at 57th Street,nbs_004,Page 4 of brochure,,eng,Cross & Brown Company,naf,http://id.loc.gov/authorities/names/nr90017477,,,,,,,,,,,,,,Street: 1775 Broadway,New York,New York,United States,Apartment houses--New York (State)--New York,lcsh,http://id.loc.gov/authorities/subjects/sh2009115107,Buildings,lcsh,http://id.loc.gov/authorities/subjects/sh85017769,Architectural firms,lcsh,http://id.loc.gov/authorities/subjects/sh85006594,"Manhattan (New York, N.Y.)",naf,http://id.loc.gov/authorities/names/n80118393,original filename: ldpd_YR_1051_MH_001_004.jpg,still image,"Donated by Yale Robbins, Henry Robbins, & David Magier.",Avery’s Architectural Ephemera Collections,http://www.columbia.edu/cgi-bin/cul/resolve?clio10813843,https://exhibitions.cul.columbia.edu/exhibits/show/ephemera/brochures/nyre
,,,printed ephemera,aat,,,YR.1051.MH.001,,Avery Classics Collection,"Avery Architectural & Fine Arts Library, Columbia University",NNC-A,marcorg,eng,inferred,1920,1979,between 1920-1979,New York real estate brochure collection,,,,,,New 1775 Broadway at 57th Street,New 1775 Broadway at 57th Street,nbs,,,eng,Cross & Brown Company,naf,http://id.loc.gov/authorities/names/nr90017477,,,,,,,,,,,,,,Street: 1775 Broadway,New York,New York,United States,Apartment houses--New York (State)--New York,lcsh,http://id.loc.gov/authorities/subjects/sh2009115107,Buildings,lcsh,http://id.loc.gov/authorities/subjects/sh85017769,Architectural firms,lcsh,http://id.loc.gov/authorities/subjects/sh85006594,"Manhattan (New York, N.Y.)",naf,http://id.loc.gov/authorities/names/n80118393,,,"Donated by Yale Robbins, Henry Robbins, & David Magier.",Avery’s Architectural Ephemera Collections,http://www.columbia.edu/cgi-bin/cul/resolve?clio10813843,
007285,1,0,postcards,aat,,,,reformatted digital,Avery Classics Collection,"Avery Architectural & Fine Arts Library, Columbia University",NNC-A,marcorg,eng,inferred,1890,1950,between 1890-1950,,,New York (N.Y.),http://id.loc.gov/authorities/names/n79007751,,,New York by night. Recto of souvenir booklet cover,New York by night,nyn_000,Recto of souvenir booklet cover,,eng,Manhattan Post Card Co.,naf,http://id.loc.gov/authorities/names/no2014045406,,,,"Manhattan Post Card Publishing Co., Inc.",,,,,,,,,,,,,,United States--Social life and customs--20th century,lcsh,http://id.loc.gov/authorities/subjects/sh85140537,United States--Social life and customs--19th century,lcsh,http://id.loc.gov/authorities/subjects/sh85140534,Cities and towns,lcsh,http://id.loc.gov/authorities/subjects/sh85026130,"Manhattan (New York, N.Y.)",naf,http://id.loc.gov/authorities/names/n80118393,original filename: 1202210012.jpg,still image,,Avery’s Architectural Ephemera Collections,http://www.columbia.edu/cgi-bin/cul/resolve?clio10813843,https://exhibitions.cul.columbia.edu/exhibits/show/ephemera/souvenir/postcard
007286,1,0,postcards,aat,,,,reformatted digital,Avery Classics Collection,"Avery Architectural & Fine Arts Library, Columbia University",NNC-A,marcorg,eng,inferred,1890,1950,between 1890-1950,,,New York (N.Y.),http://id.loc.gov/authorities/names/n79007751,,,New York by night. Souvenir booklet with accordian-style postcards pulled out,New York by night,nyn_001,Souvenir booklet with accordian-style postcards pulled out,,eng,Manhattan Post Card Co.,naf,http://id.loc.gov/authorities/names/no2014045406,,,,"Manhattan Post Card Publishing Co., Inc.",,,,,,,,,,,,,,United States--Social life and customs--20th century,lcsh,http://id.loc.gov/authorities/subjects/sh85140537,United States--Social life and customs--19th century,lcsh,http://id.loc.gov/authorities/subjects/sh85140534,Cities and towns,lcsh,http://id.loc.gov/authorities/subjects/sh85026130,"Manhattan (New York, N.Y.)",naf,http://id.loc.gov/authorities/names/n80118393,original filename: 1202210013.jpg,still image,,Avery’s Architectural Ephemera Collections,http://www.columbia.edu/cgi-bin/cul/resolve?clio10813843,https://exhibitions.cul.columbia.edu/exhibits/show/ephemera/souvenir/postcard
007287,1,0,postcards,aat,,,,reformatted digital,Avery Classics Collection,"Avery Architectural & Fine Arts Library, Columbia University",NNC-A,marcorg,eng,inferred,1890,1950,between 1890-1950,,,New York (N.Y.),http://id.loc.gov/authorities/names/n79007751,,,New York by night. Verso of souvenir booklet cover,New York by night,nyn_002,Verso of souvenir booklet cover,,eng,Manhattan Post Card Co.,naf,http://id.loc.gov/authorities/names/no2014045406,,,,"Manhattan Post Card Publishing Co., Inc.",,,,,,,,,,,,,,United States--Social life and customs--20th century,lcsh,http://id.loc.gov/authorities/subjects/sh85140537,United States--Social life and customs--19th century,lcsh,http://id.loc.gov/authorities/subjects/sh85140534,Cities and towns,lcsh,http://id.loc.gov/authorities/subjects/sh85026130,"Manhattan (New York, N.Y.)",naf,http://id.loc.gov/authorities/names/n80118393,original filename: 1202210014.jpg,still image,,Avery’s Architectural Ephemera Collections,http://www.columbia.edu/cgi-bin/cul/resolve?clio10813843,
,,,postcards,aat,,,AA707 C68,,Avery Classics Collection,"Avery Architectural & Fine Arts Library, Columbia University",NNC-A,marcorg,eng,inferred,1890,1950,between 1890-1950,,,New York (N.Y.),http://id.loc.gov/authorities/names/n79007751,,,New York by night,New York by night,nyn,,,eng,Manhattan Post Card Co.,naf,http://id.loc.gov/authorities/names/no2014045406,,,,"Manhattan Post Card Publishing Co., Inc.",,,,,,,,,,,,,,United States--Social life and customs--20th century,lcsh,http://id.loc.gov/authorities/subjects/sh85140537,United States--Social life and customs--19th century,lcsh,http://id.loc.gov/authorities/subjects/sh85140534,Cities and towns,lcsh,http://id.loc.gov/authorities/subjects/sh85026130,"Manhattan (New York, N.Y.)",naf,http://id.loc.gov/authorities/names/n80118393,,,,Avery’s Architectural Ephemera Collections,http://www.columbia.edu/cgi-bin/cul/resolve?clio10813843,
007282,1,0,books,aat,objects,aat,,reformatted digital,Avery Classics Collection,"Avery Architectural & Fine Arts Library, Columbia University",NNC-A,marcorg,eng,questionable,1959,,1959?,,Basel?,Basel (Switzerland),http://id.loc.gov/authorities/names/n79062979,,,Salubra. Cover,Salubra,sal_000,Cover,,eng,"Le Corbusier, 1887-1965",naf,http://id.loc.gov/authorities/names/n79021788,,,,Salubra,,,,,,,,,,,,,,Wallpaper,lcsh,http://id.loc.gov/authorities/subjects/sh85144953,,,,,,,,,,original filename: 1202210009.jpg,still image,,Avery’s Architectural Ephemera Collections,http://www.columbia.edu/cgi-bin/cul/resolve?clio10813843,https://exhibitions.cul.columbia.edu/exhibits/show/ephemera/catalogs/trade
007283,1,0,books,aat,objects,aat,,reformatted digital,Avery Classics Collection,"Avery Architectural & Fine Arts Library, Columbia University",NNC-A,marcorg,eng,questionable,1959,,1959?,,Basel?,Basel (Switzerland),http://id.loc.gov/authorities/names/n79062979,,,Salubra. Marbre II' wallpaper sample,Salubra,sal_001,Marbre II' wallpaper sample,,,"Le Corbusier, 1887-1965",naf,http://id.loc.gov/authorities/names/n79021788,,,,Salubra,,,,,,,,,,,,,,Wallpaper,lcsh,http://id.loc.gov/authorities/subjects/sh85144953,,,,,,,,,,original filename: 1202210010.jpg,still image,,Avery’s Architectural Ephemera Collections,http://www.columbia.edu/cgi-bin/cul/resolve?clio10813843,https://exhibitions.cul.columbia.edu/exhibits/show/ephemera/catalogs/trade
007284,1,0,books,aat,objects,aat,,reformatted digital,Avery Classics Collection,"Avery Architectural & Fine Arts Library, Columbia University",NNC-A,marcorg,eng,questionable,1959,,1959?,,Basel?,Basel (Switzerland),http://id.loc.gov/authorities/names/n79062979,,,Salubra. Wallpaper color samples,Salubra,sal_002,Wallpaper color samples,,eng,"Le Corbusier, 1887-1965",naf,http://id.loc.gov/authorities/names/n79021788,,,,Salubra,,,,,,,,,,,,,,Wallpaper,lcsh,http://id.loc.gov/authorities/subjects/sh85144953,,,,,,,,,,original filename: 1202210011.jpg,still image,,Avery’s Architectural Ephemera Collections,http://www.columbia.edu/cgi-bin/cul/resolve?clio10813843,
,,,books,aat,objects,aat,AA653 J3 S38,,Avery Classics Collection,"Avery Architectural & Fine Arts Library, Columbia University",NNC-A,marcorg,eng,questionable,1959,,1959?,,Basel?,Basel (Switzerland),http://id.loc.gov/authorities/names/n79062979,,,Salubra,Salubra,sal,,CLIO_9116980,eng,"Le Corbusier, 1887-1965",naf,http://id.loc.gov/authorities/names/n79021788,,,,Salubra,,,,,,,,,,,,,,Wallpaper,lcsh,http://id.loc.gov/authorities/subjects/sh85144953,,,,,,,,,,,,,Avery’s Architectural Ephemera Collections,http://www.columbia.edu/cgi-bin/cul/resolve?clio10813843,
007274,1,0,books,aat,,,,reformatted digital,Avery Classics Collection,"Avery Architectural & Fine Arts Library, Columbia University",NNC-A,marcorg,eng,,1870,,1870,,"Cincinnati, Ohio",Cincinnati (Ohio),http://id.loc.gov/authorities/names/n79053745,,,"Specimen book of Dunn & Witt : manufacturers of ornamental galvanized iron cornices, louvers, dormer-windows, finials, balustrading, window caps, vanes, etc., : also, tin, iron, and slate roofers. Cover","Specimen book of Dunn & Witt : manufacturers of ornamental galvanized iron cornices, louvers, dormer-windows, finials, balustrading, window caps, vanes, etc., : also, tin, iron, and slate roofers",sbd_000,Cover,,eng,Dunn & Witt,,,,,,Dunn & Witt,,,,,,,,,,,,,,Architectural metal-work--Catalogs,lcsh,http://id.loc.gov/authorities/subjects/sh2009115369,"Decoration and ornament, Architectural",lcsh,http://id.loc.gov/authorities/subjects/sh85036275,Metal-work,lcsh,http://id.loc.gov/authorities/subjects/sh85084093,,,,original filename: 1202210001.jpg,still image,,Avery’s Architectural Ephemera Collections,http://www.columbia.edu/cgi-bin/cul/resolve?clio10813843,https://exhibitions.cul.columbia.edu/exhibits/show/ephemera/catalogs/trade
007275,1,0,books,aat,,,,reformatted digital,Avery Classics Collection,"Avery Architectural & Fine Arts Library, Columbia University",NNC-A,marcorg,eng,,1870,,1870,,"Cincinnati, Ohio",Cincinnati (Ohio),http://id.loc.gov/authorities/names/n79053745,,,"Specimen book of Dunn & Witt : manufacturers of ornamental galvanized iron cornices, louvers, dormer-windows, finials, balustrading, window caps, vanes, etc., : also, tin, iron, and slate roofers. Page spread of various galvanized iron cornices","Specimen book of Dunn & Witt : manufacturers of ornamental galvanized iron cornices, louvers, dormer-windows, finials, balustrading, window caps, vanes, etc., : also, tin, iron, and slate roofers",sbd_001,Page spread of various galvanized iron cornices,,eng,Dunn & Witt,,,,,,Dunn & Witt,,,,,,,,,,,,,,Architectural metal-work--Catalogs,lcsh,http://id.loc.gov/authorities/subjects/sh2009115369,"Decoration and ornament, Architectural",lcsh,http://id.loc.gov/authorities/subjects/sh85036275,Metal-work,lcsh,http://id.loc.gov/authorities/subjects/sh85084093,,,,original filename: 1202210002.jpg,still image,,Avery’s Architectural Ephemera Collections,http://www.columbia.edu/cgi-bin/cul/resolve?clio10813843,
007276,1,0,books,aat,,,,reformatted digital,Avery Classics Collection,"Avery Architectural & Fine Arts Library, Columbia University",NNC-A,marcorg,eng,,1870,,1870,,"Cincinnati, Ohio",Cincinnati (Ohio),http://id.loc.gov/authorities/names/n79053745,,,"Specimen book of Dunn & Witt : manufacturers of ornamental galvanized iron cornices, louvers, dormer-windows, finials, balustrading, window caps, vanes, etc., : also, tin, iron, and slate roofers. Page spread of various vane samples","Specimen book of Dunn & Witt : manufacturers of ornamental galvanized iron cornices, louvers, dormer-windows, finials, balustrading, window caps, vanes, etc., : also, tin, iron, and slate roofers",sbd_002,Page spread of various vane samples,,eng,Dunn & Witt,,,,,,Dunn & Witt,,,,,,,,,,,,,,Architectural metal-work--Catalogs,lcsh,http://id.loc.gov/authorities/subjects/sh2009115369,"Decoration and ornament, Architectural",lcsh,http://id.loc.gov/authorities/subjects/sh85036275,Metal-work,lcsh,http://id.loc.gov/authorities/subjects/sh85084093,,,,original filename: 1202210003.jpg,still image,,Avery’s Architectural Ephemera Collections,http://www.columbia.edu/cgi-bin/cul/resolve?clio10813843,https://exhibitions.cul.columbia.edu/exhibits/show/ephemera/catalogs/trade
,,,books,aat,,,AT4700 D92 1870,,Avery Classics Collection,"Avery Architectural & Fine Arts Library, Columbia University",NNC-A,marcorg,eng,,1870,,1870,,"Cincinnati, Ohio",Cincinnati (Ohio),http://id.loc.gov/authorities/names/n79053745,,,"Specimen book of Dunn & Witt : manufacturers of ornamental galvanized iron cornices, louvers, dormer-windows, finials, balustrading, window caps, vanes, etc., : also, tin, iron, and slate roofers","Specimen book of Dunn & Witt : manufacturers of ornamental galvanized iron cornices, louvers, dormer-windows, finials, balustrading, window caps, vanes, etc., : also, tin, iron, and slate roofers",sbd,,CLIO_223013,eng,Dunn & Witt,,,,,,Dunn & Witt,,,,,,,,,,,,,,Architectural metal-work--Catalogs,lcsh,http://id.loc.gov/authorities/subjects/sh2009115369,"Decoration and ornament, Architectural",lcsh,http://id.loc.gov/authorities/subjects/sh85036275,Metal-work,lcsh,http://id.loc.gov/authorities/subjects/sh85084093,,,,,,,Avery’s Architectural Ephemera Collections,http://www.columbia.edu/cgi-bin/cul/resolve?clio10813843,
007280,1,0,books,aat,objects,aat,,reformatted digital,Avery Classics Collection,"Avery Architectural & Fine Arts Library, Columbia University",NNC-A,marcorg,eng,,1924,,1924,,"New York, N.Y.",New York (N.Y.),http://id.loc.gov/authorities/names/n79007751,,,"Standard Kleartone oil stain, acid stain and paste wood filler samples. Cover","Standard Kleartone oil stain, acid stain and paste wood filler samples",sko_000,Cover,,eng,Standard Varnish Works,naf,http://id.loc.gov/authorities/names/nr92011762,,,,Works,,,,,,,,,,,,,,Stains and staining--Specimens,lcsh,,Stains and staining,lcsh,http://id.loc.gov/authorities/subjects/sh85127262,,,,,,,original filename: 1202210007.jpg,still image,,Avery’s Architectural Ephemera Collections,http://www.columbia.edu/cgi-bin/cul/resolve?clio10813843,https://exhibitions.cul.columbia.edu/exhibits/show/ephemera/catalogs/trade
007281,1,0,books,aat,objects,aat,,reformatted digital,Avery Classics Collection,"Avery Architectural & Fine Arts Library, Columbia University",NNC-A,marcorg,eng,,1924,,1924,,"New York, N.Y.",New York (N.Y.),http://id.loc.gov/authorities/names/n79007751,,,"Standard Kleartone oil stain, acid stain and paste wood filler samples. Samples of various stains","Standard Kleartone oil stain, acid stain and paste wood filler samples",sko_001,Samples of various stains,,eng,Standard Varnish Works,naf,http://id.loc.gov/authorities/names/nr92011762,,,,Works,,,,,,,,,,,,,,Stains and staining--Specimens,lcsh,,Stains and staining,lcsh,http://id.loc.gov/authorities/subjects/sh85127262,,,,,,,original filename: 1202210008.jpg,still image,,Avery’s Architectural Ephemera Collections,http://www.columbia.edu/cgi-bin/cul/resolve?clio10813843,https://exhibitions.cul.columbia.edu/exhibits/show/ephemera/catalogs/trade
,,,books,aat,objects,aat,AT7425 St24 1924,,Avery Classics Collection,"Avery Architectural & Fine Arts Library, Columbia University",NNC-A,marcorg,eng,,1924,,1924,,"New York, N.Y.",New York (N.Y.),http://id.loc.gov/authorities/names/n79007751,,,"Standard Kleartone oil stain, acid stain and paste wood filler samples","Standard Kleartone oil stain, acid stain and paste wood filler samples",sko,,CLIO_901391,eng,Standard Varnish Works,naf,http://id.loc.gov/authorities/names/nr92011762,,,,Works,,,,,,,,,,,,,,Stains and staining--Specimens,lcsh,,Stains and staining,lcsh,http://id.loc.gov/authorities/subjects/sh85127262,,,,,,,,,,Avery’s Architectural Ephemera Collections,http://www.columbia.edu/cgi-bin/cul/resolve?clio10813843,
007310,1,0,printed ephemera,aat,,,,reformatted digital,Avery Classics Collection,"Avery Architectural & Fine Arts Library, Columbia University",NNC-A,marcorg,eng,inferred,1920,1979,between 1920-1979,New York real estate brochure collection,,,,,,"Sutton, 1170 Ocean Parkway, Brooklyn, New York. Cover of brochure","Sutton, 1170 Ocean Parkway, Brooklyn, New York",sop_000,Cover of brochure,,eng,,,,,,,,Schuman and Lichtenstein,,,"Charles H. Greenthal and Co., Inc.",,Barnaby-Sutton Realty Co.,,,,Street: 1170 Ocean Parkway,Brooklyn,New York,United States,Apartment houses--New York (State)--New York,lcsh,http://id.loc.gov/authorities/subjects/sh2009115107,Buildings,lcsh,http://id.loc.gov/authorities/subjects/sh85017769,Architectural firms,lcsh,http://id.loc.gov/authorities/subjects/sh85006594,"Brooklyn (New York, N.Y.)",naf,http://id.loc.gov/authorities/names/n80040311,original filename: ldpd_YR_0688_BR_001_001.jpg,still image,"Donated by Yale Robbins, Henry Robbins, & David Magier.",Avery’s Architectural Ephemera Collections,http://www.columbia.edu/cgi-bin/cul/resolve?clio10813843,https://exhibitions.cul.columbia.edu/exhibits/show/ephemera/brochures/nyre
007311,1,0,printed ephemera,aat,,,,reformatted digital,Avery Classics Collection,"Avery Architectural & Fine Arts Library, Columbia University",NNC-A,marcorg,eng,inferred,1920,1979,between 1920-1979,New York real estate brochure collection,,,,,,"Sutton, 1170 Ocean Parkway, Brooklyn, New York. Page 3 of brochure.","Sutton, 1170 Ocean Parkway, Brooklyn, New York",sop_003,Page 3 of brochure.,,eng,,,,,,,,Schuman and Lichtenstein,,,"Charles H. Greenthal and Co., Inc.",,Barnaby-Sutton Realty Co.,,,,Street: 1170 Ocean Parkway,Brooklyn,New York,United States,Apartment houses--New York (State)--New York,lcsh,http://id.loc.gov/authorities/subjects/sh2009115107,Buildings,lcsh,http://id.loc.gov/authorities/subjects/sh85017769,Architectural firms,lcsh,http://id.loc.gov/authorities/subjects/sh85006594,"Brooklyn (New York, N.Y.)",naf,http://id.loc.gov/authorities/names/n80040311,original filename: ldpd_YR_0688_BR_001_003.jpg,still image,"Donated by Yale Robbins, Henry Robbins, & David Magier.",Avery’s Architectural Ephemera Collections,http://www.columbia.edu/cgi-bin/cul/resolve?clio10813843,https://exhibitions.cul.columbia.edu/exhibits/show/ephemera/brochures/nyre
,,,printed ephemera,aat,,,YR.0688.BR.001,,Avery Classics Collection,"Avery Architectural & Fine Arts Library, Columbia University",NNC-A,marcorg,eng,inferred,1920,1979,between 1920-1979,New York real estate brochure collection,,,,,,"Sutton, 1170 Ocean Parkway, Brooklyn, New York","Sutton, 1170 Ocean Parkway, Brooklyn, New York",sop,,,eng,,,,,,,,Schuman and Lichtenstein,,,"Charles H. Greenthal and Co., Inc.",,Barnaby-Sutton Realty Co.,,,,Street: 1170 Ocean Parkway,Brooklyn,New York,United States,Apartment houses--New York (State)--New York,lcsh,http://id.loc.gov/authorities/subjects/sh2009115107,Buildings,lcsh,http://id.loc.gov/authorities/subjects/sh85017769,Architectural firms,lcsh,http://id.loc.gov/authorities/subjects/sh85006594,"Brooklyn (New York, N.Y.)",naf,http://id.loc.gov/authorities/names/n80040311,,,"Donated by Yale Robbins, Henry Robbins, & David Magier.",Avery’s Architectural Ephemera Collections,http://www.columbia.edu/cgi-bin/cul/resolve?clio10813843,
