relatedItem_collection,relatedItem_collection 2,name,nameType,nameRelator,name_authority,name_authority_identifier,keyDate_start,keyDate_end,dateQualifier,dateCreated,dateCreated 2,abstract,item - public,item - featured,identifier_clio,identifier_omeka,typeOfResource 1,typeOfResource 2,typeOfResource 3,language,location_url_ObjectInContext,physicalLocation,physicalLocation_authority,physicalLocation 2,shelfLocator,shelfLocator 2,sublocation,note_filename,note_filename 2,digitalOrigin,extent,form,form_authority,form_authority_identifier,form_originalFormat,place,place_authority,place_authority_identifier,relatedItem_Project,projectURL,note_ownership,publisher,languageOfCataloging,Source 1,Source 2,Coverage,accessCondition,accessCondition 2,subject_topic,subject_topic_authority,subject_topic_authority_identifier,subject_name,subject_name_authority,subject_name_authority_identifier,subject_title,subject_title_authority,subject_title_authority_identifier,subject_geographic,subject_geographic_authority,subject_geographic_authority_identifier,subject_geographic_hierarchical_street,subject_geographic_hierarchical_borough,subject_geographic_hierarchical_city,subject_geographic_hierarchical_state,subject_geographic_hierarchical_province,subject_geographic_hierarchical_country,subject_temporal,title_nonsort,title1,partName,identifier_title,title2_nonsort,title2,title2_type
,World Papers,"W. Kurtz, New York",,,,,1889,,ex,1889,1889,,1,0,,6681,,,,eng,https://exhibitions.cul.columbia.edu/exhibits/show/pulitzer/pulitzer-family/family,nnc-rb,,"World Papers, Box 10",,,,Pulitzer Youngest Children 006.jpg,,rd,,Photograph,,,Photograph,"New York, New York",,,Joseph Pulitzer and The World,,"Gift of Joseph Pulitzer, Jr.",,eng,,,,,,,,,,,,,,,,,,,,,,,,,,"Photograph of Edith Louise and Joseph Pulitzer, Jr.",,,,,
,,"Seitz, Don C.",,,,,,,ex,1924,1924,,1,0,,6601,Still Image,,,eng,https://exhibitions.cul.columbia.edu/exhibits/show/pulitzer/pulitzer-biographies/pulitzer-biographies,nnc-rb,,,,,,Seitz Biography.jpg,,rd,,,,,,New York,,,Joseph Pulitzer and The World,,,New York: Simon & Schuster,eng,,,,,,,,,,,,,,,,,,,,,,,,,,Joseph Pulitzer His Life & Letters,,,,,
,Pulitzer,"Barrett, James W.",,,,,,,ex,1931,1931,,1,0,,6600,Still Image,,,eng,https://exhibitions.cul.columbia.edu/exhibits/show/pulitzer/the-end-of-the-world/end-and-demolition,nnc-rb,,,,Box 60,World Papers,End_of_the_World1.jpg,,rd,,,,,,New York,,,Joseph Pulitzer and The World,,,New York: Harper & Brothers,eng,,,,,,,,,,,,,,,,,,,,,,,,,,The End of The World,,,,,
,,,,,,,,,ex,1873,1873,Photograph of Joseph and Albert Pulitzer,1,0,,6499,Still Image,,,eng,https://exhibitions.cul.columbia.edu/exhibits/show/pulitzer/pulitzer-family/family,pvt-coll,,,,,,joseph & albert1.jpg,,rd,Photograph of Joseph and Albert Pulitzer,,,,,New York,,,Joseph Pulitzer and The World,,,,eng,St. Louis Post-Dispatch,,,St. Louis Post-Dispatch,St. Louis Post-Dispatch,,,,,,,,,,,,,,,,,,,,,Joseph and Albert Pulitzer,,,,,
,,"Morris, James McGrath",,,,,,,ex,,,,1,0,,6498,Still Image,,,eng,https://exhibitions.cul.columbia.edu/exhibits/show/pulitzer/pulitzer-biographies/pulitzer-biographies,nnc-rb,,,,,,Pulitzer Morris DJ.jpg,,rd,,,,,,New York,,,Joseph Pulitzer and The World,,,,eng,,,,,,,,,,,,,,,,,,,,,,,,,,"Pulitzer, A Life in Politics, Print, and Power",,,,,
,,"Sargent, John Singer",,,,,,,ex,"June, 1905","June, 1905",,1,0,,6497,Still Image,Original Format: Oil painting,,eng,https://exhibitions.cul.columbia.edu/exhibits/show/pulitzer/pulitzer-family/family-portraits,pvt-coll,,,,,,Sargent Portrait.jpg,,rd,Portrait of Joseph Pulitzer,,,,Still Image,,,,Joseph Pulitzer and The World,,"Photography: Jean Paul Torno
Private Collection",Photography: Jean Paul Torno,eng,"Private, permission granted for use ONLY in this Pulitzer Omeka exhibition. Contact Jenny Lee for more information.",,,Private,Private Collection,,,,,,,,,,,,,,,,,,,,,Portrait of Joseph Pulitzer,,,,,
,,,,,,,,,ex,1955,,"Photograph of World Building interior showing stained glass window ""Liberty Lighting the World""",1,0,,6496,Still Image,,,eng,https://exhibitions.cul.columbia.edu/exhibits/show/pulitzer/the-end-of-the-world/end-and-demolition,pvt-coll,,,,,,World bldg inside1.jpg,,rd,"Photograph of World Building interior showing stained glass window ""Liberty Lighting the World""",,,,,,,,Joseph Pulitzer and The World,,,,eng,,,,,,,,,,,,,,,,,,,,,,,,,,World Building interior,,,,,
,,,,,,,,,ex,1912,1912,"Photograph of the Dedication of the Columbia School of Journalism, Nicholas Murray Butler and bust of Joseph Pulitzer by August Rodin",1,0,,6495,Still Image,,,eng,https://exhibitions.cul.columbia.edu/exhibits/show/pulitzer/philanthropy/school-of-journalism,nnc-ua,,University Archives,,,,Rodin Bust and officials1.jpg,,rd,"Photograph of the Dedication of the Columbia School of Journalism, Nicholas Murray Butler and bust of Joseph Pulitzer by August Rodin",,,,Still Image,,,,Joseph Pulitzer and The World,,,,eng,University Archives,,,,,,,,,,,,,,,,,,,,,,,,,Dedication of the Columbia School of Journalism,,,,,
,,,,,,,,,ex,1955,1955,"Photograph of the Opening of the Cornerstone Box, World Building",1,0,,6494,Still Image,,,eng,https://exhibitions.cul.columbia.edu/exhibits/show/pulitzer/the-end-of-the-world/end-and-demolition,pvt-coll,,"Library of Congress, New York World-Telegram & Sun Collection",,,,Cornerstone box opening2.jpg,,rd,"Photograph of the Opening of the Cornerstone Box, World Building",,,,Still Image,,,,Joseph Pulitzer and The World,,"Library of Congress, New York World-Telegram & Sun Collection",,eng,,,,"Library of Congress, New York World-Telegram & Sun Collection","Library of Congress, New York World-Telegram & Sun Collection",,,,,,,,,,,,,,,,,,,,,Opening of the Cornerstone Box,,,,,
,,"Heinigke & Bowen, New York",,,,,,,ex,1889,,"Stained glass window created for World Building, ""Liberty Lighting the World""",1,0,,6493,Still Image,,,eng,https://exhibitions.cul.columbia.edu/exhibits/show/pulitzer/the-world-building/world-building-window,pvt-coll,,"World Room, Journalism School",,,,World Room stained glass window3.jpg,,rd,,,,,Still image,,,,Joseph Pulitzer and The World,,Eileen Barroso,,eng,Eileen Barroso,,,Eileen Barroso,Eileen Barroso,,,,,,,,,,,,,,,,,,,,,World Room Window Journalism,,,,,
,,,,,,,,,,"January, 1910",,,1,0,,3015,Still Image,Original Format: Printed pamphlet,,,https://exhibitions.cul.columbia.edu/exhibits/show/pulitzer/politics/panama-canal-libel-case,,,,Box 12,,,http://www.columbia.edu/cgi-bin/cul/dev/dlo2?obj=pulitzer_100018090,,,,,,,,,,,Joseph Pulitzer and The World,,Gift of Mrs. Ann Satterthwaite,,,Speer Papers,"Columbia University, Rare Book & Manuscript Library",New York,,,,,,,,,,,,,,,,,,,,,1910-01,,"Circuit Court of the United States, Southern District of New York, United States of America v. Press Publishing Company, Indictment for Publishing a Libel",,,,,
,,,,,,,,,,"January, 1910",,,1,0,,3014,Still Image,Original Format: Drawing,,,https://exhibitions.cul.columbia.edu/exhibits/show/pulitzer/politics/panama-canal-libel-case,,,,,,,http://www.columbia.edu/cgi-bin/cul/dev/dlo2?obj=pulitzer_100018089,,,,,,,,,,,Joseph Pulitzer and The World,,Gift of Mrs. Ann Satterthwaite,,,Speer Papers,"Columbia University, Rare Book & Manuscript Library",New York,,,,,,,,,,,,,,,,,,,,,1910-01,,"Pen and ink drawing, inscribed to Speer",,,,,
,,,,,,,,,,"1911, November 2",,,1,0,,3013,Still Image,"Original Format: Typed letter, signed",,,,,,,Box 56,,,http://www.columbia.edu/cgi-bin/cul/dev/dlo2?obj=pulitzer_100018088,,,,,,,,,,,Joseph Pulitzer and The World,,"Gift of Joseph Pulitzer, Jr.",,,Pulitzer Papers,"Columbia University, Rare Book & Manuscript Library",New York,,,,,,,,,,,,,,,,,,,,,1911-11-02,,"Typescript, carbon, letter to Editors, New York World",,,,,
,,,,,,,,,,"1911, November 2",,,1,0,,3012,Still Image,"Original Format: Typed letter, signed",,,https://exhibitions.cul.columbia.edu/exhibits/show/pulitzer/the-end-of-the-world/death-of-joseph-pulitzer,,,,Box 56,,,http://www.columbia.edu/cgi-bin/cul/dev/dlo2?obj=pulitzer_100018087,,,,,,,,,,,Joseph Pulitzer and The World,,"Gift of Joseph Pulitzer, Jr.",,,Pulitzer Papers,"Columbia University, Rare Book & Manuscript Library",New York,,,,,,,,,,,,,,,,,,,,,1911-11-02,,"Typed letter, signed, to Mr. Thwaites, enclosing letter to Editors",,,,,
,,,,,,,,,,"November 6, 1886",,,1,0,,3011,Still Image,Original Format: Magazine Tearsheet,,,https://exhibitions.cul.columbia.edu/exhibits/show/pulitzer/the-statue-of-liberty/statue-of-liberty,,,,,,,http://www.columbia.edu/cgi-bin/cul/dev/dlo2?obj=pulitzer_100018086,,,,,,,,,,,Joseph Pulitzer and The World,,,,,"Columbia University, Rare Book & Manuscript Library",,New York,,,,,,,,,,,,,,,,,,,,,1886-11-06,,Harpers Weekly illustration Dedication of Statue of Liberty,,,,,
,,,,,,,,,,[1887],,,1,0,,3010,Still Image,"Original Format: Autograph letter, signed",,,https://exhibitions.cul.columbia.edu/exhibits/show/pulitzer/the-statue-of-liberty/statue-of-liberty,,,,Box 9,,,http://www.columbia.edu/cgi-bin/cul/dev/dlo2?obj=pulitzer_100018085b,,,,,,,,,,,Joseph Pulitzer and The World,,"Gift of Joseph Pulitzer, Jr.",,,World Papers,"Columbia University, Rare Book & Manuscript Library",[Paris],,,,,,,,,,,,,,,,,,,,,1887,,"Autograph letter, signed by A. Rubin, page 2",,,,,
,,,,,,,,,ex,[1887],,,1,0,,3009,Still Image,"Original Format: Autograph letter, signed",,eng,,nnc-rb,,,Box 9,,,http://www.columbia.edu/cgi-bin/cul/dev/dlo2?obj=pulitzer_100018085a,pulitzer_page2.jpg,rd,,,,,,,,,Joseph Pulitzer and The World,,"Gift of Joseph Pulitzer, Jr.",,eng,World Papers,"Columbia University, Rare Book & Manuscript Library",[Paris],,,,,,,,,,,,,,,,,,,,,1887,,"Autograph letter, signed by A. Rubin, pages 1 and 2",,,,,
,,,,,,,,,,,,,1,0,,3008,Still Image,,,,https://exhibitions.cul.columbia.edu/exhibits/show/pulitzer/the-world/working-at-the-world,,,,,,,http://www.columbia.edu/cgi-bin/cul/dev/dlo2?obj=pulitzer_100018084,,,,,,,,,,,Joseph Pulitzer and The World,,,,,"Columbia University, Rare Book & Manuscript Library",,,,,,,,,,,,,,,,,,,,,,,,,The most marvellous mechanical production of the age,,,,,
,,"Burton, Pomeroy ",,,,,,,,"July 13, 1899",,,1,0,,3007,Still Image,Original Format: Typed Memo,,,https://exhibitions.cul.columbia.edu/exhibits/show/pulitzer/the-world/the-pulitzer-prize,,,,Box 12,,,http://www.columbia.edu/cgi-bin/cul/dev/dlo2?obj=pulitzer_100018083,,,,,,,,,,,Joseph Pulitzer and The World,,"Gift of Joseph Pulitzer, Jr.",,,World Papers,"Columbia University, Rare Book & Manuscript Library",New York,,,,,,,,,,,,,,,,,,,,,1899-07-13 ,,Members of the Staff will please note,,,,,
,,Steam Yacht Liberty,,,,,,,,March 1908 ,,,1,0,,3006,Still Image,Original Format: Ledger,,,https://exhibitions.cul.columbia.edu/exhibits/show/pulitzer/pulitzer-family/homes,,,,Box 49,,,http://www.columbia.edu/cgi-bin/cul/dev/dlo2?obj=pulitzer_100018082a,,,,,,,,,,,Joseph Pulitzer and The World,,"Gift of Joseph Pulitzer, Jr.",,,Pulitzer Papers,"Columbia University, Rare Book & Manuscript Library",Leith and various places,,,,,,,,,,,,,,,,,,,,,1908-03 1909-02,,Saloon Food Account book,,,,,
,,Steam Yacht Liberty,,,,,,,,March 1908 ,,,1,0,,3005,Still Image,Original Format: Ledger,,,https://exhibitions.cul.columbia.edu/exhibits/show/pulitzer/pulitzer-family/homes,,,,Box 49,,,http://www.columbia.edu/cgi-bin/cul/dev/dlo2?obj=pulitzer_100018082,,,,,,,,,,,Joseph Pulitzer and The World,,"Gift of Joseph Pulitzer, Jr.",,,Pulitzer Papers,"Columbia University, Rare Book & Manuscript Library",Leith and various places,,,,,,,,,,,,,,,,,,,,,1908-03 1909-02,,"Saloon Food Account book, front cover",,,,,
,,Harpers Weekly Magazine,,,,,,,,"December 28, 1901",,,1,0,,3004,Still Image,Original Format: Magazine Tearsheet,,,https://exhibitions.cul.columbia.edu/exhibits/show/pulitzer/pulitzer-family/pulitzer-family,,,,,,,http://www.columbia.edu/cgi-bin/cul/dev/dlo2?obj=pulitzer_100018081,,,,,,,,,,,Joseph Pulitzer and The World,,,,,"Columbia University, Rare Book & Manuscript Library",,New York,,,,,,,,,,,,,,,,,,,,,1901-12-28 ,,"Harpers Weekly cartoon ""American Editors II Joseph Pulitzer""",,,,,
,,"Pulitzer, Ralph ",,,,,,,,1912,,,1,0,,3003,Still Image,Original Format: Printed pamphlet,,,https://exhibitions.cul.columbia.edu/exhibits/show/pulitzer/philanthropy/school-of-journalism,,,,Box 57,,,http://www.columbia.edu/cgi-bin/cul/dev/dlo2?obj=pulitzer_100018080,,,,,,,,,,,Joseph Pulitzer and The World,,"Gift of Joseph Pulitzer, Jr.",,,Pulitzer Papers,"Columbia University, Rare Book & Manuscript Library",New York ,,,,,,,,,,,,,,,,,,,,,1912,,"The Profession of Journalism, Accuracy in the News, An Address Before the Pulitzer School of Journalism, Columbia University, New York, Delivered at Earl Hall, December 16, 1912",,,,,
,,"Butler, Nicholas Murray, 1862-1947",,,,,,,,"May 27, 1907",,,1,0,,3002,Still Image,"Original Format: Typed letter, signed",,,,,,,,Box 1,,http://www.columbia.edu/cgi-bin/cul/dev/dlo2?obj=pulitzer_100018079a,,,,,,,,,,,Joseph Pulitzer and The World,,"Gift of Joseph Pulitzer, Jr.",,,Pulitzer Papers,"Columbia University, Rare Book & Manuscript Library",New York,,,,,,,,,,,,,,,,,,,,,1907-05-27,,"Typed letter, signed, to Joseph Pulitzer",,,,,
,,"Butler, Nicholas Murray, 1862-1947",,,,,,,,"May 27, 1907",,,1,0,,3001,Still Image,"Original Format: Typed letter, signed",,,https://exhibitions.cul.columbia.edu/exhibits/show/pulitzer/philanthropy/school-of-journalism,,,,,Box 1,,http://www.columbia.edu/cgi-bin/cul/dev/dlo2?obj=pulitzer_100018079,,,,,,,,,,,Joseph Pulitzer and The World,,"Gift of Joseph Pulitzer, Jr.",,,Pulitzer Papers,"Columbia University, Rare Book & Manuscript Library",New York,,,,,,,,,,,,,,,,,,,,,1907-05-27,,"Typed letter, signed, to Joseph Pulitzer",,,,,
,,"Davis, Varina Howell ",,,,,,,,"ca. November, 1903",,,1,0,,3000,Still Image,Original Format: Typed text of article ,,,,,,,Box 2,,,http://www.columbia.edu/cgi-bin/cul/dev/dlo2?obj=pulitzer_100018078a,,,,,,,,,,,Joseph Pulitzer and The World,,"Gift of Joseph Pulitzer, Jr.",,,Pulitzer Papers,"Columbia University, Rare Book & Manuscript Library",No place,,,,,,,,,,,,,,,,,,,,,,,Typed text of article on St. Louis Exposition,,,,,
,,"Davis, Varina Howell ",,,,,,,,"ca. November, 1903",,,1,0,,2999,Still Image,Original Format: Typed text of article ,,,https://exhibitions.cul.columbia.edu/exhibits/show/pulitzer/philanthropy/school-of-journalism,,,,Box 2,,,http://www.columbia.edu/cgi-bin/cul/dev/dlo2?obj=pulitzer_100018078,,,,,,,,,,,Joseph Pulitzer and The World,,"Gift of Joseph Pulitzer, Jr.",,,Pulitzer Papers,"Columbia University, Rare Book & Manuscript Library",No place,,,,,,,,,,,,,,,,,,,,,,,Typed text of article on St. Louis Exposition,,,,,
,,"Pulitzer, Joseph ",,,,,,,,"[August, 1903]",,,1,0,,2998,Still Image,Original Format: Draft agreement ,,,https://exhibitions.cul.columbia.edu/exhibits/show/pulitzer/philanthropy/school-of-journalism,,,,Box 25,,,http://www.columbia.edu/cgi-bin/cul/dev/dlo2?obj=pulitzer_100018077a,,,,,,,,,,,Joseph Pulitzer and The World,,"Gift of Joseph Pulitzer, Jr.",,,Pulitzer Papers,"Columbia University, Rare Book & Manuscript Library",No place,,,,,,,,,,,,,,,,,,,,,1903-08 ,,Draft agreement with Columbia University to endow the School of Journalism,,,,,
,,"Pulitzer, Joseph ",,,,,,,,"[August, 1903]",,,1,0,,2997,Still Image,Original Format: Draft agreement ,,,,,,,Box 25,,,http://www.columbia.edu/cgi-bin/cul/dev/dlo2?obj=pulitzer_100018077,,,,,,,,,,,Joseph Pulitzer and The World,,"Gift of Joseph Pulitzer, Jr.",,,Pulitzer Papers,"Columbia University, Rare Book & Manuscript Library",No place,,,,,,,,,,,,,,,,,,,,,1903-08 ,,Draft agreement with Columbia University to endow the School of Journalism,,,,,
,,"Damrosch, Walter ",,,,,,,,13-Nov-05,,,1,0,,2996,Still Image,"Original Format: Typed letter, signed",,,https://exhibitions.cul.columbia.edu/exhibits/show/pulitzer/philanthropy/philanthropy,,,,Box 1,,,http://www.columbia.edu/cgi-bin/cul/dev/dlo2?obj=pulitzer_100018076,,,,,,,,,,,Joseph Pulitzer and The World,,"Gift of Joseph Pulitzer, Jr.",,,Pulitzer Papers,"Columbia University, Rare Book & Manuscript Library",New York,,,,,,,,,,,,,,,,,,,,,682,,"Typed letter, signed, to Joseph Pulitzer",,,,,
,,"De Forest, Robert Weeks ",,,,,,,,15-Jan-06,,,1,0,,2995,Still Image,"Original Format: Typed letter, signed",,,,,,,Box 2,,,http://www.columbia.edu/cgi-bin/cul/dev/dlo2?obj=pulitzer_100018075a,,,,,,,,,,,Joseph Pulitzer and The World,,"Gift of Joseph Pulitzer, Jr.",,,Pulitzer Papers,"Columbia University, Rare Book & Manuscript Library",New York,,,,,,,,,,,,,,,,,,,,,745,,"Typed letter, signed, to Alfred Butes",,,,,
,,"De Forest, Robert Weeks ",,,,,,,,15-Jan-06,,,1,0,,2994,Still Image,"Original Format: Typed letter, signed",,,https://exhibitions.cul.columbia.edu/exhibits/show/pulitzer/philanthropy/philanthropy,,,,Box 2,,,http://www.columbia.edu/cgi-bin/cul/dev/dlo2?obj=pulitzer_100018075,,,,,,,,,,,Joseph Pulitzer and The World,,"Gift of Joseph Pulitzer, Jr.",,,Pulitzer Papers,"Columbia University, Rare Book & Manuscript Library",New York,,,,,,,,,,,,,,,,,,,,,745,,"Typed letter, signed, to Alfred Butes",,,,,
,,"Pulitzer, Joseph ",,,,,,,,10-Oct-06,,,1,0,,2993,Still Image,Original Format: Typed memorial ,,,https://exhibitions.cul.columbia.edu/exhibits/show/pulitzer/the-world/the-st--louis-post-dispatch,,,,Box 40,,,http://www.columbia.edu/cgi-bin/cul/dev/dlo2?obj=pulitzer_100018074a,,,,,,,,,,,Joseph Pulitzer and The World,,"Gift of Joseph Pulitzer, Jr.",,,Pulitzer Papers,"Columbia University, Rare Book & Manuscript Library",No place,,,,,,,,,,,,,,,,,,,,,1013,,Typed memorial to Carl Schurz,,,,,
,,"Pulitzer, Joseph ",,,,,,,,10-Oct-06,,,1,0,,2992,Still Image,Original Format: Typed memorial ,,,https://exhibitions.cul.columbia.edu/exhibits/show/pulitzer/the-world/the-st--louis-post-dispatch,,,,Box 40,,,http://www.columbia.edu/cgi-bin/cul/dev/dlo2?obj=pulitzer_100018074,,,,,,,,,,,Joseph Pulitzer and The World,,"Gift of Joseph Pulitzer, Jr.",,,Pulitzer Papers,"Columbia University, Rare Book & Manuscript Library",No place,,,,,,,,,,,,,,,,,,,,,1013,,Typed memorial to Carl Schurz,,,,,
,,"Plimpton, George A. (George Arthur), 1855-1936",,,,,,,,13-Jan-03,,,1,0,,2991,Still Image,"Original Format: Typed letter, signed",,,https://exhibitions.cul.columbia.edu/exhibits/show/pulitzer/philanthropy/philanthropy,,,,,Box 3,,http://www.columbia.edu/cgi-bin/cul/dev/dlo2?obj=pulitzer_100018073,,,,,,,,,,,Joseph Pulitzer and The World,,"Gift of Joseph Pulitzer, Jr.",,,Pulitzer Papers,"Columbia University, Rare Book & Manuscript Library",New York,,,,,,,,,,,,,,,,,,,,,1903-01-13 ,,"Typed letter, signed, to Joseph Pulitzer",,,,,
,,"Washington, Booker T. ",,,,,,,,23-Aug-02,,,1,0,,2990,Still Image,"Original Format: Typed letter, signed",,,https://exhibitions.cul.columbia.edu/exhibits/show/pulitzer/philanthropy/philanthropy,,,,,Box 3,,http://www.columbia.edu/cgi-bin/cul/dev/dlo2?obj=pulitzer_100018072,,,,,,,,,,,Joseph Pulitzer and The World,,"Gift of Joseph Pulitzer, Jr.",,,Pulitzer Papers,"Columbia University, Rare Book & Manuscript Library","South Weymouth, Mass.",,,,,,,,,,,,,,,,,,,,,1902-08-23 ,,"Typed letter, signed, to Joseph Pulitzer",,,,,
,,"Pulitzer, Joseph ",,,,,,,,"November 29, 1886",,,1,0,,2989,Still Image,Original Format: Receipt,,,,,,,Box 6,,,http://www.columbia.edu/cgi-bin/cul/dev/dlo2?obj=pulitzer_100018071a,,,,,,,,,,,Joseph Pulitzer and The World,,"Gift of Joseph Pulitzer, Jr.",,,Pulitzer Papers,"Columbia University, Rare Book & Manuscript Library",,,,,,,,,,,,,,,,,,,,,,1886-11-29 ,,Receipt for donation,,,,,
,,"Pulitzer, Joseph ",,,,,,,,"November 26, 1886",,,1,0,,2988,Still Image,"Original Format: Draft manuscript letter, with autograph corrections",,,https://exhibitions.cul.columbia.edu/exhibits/show/pulitzer/philanthropy/philanthropy,,,,Box 6,,,http://www.columbia.edu/cgi-bin/cul/dev/dlo2?obj=pulitzer_100018071,,,,,,,,,,,Joseph Pulitzer and The World,,"Gift of Joseph Pulitzer, Jr.",,,Pulitzer Papers,"Columbia University, Rare Book & Manuscript Library",,,,,,,,,,,,,,,,,,,,,,1886-11-26 ,,"Draft of manuscript letter, with corrections, to Alexander S. Webb",,,,,
,,"Pulitzer, Joseph ",,,,,,,,"April, 1886",,,1,0,,2987,Still Image,"Original Format: Draft manuscript letter, with autograph corrections",,,,,,,Box 6,,,http://www.columbia.edu/cgi-bin/cul/dev/dlo2?obj=pulitzer_100018070a,,,,,,,,,,,Joseph Pulitzer and The World,,"Gift of Joseph Pulitzer, Jr.",,,Pulitzer Papers,"Columbia University, Rare Book & Manuscript Library",New York,,,,,,,,,,,,,,,,,,,,,1886-04 ,,"Draft manuscript letter, with autograph corrections, to Board of Trustees, New York Press Club",,,,,
,,"Pulitzer, Joseph ",,,,,,,,"April, 1886",,,1,0,,2986,Still Image,"Original Format: Draft manuscript letter, with autograph corrections",,,https://exhibitions.cul.columbia.edu/exhibits/show/pulitzer/philanthropy/philanthropy,,,,Box 6,,,http://www.columbia.edu/cgi-bin/cul/dev/dlo2?obj=pulitzer_100018070,,,,,,,,,,,Joseph Pulitzer and The World,,"Gift of Joseph Pulitzer, Jr.",,,Pulitzer Papers,"Columbia University, Rare Book & Manuscript Library",New York,,,,,,,,,,,,,,,,,,,,,1886-04 ,,"Draft manuscript letter, with autograph corrections, to Board of Trustees, New York Press Club",,,,,
,,"Pulitzer, Joseph ",,,,,,,ex,[January 1911?],,,1,0,,2985,Still Image,Original Format: Proof of World editorial,,eng,https://exhibitions.cul.columbia.edu/exhibits/show/pulitzer/politics/panama-canal-libel-case,nnc-rb,,,Box 51,,,http://www.columbia.edu/cgi-bin/cul/dev/dlo2?obj=pulitzer_100018069,,rd,,,,,,,,,Joseph Pulitzer and The World,,"Gift of Joseph Pulitzer, Jr.",,eng,World Papers,"Columbia University, Rare Book & Manuscript Library",New York,,,,,,,,,,,,,,,,,,,,,,,[Proof of Editorial] Freedom of the Press,,,,,
,,World,,,,,,,,1911,,,1,0,,2984,Still Image,Original Format: Proof of printed pamphet,,,https://exhibitions.cul.columbia.edu/exhibits/show/pulitzer/politics/panama-canal-libel-case,,,,Box 51,,,http://www.columbia.edu/cgi-bin/cul/dev/dlo2?obj=pulitzer_100018068,,,,,,,,,,,Joseph Pulitzer and The World,,"Gift of Joseph Pulitzer, Jr.",,,World Papers,"Columbia University, Rare Book & Manuscript Library",New York,,,,,,,,,,,,,,,,,,,,,1911,,[Proof of] The Roosevelt Panama Libel Case Against The New York World (The United States vs. The Press Publishing Co),,,,,
,,"Pulitzer, Joseph ",,,,,,,,[January 1911],,,1,0,,2983,Still Image,Original Format: Manuscript Notes ,,,,,,,Box 51,,,http://www.columbia.edu/cgi-bin/cul/dev/dlo2?obj=pulitzer_100018067a,,,,,,,,,,,Joseph Pulitzer and The World,,"Gift of Joseph Pulitzer, Jr.",,,World Papers,"Columbia University, Rare Book & Manuscript Library","On board ""Liberty""",,,,,,,,,,,,,,,,,,,,,1911-01 ,,Manuscript Notes on The Panama Canal libel case pamphlet,,,,,
,,"Pulitzer, Joseph ",,,,,,,,[January 1911],,,1,0,,2982,Still Image,Original Format: Manuscript Notes ,,,https://exhibitions.cul.columbia.edu/exhibits/show/pulitzer/politics/panama-canal-libel-case,,,,Box 51,,,http://www.columbia.edu/cgi-bin/cul/dev/dlo2?obj=pulitzer_100018067,,,,,,,,,,,Joseph Pulitzer and The World,,"Gift of Joseph Pulitzer, Jr.",,,World Papers,"Columbia University, Rare Book & Manuscript Library","On board ""Liberty""",,,,,,,,,,,,,,,,,,,,,1911-01 ,,Manuscript Notes on The Panama Canal libel case pamphlet,,,,,
,,"Hosmer, G. W. ",,,,,,,,13-Apr-09,,,1,0,,2981,Still Image,"Original Format: Autograph letter, signed",,,,,,,Box 50,,,http://www.columbia.edu/cgi-bin/cul/dev/dlo2?obj=pulitzer_100018066e,,,,,,,,,,,Joseph Pulitzer and The World,,"Gift of Joseph Pulitzer, Jr.",,,World Papers,"Columbia University, Rare Book & Manuscript Library",[New York],,,,,,,,,,,,,,,,,,,,,1929,,"Autograph letter, signed, to Joseph Pulitzer, page 6",,,,,
,,"Hosmer, G. W. ",,,,,,,,13-Apr-09,,,1,0,,2980,Still Image,"Original Format: Autograph letter, signed",,,,,,,Box 50,,,http://www.columbia.edu/cgi-bin/cul/dev/dlo2?obj=pulitzer_100018066d,,,,,,,,,,,Joseph Pulitzer and The World,,"Gift of Joseph Pulitzer, Jr.",,,World Papers,"Columbia University, Rare Book & Manuscript Library",[New York],,,,,,,,,,,,,,,,,,,,,1929,,"Autograph letter, signed, to Joseph Pulitzer, page 5",,,,,
,,"Hosmer, G. W. ",,,,,,,,13-Apr-09,,,1,0,,2979,Still Image,"Original Format: Autograph letter, signed",,,,,,,Box 50,,,http://www.columbia.edu/cgi-bin/cul/dev/dlo2?obj=pulitzer_100018066c,,,,,,,,,,,Joseph Pulitzer and The World,,"Gift of Joseph Pulitzer, Jr.",,,World Papers,"Columbia University, Rare Book & Manuscript Library",[New York],,,,,,,,,,,,,,,,,,,,,1929,,"Autograph letter, signed, to Joseph Pulitzer, page 4",,,,,
,,"Hosmer, G. W. ",,,,,,,,13-Apr-09,,,1,0,,2978,Still Image,"Original Format: Autograph letter, signed",,,,,,,Box 50,,,http://www.columbia.edu/cgi-bin/cul/dev/dlo2?obj=pulitzer_100018066b,,,,,,,,,,,Joseph Pulitzer and The World,,"Gift of Joseph Pulitzer, Jr.",,,World Papers,"Columbia University, Rare Book & Manuscript Library",[New York],,,,,,,,,,,,,,,,,,,,,1929,,"Autograph letter, signed, to Joseph Pulitzer, page 3",,,,,
,,"Hosmer, G. W. ",,,,,,,,13-Apr-09,,,1,0,,2977,Still Image,"Original Format: Autograph letter, signed",,,,,,,Box 50,,,http://www.columbia.edu/cgi-bin/cul/dev/dlo2?obj=pulitzer_100018066a,,,,,,,,,,,Joseph Pulitzer and The World,,"Gift of Joseph Pulitzer, Jr.",,,World Papers,"Columbia University, Rare Book & Manuscript Library",[New York],,,,,,,,,,,,,,,,,,,,,1929,,"Autograph letter, signed, to Joseph Pulitzer, page 2",,,,,
,,"Hosmer, G. W. ",,,,,,,,13-Apr-09,,,1,0,,2976,Still Image,"Original Format: Autograph letter, signed",,,https://exhibitions.cul.columbia.edu/exhibits/show/pulitzer/politics/panama-canal-libel-case,,,,Box 50,,,http://www.columbia.edu/cgi-bin/cul/dev/dlo2?obj=pulitzer_100018066,,,,,,,,,,,Joseph Pulitzer and The World,,"Gift of Joseph Pulitzer, Jr.",,,World Papers,"Columbia University, Rare Book & Manuscript Library",[New York],,,,,,,,,,,,,,,,,,,,,1929,,"Autograph letter, signed, to Joseph Pulitzer, page 1",,,,,
,,"Firestone, Clark B. ",,,,,,,,4-Aug-11,,,1,0,,2975,Still Image,Original Format: Manuscript Report ,,,,,,,Box 52,,,http://www.columbia.edu/cgi-bin/cul/dev/dlo2?obj=pulitzer_100018065a,,,,,,,,,,,Joseph Pulitzer and The World,,"Gift of Joseph Pulitzer, Jr.",,,World Papers,"Columbia University, Rare Book & Manuscript Library","On board ""Liberty""",,,,,,,,,,,,,,,,,,,,,2772,,Manuscript Report on a World Editorial Talk [by Joseph Pulitzer],,,,,
,,"Firestone, Clark B. ",,,,,,,,4-Aug-11,,,1,0,,2974,Still Image,Original Format: Manuscript Report ,,,https://exhibitions.cul.columbia.edu/exhibits/show/pulitzer/politics/drum-major,,,,Box 52,,,http://www.columbia.edu/cgi-bin/cul/dev/dlo2?obj=pulitzer_100018065,,,,,,,,,,,Joseph Pulitzer and The World,,"Gift of Joseph Pulitzer, Jr.",,,World Papers,"Columbia University, Rare Book & Manuscript Library","On board ""Liberty""",,,,,,,,,,,,,,,,,,,,,2772,,Manuscript Report on a World Editorial Talk [by Joseph Pulitzer],,,,,
,,"Pulitzer, Joseph ",,,,,,,,[1908],,,1,0,,2973,Still Image,Original Format: Manuscript memo ,,,https://exhibitions.cul.columbia.edu/exhibits/show/pulitzer/politics/drum-major,,,,Box 46,,,http://www.columbia.edu/cgi-bin/cul/dev/dlo2?obj=pulitzer_100018064a,,,,,,,,,,,Joseph Pulitzer and The World,,"Gift of Joseph Pulitzer, Jr.",,,World Papers,"Columbia University, Rare Book & Manuscript Library",no place,,,,,,,,,,,,,,,,,,,,,1908,,Manuscript memo on editorial view regarding 1908 elections,,,,,
,,"Pulitzer, Joseph ",,,,,,,,[1908],,,1,0,,2972,Still Image,Original Format: Manuscript memo ,,,,,,,Box 46,,,http://www.columbia.edu/cgi-bin/cul/dev/dlo2?obj=pulitzer_100018064,,,,,,,,,,,Joseph Pulitzer and The World,,"Gift of Joseph Pulitzer, Jr.",,,World Papers,"Columbia University, Rare Book & Manuscript Library",no place,,,,,,,,,,,,,,,,,,,,,1908,,Manuscript memo on editorial view regarding 1908 elections,,,,,
,,"Rogers, William A. ",,,,,,,ex,"September 4, 1910",,,1,0,,2971,Still Image,Original Format: Magazine tearsheets,,eng,https://exhibitions.cul.columbia.edu/exhibits/show/pulitzer/politics/drum-major,nnc-rb,,,World Papers Box 33,,,http://www.columbia.edu/cgi-bin/cul/dev/dlo2?obj=pulitzer_100018063,,rd,,,,,,,,,Joseph Pulitzer and The World,,"Gift of Joseph Pulitzer, Jr.",,eng,World Papers,"Columbia University, Rare Book & Manuscript Library",New York,,,,,,,,,,,,,,,,,,,,,1910-09-04 ,,Tom's Dream,,,,,
,,"Seitz, Don C. ",,,,,,,ex,"November 18, 1898",,,1,0,,2970,Still Image,Original Format: Typed document ,,eng,,nnc-rb,,,World Papers Box 11,,,http://www.columbia.edu/cgi-bin/cul/dev/dlo2?obj=pulitzer_100018062a,,rd,,,,,,,,,Joseph Pulitzer and The World,,"Gift of Joseph Pulitzer, Jr.",,eng,World Papers,"Columbia University, Rare Book & Manuscript Library",New York,,,,,,,,,,,,,,,,,,,,,1898-11-18 ,,"Memo for Mr. Pulitzer on Mr. Norris' Comparison of World and Journal Revenues, page 2",,,,,
,,"Seitz, Don C. ",,,,,,,ex,"November 18, 1898",,,1,0,,2969,Still Image,Original Format: Typed document ,,eng,https://exhibitions.cul.columbia.edu/exhibits/show/pulitzer/the-world/rivalry-with-hearst,nnc-rb,,,Box 11,,,http://www.columbia.edu/cgi-bin/cul/dev/dlo2?obj=pulitzer_100018062,,rd,,,,,,,,,Joseph Pulitzer and The World,,"Gift of Joseph Pulitzer, Jr.",,eng,World Papers,"Columbia University, Rare Book & Manuscript Library",New York,,,,,,,,,,,,,,,,,,,,,1898-11-18 ,,"Memo for Mr. Pulitzer on Mr. Norris' Comparison of World and Journal Revenues, page 1",,,,,
,,"Norris, John",,,,,,,,"November 14, 1898",,,1,0,,2968,Still Image,Original Format: Typed document ,,,,,,,Box 11,,,http://www.columbia.edu/cgi-bin/cul/dev/dlo2?obj=pulitzer_100018061d,,,,,,,,,,,Joseph Pulitzer and The World,,"Gift of Joseph Pulitzer, Jr.",,,World Papers,"Columbia University, Rare Book & Manuscript Library",New York,,,,,,,,,,,,,,,,,,,,,1898-11-14 ,,Typed Memorandum Journal & World Revenues Compared,,,,,
,,"Norris, John",,,,,,,,"November 14, 1898",,,1,0,,2967,Still Image,Original Format: Typed document ,,,,,,,Box 11,,,http://www.columbia.edu/cgi-bin/cul/dev/dlo2?obj=pulitzer_100018061c,,,,,,,,,,,Joseph Pulitzer and The World,,"Gift of Joseph Pulitzer, Jr.",,,World Papers,"Columbia University, Rare Book & Manuscript Library",New York,,,,,,,,,,,,,,,,,,,,,1898-11-14 ,,Typed Memorandum Journal & World Revenues Compared,,,,,
,,"Norris, John",,,,,,,,"November 14, 1898",,,1,0,,2966,Still Image,Original Format: Typed document ,,,,,,,Box 11,,,http://www.columbia.edu/cgi-bin/cul/dev/dlo2?obj=pulitzer_100018061b,,,,,,,,,,,Joseph Pulitzer and The World,,"Gift of Joseph Pulitzer, Jr.",,,World Papers,"Columbia University, Rare Book & Manuscript Library",New York,,,,,,,,,,,,,,,,,,,,,1898-11-14 ,,Typed Memorandum Journal & World Revenues Compared,,,,,
,,"Norris, John",,,,,,,,"November 14, 1898",,,1,0,,2965,Still Image,Original Format: Typed document ,,,,,,,Box 11,,,http://www.columbia.edu/cgi-bin/cul/dev/dlo2?obj=pulitzer_100018061a,,,,,,,,,,,Joseph Pulitzer and The World,,"Gift of Joseph Pulitzer, Jr.",,,World Papers,"Columbia University, Rare Book & Manuscript Library",New York,,,,,,,,,,,,,,,,,,,,,1898-11-14 ,,Typed Memorandum Journal & World Revenues Compared,,,,,
,,"Norris, John",,,,,,,,"November 14, 1898",,,1,0,,2964,Still Image,Original Format: Typed document ,,,https://exhibitions.cul.columbia.edu/exhibits/show/pulitzer/the-world/rivalry-with-hearst,,,,Box 11,,,http://www.columbia.edu/cgi-bin/cul/dev/dlo2?obj=pulitzer_100018061,,,,,,,,,,,Joseph Pulitzer and The World,,"Gift of Joseph Pulitzer, Jr.",,,World Papers,"Columbia University, Rare Book & Manuscript Library",New York,,,,,,,,,,,,,,,,,,,,,1898-11-14 ,,Typed Memorandum Journal & World Revenues Compared,,,,,
,,,,,,,,,,"December 19, 1885",,,1,0,,2963,Still Image,Original Format: Manuscript document,,,https://exhibitions.cul.columbia.edu/exhibits/show/pulitzer/politics/litigation,,,,Box 8,,,http://www.columbia.edu/cgi-bin/cul/dev/dlo2?obj=pulitzer_100018060,,,,,,,,,,,Joseph Pulitzer and The World,,"Gift of Joseph Pulitzer, Jr.",,,World Papers,"Columbia University, Rare Book & Manuscript Library",New York,,,,,,,,,,,,,,,,,,,,,1885-12-19 ,,Manuscript Account for legal services rendered by Roscoe Conkling to Joseph Pulitzer,,,,,
,,"Willers, Diedrich",,,,,,,,"April 12, 1886",,,1,0,,2962,Still Image,"Original Format: Autograph letter, signed",,,https://exhibitions.cul.columbia.edu/exhibits/show/pulitzer/politics/drum-major,,,,Box 6,,,http://www.columbia.edu/cgi-bin/cul/dev/dlo2?obj=pulitzer_100018059,,,,,,,,,,,Joseph Pulitzer and The World,,"Gift of Joseph Pulitzer, Jr.",,,Pulitzer Papers,"Columbia University, Rare Book & Manuscript Library",Albany,,,,,,,,,,,,,,,,,,,,,1886-04-12 ,,"Autograph letter, signed, to Joseph Pulitzer",,,,,
,,"Pulitzer, Ralph",,,,,,,,ca. 1899,,,1,0,,2961,Still Image,Original Format: Autograph Manuscript,,,,,,,Box 4,,,http://www.columbia.edu/cgi-bin/cul/dev/dlo2?obj=pulitzer_100018058b,,,,,,,,,,,Joseph Pulitzer and The World,,"Gift of Joseph Pulitzer, Jr.",,,Pulitzer Papers,"Columbia University, Rare Book & Manuscript Library",New York,,,,,,,,,,,,,,,,,,,,,,,Memorandum comparing The Journal and The Evening World,,,,,
,,"Pulitzer, Ralph",,,,,,,,ca. 1899,,,1,0,,2960,Still Image,Original Format: Autograph Manuscript,,,,,,,Box 4,,,http://www.columbia.edu/cgi-bin/cul/dev/dlo2?obj=pulitzer_100018058a,,,,,,,,,,,Joseph Pulitzer and The World,,"Gift of Joseph Pulitzer, Jr.",,,Pulitzer Papers,"Columbia University, Rare Book & Manuscript Library",New York,,,,,,,,,,,,,,,,,,,,,,,Memorandum comparing The Journal and The Evening World,,,,,
,,"Pulitzer, Ralph",,,,,,,,ca. 1899,,,1,0,,2959,Still Image,Original Format: Autograph Manuscript,,,https://exhibitions.cul.columbia.edu/exhibits/show/pulitzer/the-world/rivalry-with-hearst,,,,Box 4,,,http://www.columbia.edu/cgi-bin/cul/dev/dlo2?obj=pulitzer_100018058,,,,,,,,,,,Joseph Pulitzer and The World,,"Gift of Joseph Pulitzer, Jr.",,,Pulitzer Papers,"Columbia University, Rare Book & Manuscript Library",New York,,,,,,,,,,,,,,,,,,,,,,,Memorandum comparing The Journal and The Evening World,,,,,
,,"Seitz, Don C. ",,,,,,,,"September, 1899",,,1,0,,2958,Still Image,Original Format: Typed Memo ,,,,,,,Box 13,,,http://www.columbia.edu/cgi-bin/cul/dev/dlo2?obj=pulitzer_100018057c,,,,,,,,,,,Joseph Pulitzer and The World,,"Gift of Joseph Pulitzer, Jr.",,,World Papers,"Columbia University, Rare Book & Manuscript Library",New York,,,,,,,,,,,,,,,,,,,,,1899-09 ,,Memorandum of Agreement as discussed by Mr. Seitz and Mr. Carvalho,,,,,
,,"Seitz, Don C. ",,,,,,,,"September, 1899",,,1,0,,2957,Still Image,Original Format: Typed Memo ,,,,,,,Box 13,,,http://www.columbia.edu/cgi-bin/cul/dev/dlo2?obj=pulitzer_100018057b,,,,,,,,,,,Joseph Pulitzer and The World,,"Gift of Joseph Pulitzer, Jr.",,,World Papers,"Columbia University, Rare Book & Manuscript Library",New York,,,,,,,,,,,,,,,,,,,,,1899-09 ,,Memorandum of Agreement as discussed by Mr. Seitz and Mr. Carvalho,,,,,
,,"Seitz, Don C. ",,,,,,,,"September, 1899",,,1,0,,2956,Still Image,Original Format: Typed Memo ,,,,,,,Box 13,,,http://www.columbia.edu/cgi-bin/cul/dev/dlo2?obj=pulitzer_100018057a,,,,,,,,,,,Joseph Pulitzer and The World,,"Gift of Joseph Pulitzer, Jr.",,,World Papers,"Columbia University, Rare Book & Manuscript Library",New York,,,,,,,,,,,,,,,,,,,,,1899-09 ,,Memorandum of Agreement as discussed by Mr. Seitz and Mr. Carvalho,,,,,
,,"Seitz, Don C. ",,,,,,,,"September, 1899",,,1,0,,2955,Still Image,Original Format: Typed Memo ,,,https://exhibitions.cul.columbia.edu/exhibits/show/pulitzer/the-world/rivalry-with-hearst,,,,Box 13,,,http://www.columbia.edu/cgi-bin/cul/dev/dlo2?obj=pulitzer_100018057,,,,,,,,,,,Joseph Pulitzer and The World,,"Gift of Joseph Pulitzer, Jr.",,,World Papers,"Columbia University, Rare Book & Manuscript Library",New York,,,,,,,,,,,,,,,,,,,,,1899-09 ,,Memorandum of Agreement as discussed by Mr. Seitz and Mr. Carvalho,,,,,
,,"Seitz, Don C. ",,,,,,,ex,"July 27, 1899",,,1,0,,2954,Still Image,Original Format: Typed Memo ,,eng,,nnc-rb,,,World Papers Box 12,,,http://www.columbia.edu/cgi-bin/cul/dev/dlo2?obj=pulitzer_100018056b,,rd,,,,,,,,,Joseph Pulitzer and The World,,"Gift of Joseph Pulitzer, Jr.",,eng,World Papers,"Columbia University, Rare Book & Manuscript Library",New York,,,,,,,,,,,,,,,,,,,,,1899-07-27 ,,"Memo for Mr. Pulitzer on the Newsboys' Strike, page 3",,,,,
,,"Seitz, Don C. ",,,,,,,ex,"July 27, 1899",,,1,0,,2953,Still Image,Original Format: Typed Memo ,,eng,,nnc-rb,,,Box 12,,,http://www.columbia.edu/cgi-bin/cul/dev/dlo2?obj=pulitzer_100018056a,,rd,,,,,,,,,Joseph Pulitzer and The World,,"Gift of Joseph Pulitzer, Jr.",,eng,World Papers,"Columbia University, Rare Book & Manuscript Library",New York,,,,,,,,,,,,,,,,,,,,,1899-07-27 ,,"Memo for Mr. Pulitzer on the Newsboys' Strike, page 2",,,,,
,,"Seitz, Don C. ",,,,,,,ex,"July 27, 1899",,,1,0,,2952,Still Image,Original Format: Typed Memo ,,eng,https://exhibitions.cul.columbia.edu/exhibits/show/pulitzer/the-world/newsboys--strike,nnc-rb,,,Box 12,,,http://www.columbia.edu/cgi-bin/cul/dev/dlo2?obj=pulitzer_100018056,,rd,,,,,,,,,Joseph Pulitzer and The World,,"Gift of Joseph Pulitzer, Jr.",,eng,World Papers,"Columbia University, Rare Book & Manuscript Library",New York,,,,,,,,,,,,,,,,,,,,,1899-07-27 ,,"Memo for Mr. Pulitzer on the Newsboys' Strike, page 1",,,,,
,,"Seitz, Don C. ",,,,,,,ex,"July 26, 1899",,,1,0,,2951,Still Image,Original Format: Telegram,,eng,https://exhibitions.cul.columbia.edu/exhibits/show/pulitzer/the-world/newsboys--strike,nnc-rb,,,World Papers Box 12,,,http://www.columbia.edu/cgi-bin/cul/dev/dlo2?obj=pulitzer_100018055,,rd,,,,,,,,,Joseph Pulitzer and The World,,"Gift of Joseph Pulitzer, Jr.",,eng,World Papers,"Columbia University, Rare Book & Manuscript Library",New York,,,,,,,,,,,,,,,,,,,,,1899-07-26 ,,Telegram on Newsboys' Strike,,,,,
,,"Seitz, Don C. ",,,,,,,ex,"July 22, 1899",,,1,0,,2950,Still Image,Original Format: Typed Memo ,,eng,,nnc-rb,,,World Papers Box 12,,,http://www.columbia.edu/cgi-bin/cul/dev/dlo2?obj=pulitzer_100018054b,,rd,,,,,,,,,Joseph Pulitzer and The World,,"Gift of Joseph Pulitzer, Jr.",,eng,World Papers,"Columbia University, Rare Book & Manuscript Library",New York,,,,,,,,,,,,,,,,,,,,,1899-07-22 ,,"Memo for Mr. Pulitzer on the Newsboys' Strike, page 3",,,,,
,,"Seitz, Don C. ",,,,,,,ex,"July 22, 1899",,,1,0,,2949,Still Image,Original Format: Typed Memo ,,eng,,nnc-rb,,,World Papers Box 12,,,http://www.columbia.edu/cgi-bin/cul/dev/dlo2?obj=pulitzer_100018054a,,rd,,,,,,,,,Joseph Pulitzer and The World,,"Gift of Joseph Pulitzer, Jr.",,eng,World Papers,"Columbia University, Rare Book & Manuscript Library",New York,,,,,,,,,,,,,,,,,,,,,1899-07-22 ,,"Memo for Mr. Pulitzer on the Newsboys' Strike, page 2",,,,,
,,"Seitz, Don C. ",,,,,,,ex,"July 22, 1899",,,1,0,,2948,Still Image,Original Format: Typed Memo ,,eng,https://exhibitions.cul.columbia.edu/exhibits/show/pulitzer/the-world/newsboys--strike,nnc-rb,,,World Papers Box 12,,,http://www.columbia.edu/cgi-bin/cul/dev/dlo2?obj=pulitzer_100018054,,rd,,,,,,,,,Joseph Pulitzer and The World,,"Gift of Joseph Pulitzer, Jr.",,eng,World Papers,"Columbia University, Rare Book & Manuscript Library",New York,,,,,,,,,,,,,,,,,,,,,1899-07-22 ,,"Memo for Mr. Pulitzer on the Newsboys' Strike, page 1",,,,,
,,"Seitz, Don C. ",,,,,,,ex,"July 24, 1899",,,1,0,,2947,Still Image,Original Format: Telegram,,eng,https://exhibitions.cul.columbia.edu/exhibits/show/pulitzer/the-world/newsboys--strike,nnc-rb,,,World Papers Box 12,,,http://www.columbia.edu/cgi-bin/cul/dev/dlo2?obj=pulitzer_100018053,,rd,,,,,,,,,Joseph Pulitzer and The World,,"Gift of Joseph Pulitzer, Jr.",,eng,World Papers,"Columbia University, Rare Book & Manuscript Library",New York,,,,,,,,,,,,,,,,,,,,,1899-07-24 ,,Telegram on the Newsboys' Strike,,,,,
,,World,,,,,,,,ca. 1906,,,1,0,,2946,Still Image,Original Format: Manuscript book with printed additions,,,https://exhibitions.cul.columbia.edu/exhibits/show/pulitzer/the-world/cable-code-book,,,,Box 40,,,http://www.columbia.edu/cgi-bin/cul/dev/dlo2?obj=pulitzer_100018052e,,,,,,,,,,,Joseph Pulitzer and The World,,"Gift of Joseph Pulitzer, Jr.",,,World Papers,"Columbia University, Rare Book & Manuscript Library",New York,,,,,,,,,,,,,,,,,,,,,,,"Cable Code Book used by H. A. Jenks, page 248-249",,,,,
,,World,,,,,,,,ca. 1906,,,1,0,,2945,Still Image,Original Format: Manuscript book with printed additions,,,https://exhibitions.cul.columbia.edu/exhibits/show/pulitzer/the-world/cable-code-book,,,,Box 40,,,http://www.columbia.edu/cgi-bin/cul/dev/dlo2?obj=pulitzer_100018052d,,,,,,,,,,,Joseph Pulitzer and The World,,"Gift of Joseph Pulitzer, Jr.",,,World Papers,"Columbia University, Rare Book & Manuscript Library",New York,,,,,,,,,,,,,,,,,,,,,,,"Cable Code Book used by H. A. Jenks, page 99",,,,,
,,World,,,,,,,,ca. 1906,,,1,0,,2944,Still Image,Original Format: Manuscript book with printed additions,,,https://exhibitions.cul.columbia.edu/exhibits/show/pulitzer/the-world/cable-code-book,,,,Box 40,,,http://www.columbia.edu/cgi-bin/cul/dev/dlo2?obj=pulitzer_100018052c,,,,,,,,,,,Joseph Pulitzer and The World,,"Gift of Joseph Pulitzer, Jr.",,,World Papers,"Columbia University, Rare Book & Manuscript Library",New York,,,,,,,,,,,,,,,,,,,,,,,"Cable Code Book used by H. A. Jenks, page 91",,,,,
,,World,,,,,,,,ca. 1906,,,1,0,,2943,Still Image,Original Format: Manuscript book with printed additions,,,https://exhibitions.cul.columbia.edu/exhibits/show/pulitzer/the-world/cable-code-book,,,,Box 40,,,http://www.columbia.edu/cgi-bin/cul/dev/dlo2?obj=pulitzer_100018052b,,,,,,,,,,,Joseph Pulitzer and The World,,"Gift of Joseph Pulitzer, Jr.",,,World Papers,"Columbia University, Rare Book & Manuscript Library",New York,,,,,,,,,,,,,,,,,,,,,,,"Cable Code Book used by H. A. Jenks, page 33",,,,,
,,World,,,,,,,,ca. 1906,,,1,0,,2942,Still Image,Original Format: Manuscript book with printed additions,,,https://exhibitions.cul.columbia.edu/exhibits/show/pulitzer/the-world/cable-code-book,,,,Box 40,,,http://www.columbia.edu/cgi-bin/cul/dev/dlo2?obj=pulitzer_100018052a,,,,,,,,,,,Joseph Pulitzer and The World,,"Gift of Joseph Pulitzer, Jr.",,,World Papers,"Columbia University, Rare Book & Manuscript Library",New York,,,,,,,,,,,,,,,,,,,,,,,"Cable Code Book used by H. A. Jenks, page 18-19",,,,,
,,World,,,,,,,,ca. 1906,,,1,0,,2941,Still Image,Original Format: Manuscript book with printed additions,,,https://exhibitions.cul.columbia.edu/exhibits/show/pulitzer/the-world/cable-code-book,,,,Box 40,,,http://www.columbia.edu/cgi-bin/cul/dev/dlo2?obj=pulitzer_100018052,,,,,,,,,,,Joseph Pulitzer and The World,,"Gift of Joseph Pulitzer, Jr.",,,World Papers,"Columbia University, Rare Book & Manuscript Library",New York,,,,,,,,,,,,,,,,,,,,,,,"Cable Code Book used by H. A. Jenks, front cover",,,,,
,,"Pulitzer, Joseph ",,,,,,,,"October, 1889",,,1,0,,2940,Still Image,Original Format: Manuscript on parchment,,,https://exhibitions.cul.columbia.edu/exhibits/show/pulitzer/the-world-building/laying-the-cornerstone,,,,Flat Box 1,,,http://www.columbia.edu/cgi-bin/cul/dev/dlo2?obj=pulitzer_100018051,,,,,,,,,,,Joseph Pulitzer and The World,,,,,World Papers,"Columbia University, Rare Book & Manuscript Library",New York,,,,,,,,,,,,,,,,,,,,,1889-10 ,,"Address read at Cornerstone Laying Ceremony, inscribed on parchment",,,,,
,,World,,,,,,,,"October, 1889",,,1,0,,2939,Still Image,Original Format: Copper Box,,,https://exhibitions.cul.columbia.edu/exhibits/show/pulitzer/the-end-of-the-world/end-and-demolition,,,,,,,http://www.columbia.edu/cgi-bin/cul/dev/dlo2?obj=pulitzer_100018050c,,,,,,,,,,,Joseph Pulitzer and The World,,,,,World Papers,"Columbia University, Rare Book & Manuscript Library",New York,,,,,,,,,,,,,,,,,,,,,1889-10 ,,Copper Cornerstone Box,,,,,
,,World,,,,,,,,"October, 1889",,,1,0,,2938,Still Image,Original Format: Copper Box,,,https://exhibitions.cul.columbia.edu/exhibits/show/pulitzer/the-world-building/laying-the-cornerstone,,,,,,,http://www.columbia.edu/cgi-bin/cul/dev/dlo2?obj=pulitzer_100018050b,,,,,,,,,,,Joseph Pulitzer and The World,,,,,World Papers,"Columbia University, Rare Book & Manuscript Library",New York,,,,,,,,,,,,,,,,,,,,,1889-10 ,,Copper Cornerstone Box,,,,,
,,World,,,,,,,,"October, 1889",,,1,0,,2937,Still Image,Original Format: Copper Box,,,,,,,,,,http://www.columbia.edu/cgi-bin/cul/dev/dlo2?obj=pulitzer_100018050a,,,,,,,,,,,Joseph Pulitzer and The World,,,,,World Papers,"Columbia University, Rare Book & Manuscript Library",New York,,,,,,,,,,,,,,,,,,,,,1889-10 ,,Copper Cornerstone Box,,,,,
,,World,,,,,,,,"October, 1889",,,1,0,,2936,Still Image,Original Format: Copper Box,,,,,,,,,,http://www.columbia.edu/cgi-bin/cul/dev/dlo2?obj=pulitzer_100018050,,,,,,,,,,,Joseph Pulitzer and The World,,,,,World Papers,"Columbia University, Rare Book & Manuscript Library",New York,,,,,,,,,,,,,,,,,,,,,1889-10 ,,Copper Cornerstone Box,,,,,
,,World,,,,,,,,1890,,,1,0,,2935,Still Image,Original Format: Printed pamphlet,,,https://exhibitions.cul.columbia.edu/exhibits/show/pulitzer/the-world-building/the-world-building-finished,,,,PN4899 N48 1890,,,http://www.columbia.edu/cgi-bin/cul/dev/dlo2?obj=pulitzer_100018048b,,,,,,,,,,,Joseph Pulitzer and The World,,American Typefounders Company Library,,,Graphic Arts ,"Columbia University, Rare Book & Manuscript Library",New York,,,,,,,,,,,,,,,,,,,,,1890,,"The World, Its History & Its New Home, back cover",,,,,
,,World,,,,,,,,1890,,,1,0,,2934,Still Image,Original Format: Printed pamphlet,,,https://exhibitions.cul.columbia.edu/exhibits/show/pulitzer/the-world-building/the-world-building-finished,,,,PN4899 N48 1890,,,http://www.columbia.edu/cgi-bin/cul/dev/dlo2?obj=pulitzer_100018048a,,,,,,,,,,,Joseph Pulitzer and The World,,American Typefounders Company Library,,,Graphic Arts ,"Columbia University, Rare Book & Manuscript Library",New York,,,,,,,,,,,,,,,,,,,,,1890,,"The World, Its History & Its New Home, title page",,,,,
,,World,,,,,,,,1890,,,1,0,,2933,Still Image,Original Format: Printed pamphlet,,,https://exhibitions.cul.columbia.edu/exhibits/show/pulitzer/the-world-building/the-world-building-finished,,,,PN4899 N48 1890,,,http://www.columbia.edu/cgi-bin/cul/dev/dlo2?obj=pulitzer_100018048,,,,,,,,,,,Joseph Pulitzer and The World,,American Typefounders Company Library,,,Graphic Arts ,"Columbia University, Rare Book & Manuscript Library",New York,,,,,,,,,,,,,,,,,,,,,1890,,"The World, Its History & Its New Home, front cover",,,,,
,,World,,,,,,,,"October 10, 1889",,,1,0,,2932,Still Image,Original Format: Newspaper,,,https://exhibitions.cul.columbia.edu/exhibits/show/pulitzer/the-world-building/laying-the-cornerstone,,,,Box 10,,,http://www.columbia.edu/cgi-bin/cul/dev/dlo2?obj=pulitzer_100018047,,,,,,,,,,,Joseph Pulitzer and The World,,"Gift of Joseph Pulitzer, Jr.",,,World Papers,"Columbia University, Rare Book & Manuscript Library",New York,,,,,,,,,,,,,,,,,,,,,1889-10-10 ,,"The World, Evening Edition, Second Anniversary Number",,,,,
,,"[Turner, George]",,,,,,,,"May 15, 1889",,,1,0,,2931,Still Image,"Original Format: Typed letter, carbon, unsigned",,,https://exhibitions.cul.columbia.edu/exhibits/show/pulitzer/the-world-building/building-the-world-building,,,,Box 10,,,http://www.columbia.edu/cgi-bin/cul/dev/dlo2?obj=pulitzer_100018046,,,,,,,,,,,Joseph Pulitzer and The World,,"Gift of Joseph Pulitzer, Jr.",,,World Papers,"Columbia University, Rare Book & Manuscript Library",New York,,,,,,,,,,,,,,,,,,,,,1889-05-15 ,,Typed letter to George Post,,,,,
,,"Pulitzer, Joseph ",,,,,,,,"March 19, 1889",,,1,0,,2930,Still Image,"Original Format: Manuscript letter with autograph notes, signed",,,https://exhibitions.cul.columbia.edu/exhibits/show/pulitzer/the-world-building/building-the-world-building,,,,Box 10,,,http://www.columbia.edu/cgi-bin/cul/dev/dlo2?obj=pulitzer_100018045a,,,,,,,,,,,Joseph Pulitzer and The World,,"Gift of Joseph Pulitzer, Jr.",,,World Papers,"Columbia University, Rare Book & Manuscript Library",New York,,,,,,,,,,,,,,,,,,,,,1889-03-19 ,,"Manuscript letter with autograph notes, signed, to Turner, page 15",,,,,
,,"Pulitzer, Joseph ",,,,,,,,"March 19, 1889",,,1,0,,2929,Still Image,"Original Format: Manuscript letter with autograph notes, signed",,,https://exhibitions.cul.columbia.edu/exhibits/show/pulitzer/the-world-building/building-the-world-building,,,,Box 10,,,http://www.columbia.edu/cgi-bin/cul/dev/dlo2?obj=pulitzer_100018045,,,,,,,,,,,Joseph Pulitzer and The World,,"Gift of Joseph Pulitzer, Jr.",,,World Papers,"Columbia University, Rare Book & Manuscript Library",New York,,,,,,,,,,,,,,,,,,,,,1889-03-19 ,,"Manuscript letter with autograph notes, signed, to Turner, page 1",,,,,
,,World,,,,,,,,1899,,,1,0,,2928,Still Image,Original Format: Printed floorplan,,,https://exhibitions.cul.columbia.edu/exhibits/show/pulitzer/the-world/working-at-the-world,,,,Box 12,,,http://www.columbia.edu/cgi-bin/cul/dev/dlo2?obj=pulitzer_100018044,,,,,,,,,,,Joseph Pulitzer and The World,,"Gift of Joseph Pulitzer, Jr.",,,World Papers,"Columbia University, Rare Book & Manuscript Library",New York,,,,,,,,,,,,,,,,,,,,,1899,,"Pulitzer Building, 53-63 Park Row, New York, Office: Room No. 8",,,,,
,,World,,,,,,,,1889,,,1,0,,2927,Still Image,Original Format: Printed pamphlet,,,https://exhibitions.cul.columbia.edu/exhibits/show/pulitzer/the-world/working-at-the-world,,,,Box 10,,,http://www.columbia.edu/cgi-bin/cul/dev/dlo2?obj=pulitzer_100018043,,,,,,,,,,,Joseph Pulitzer and The World,,"Gift of Joseph Pulitzer, Jr.",,,World Papers,"Columbia University, Rare Book & Manuscript Library",New York,,,,,,,,,,,,,,,,,,,,,1889,,Office Directory,,,,,
,,World,,,,,,,,"October, 1889",,,1,0,,2926,Still Image,Original Format: Printed pamphlet,,,https://exhibitions.cul.columbia.edu/exhibits/show/pulitzer/the-world-building/laying-the-cornerstone,,,,Box 10,,,http://www.columbia.edu/cgi-bin/cul/dev/dlo2?obj=pulitzer_100018042a,,,,,,,,,,,Joseph Pulitzer and The World,,"Gift of Joseph Pulitzer, Jr.",,,World Papers,"Columbia University, Rare Book & Manuscript Library",New York,,,,,,,,,,,,,,,,,,,,,1889-10 ,,"Laying of the Corner Stone of the Pulitzer Building, Thursday, October 10, 1889",,,,,
,,World,,,,,,,,"October, 1889",,,1,0,,2925,Still Image,Original Format: Printed pamphlet,,,https://exhibitions.cul.columbia.edu/exhibits/show/pulitzer/the-world-building/laying-the-cornerstone,,,,Box 10,,,http://www.columbia.edu/cgi-bin/cul/dev/dlo2?obj=pulitzer_100018042,,,,,,,,,,,Joseph Pulitzer and The World,,"Gift of Joseph Pulitzer, Jr.",,,World Papers,"Columbia University, Rare Book & Manuscript Library",New York,,,,,,,,,,,,,,,,,,,,,1889-10 ,,"Laying of the Corner Stone of the Pulitzer Building, Thursday, October 10, 1889",,,,,
,,"Watts-Campbell Co., Newark ",,,,,,,,"May 24, 1889",,,1,0,,2924,Still Image,"Original Format: Autograph letter, signed, to Joseph Pulitzer, with draft of reply",,,https://exhibitions.cul.columbia.edu/exhibits/show/pulitzer/the-world-building/building-the-world-building,,,,Box 2,,,http://www.columbia.edu/cgi-bin/cul/dev/dlo2?obj=pulitzer_100018041,,,,,,,,,,,Joseph Pulitzer and The World,,"Gift of Joseph Pulitzer, Jr.",,,World Papers,"Columbia University, Rare Book & Manuscript Library",New York,,,,,,,,,,,,,,,,,,,,,1889-05-24 ,,Printed and manuscript contract for one pair Watts-Campbell Improved Corliss Steam Engine,,,,,
,,"Gould, Jay ",,,,,,,,"November 18, 1886",,,1,0,,2923,Still Image,"Original Format: Autograph letter, signed, to Joseph Pulitzer, with draft of reply",,,,,,,Box 2,,,http://www.columbia.edu/cgi-bin/cul/dev/dlo2?obj=pulitzer_100018040a,,,,,,,,,,,Joseph Pulitzer and The World,,"Gift of Joseph Pulitzer, Jr.",,,Pulitzer Papers,"Columbia University, Rare Book & Manuscript Library",New York,,,,,,,,,,,,,,,,,,,,,1886-11-18 ,,"Autograph letter, signed, to Joseph Pulitzer, with draft of reply",,,,,
,,"Gould, Jay ",,,,,,,,"November 18, 1886",,,1,0,,2922,Still Image,"Original Format: Autograph letter, signed, to Joseph Pulitzer, with draft of reply",,,,,,,Box 2,,,http://www.columbia.edu/cgi-bin/cul/dev/dlo2?obj=pulitzer_100018040,,,,,,,,,,,Joseph Pulitzer and The World,,"Gift of Joseph Pulitzer, Jr.",,,Pulitzer Papers,"Columbia University, Rare Book & Manuscript Library",New York,,,,,,,,,,,,,,,,,,,,,1886-11-18 ,,"Autograph letter, signed, to Joseph Pulitzer, with draft of reply",,,,,
,,"Seitz, Don C. ",,,,,,,,"March 29, 1909",,,1,0,,2921,Still Image,"Original Format: Typescript list, signed",,,https://exhibitions.cul.columbia.edu/exhibits/show/pulitzer/the-world/working-at-the-world,,,,Box 48,,,http://www.columbia.edu/cgi-bin/cul/dev/dlo2?obj=pulitzer_100018039,,,,,,,,,,,Joseph Pulitzer and The World,,"Gift of Joseph Pulitzer, Jr.",,,World Papers,"Columbia University, Rare Book & Manuscript Library",New York,,,,,,,,,,,,,,,,,,,,,1909,,Newspaper and Printing Concerns in the Pulitzer Building,,,,,
,,"Ellithorpe, F. T., New York",,,,,,,,ca. 1890,,,1,0,,2920,Still Image,Original Format: Printed pamphlet,,,https://exhibitions.cul.columbia.edu/exhibits/show/pulitzer/the-world-building/building-the-world-building,,,,Box 11,,,http://www.columbia.edu/cgi-bin/cul/dev/dlo2?obj=pulitzer_100018038,,,,,,,,,,,Joseph Pulitzer and The World,,"Gift of Joseph Pulitzer, Jr.",,,World Papers,"Columbia University, Rare Book & Manuscript Library",New York,,,,,,,,,,,,,,,,,,,,,,,Improved Air-Cushion with Self-Closing Elevator Door,,,,,
,,"Post, George B., Architect, New York",,,,,,,,1889,,,1,0,,2919,Still Image,Original Format: Photograph,,,https://exhibitions.cul.columbia.edu/exhibits/show/pulitzer/the-world-building/building-the-world-building,,,,Box 10,,,http://www.columbia.edu/cgi-bin/cul/dev/dlo2?obj=pulitzer_100018037,,,,,,,,,,,Joseph Pulitzer and The World,,"Gift of Joseph Pulitzer, Jr.",,,World Papers,"Columbia University, Rare Book & Manuscript Library",New York,,,,,,,,,,,,,,,,,,,,,1889,,Photograph of World Building drawing,,,,,
,,"Pulitzer, Joseph ",,,,,,,,"March 31-April 18, 1888",,,1,0,,2918,Still Image,Original Format: Manuscript document,,,https://exhibitions.cul.columbia.edu/exhibits/show/pulitzer/pulitzer-family/family-letters,,,,Box 7,,,http://www.columbia.edu/cgi-bin/cul/dev/dlo2?obj=pulitzer_100018036,,,,,,,,,,,Joseph Pulitzer and The World,,"Gift of Joseph Pulitzer, Jr.",,,Pulitzer Papers,"Columbia University, Rare Book & Manuscript Library",[New York],,,,,,,,,,,,,,,,,,,,,1888-03-31 1888-04-18,,Personal ledger,,,,,
,,World,,,,,,,ex,"[August, 1887]",,,1,0,,2917,Still Image,Original Format: Manuscript list ,,eng,https://exhibitions.cul.columbia.edu/exhibits/show/pulitzer/the-statue-of-liberty/statue-of-liberty,nnc-rb,,,World Papers Box 9,,,http://www.columbia.edu/cgi-bin/cul/dev/dlo2?obj=pulitzer_100018034,,rd,,,,,,,,,Joseph Pulitzer and The World,,"Gift of Joseph Pulitzer, Jr.",,eng,World Papers,"Columbia University, Rare Book & Manuscript Library",New York,,,,,,,,,,,,,,,,,,,,,1887-08 ,,Conspicuous Features in World since Mar. 1/85,,,,,
,,Monument Bartholdi Comit,,,,,,,,[1887],,,1,0,,2916,Still Image,Original Format: Manuscript list ,,,https://exhibitions.cul.columbia.edu/exhibits/show/pulitzer/the-statue-of-liberty/statue-of-liberty,,,,Box 9,,,http://www.columbia.edu/cgi-bin/cul/dev/dlo2?obj=pulitzer_100018033a,,,,,,,,,,,Joseph Pulitzer and The World,,"Gift of Joseph Pulitzer, Jr.",,,World Papers,"Columbia University, Rare Book & Manuscript Library",[Paris],,,,,,,,,,,,,,,,,,,,,1887,,List of committee members,,,,,
,,Monument Bartholdi Comit,,,,,,,,[1887],,,1,0,,2915,Still Image,"Original Format: Autograph letter, signed",,,https://exhibitions.cul.columbia.edu/exhibits/show/pulitzer/the-statue-of-liberty/statue-of-liberty,,,,Box 9,,,http://www.columbia.edu/cgi-bin/cul/dev/dlo2?obj=pulitzer_100018033,,,,,,,,,,,Joseph Pulitzer and The World,,"Gift of Joseph Pulitzer, Jr.",,,World Papers,"Columbia University, Rare Book & Manuscript Library",[Paris],,,,,,,,,,,,,,,,,,,,,1887,,"Autograph letter, signed by A. Rubin, with list of committee members",,,,,
,,"Pulitzer, Joseph ",,,,,,,,[1887],,,1,0,,2914,Still Image,Original Format: Autograph drafts ,,,https://exhibitions.cul.columbia.edu/exhibits/show/pulitzer/the-statue-of-liberty/statue-of-liberty,,,,Box 9,,,http://www.columbia.edu/cgi-bin/cul/dev/dlo2?obj=pulitzer_100018032b,,,,,,,,,,,Joseph Pulitzer and The World,,"Gift of Joseph Pulitzer, Jr.",,,World Papers,"Columbia University, Rare Book & Manuscript Library",New York,,,,,,,,,,,,,,,,,,,,,1887,,Autograph drafts relating to dedication of Statue of Liberty,,,,,
,,"Pulitzer, Joseph ",,,,,,,,[1887],,,1,0,,2913,Still Image,Original Format: Autograph drafts ,,,,,,,Box 9,,,http://www.columbia.edu/cgi-bin/cul/dev/dlo2?obj=pulitzer_100018032a,,,,,,,,,,,Joseph Pulitzer and The World,,"Gift of Joseph Pulitzer, Jr.",,,World Papers,"Columbia University, Rare Book & Manuscript Library",New York,,,,,,,,,,,,,,,,,,,,,1887,,Autograph drafts relating to dedication of Statue of Liberty,,,,,
,,"Pulitzer, Joseph ",,,,,,,,[1887],,,1,0,,2912,Still Image,Original Format: Autograph drafts ,,,,,,,Box 9,,,http://www.columbia.edu/cgi-bin/cul/dev/dlo2?obj=pulitzer_100018032,,,,,,,,,,,Joseph Pulitzer and The World,,"Gift of Joseph Pulitzer, Jr.",,,World Papers,"Columbia University, Rare Book & Manuscript Library",New York,,,,,,,,,,,,,,,,,,,,,1887,,Autograph drafts relating to dedication of Statue of Liberty,,,,,
,,"Campiglio, P. F.",,,,,,,,"October 15, 1886",,,1,0,,2911,Still Image,"Original Format: Autograph letter, signed",,,https://exhibitions.cul.columbia.edu/exhibits/show/pulitzer/the-statue-of-liberty/statue-of-liberty,,,,Box 8,,,http://www.columbia.edu/cgi-bin/cul/dev/dlo2?obj=pulitzer_100018031,,,,,,,,,,,Joseph Pulitzer and The World,,"Gift of Joseph Pulitzer, Jr.",,,World Papers,"Columbia University, Rare Book & Manuscript Library",New York,,,,,,,,,,,,,,,,,,,,,1886-10-15 ,,"Autograph letter, signed, to Joseph Pulitzer",,,,,
,,"Hoope, A. W. ",,,,,,,,"October 13, 1886",,,1,0,,2910,Still Image,"Original Format: Autograph letter, signed",,,https://exhibitions.cul.columbia.edu/exhibits/show/pulitzer/the-statue-of-liberty/statue-of-liberty,,,,Box 8,,,http://www.columbia.edu/cgi-bin/cul/dev/dlo2?obj=pulitzer_100018030b,,,,,,,,,,,Joseph Pulitzer and The World,,"Gift of Joseph Pulitzer, Jr.",,,World Papers,"Columbia University, Rare Book & Manuscript Library",Philadelphia,,,,,,,,,,,,,,,,,,,,,1886-10-13 ,,Letters received regarding Statue of Liberty dedication,,,,,
,,"Kehoe, John",,,,,,,,"October 26, 1886",,,1,0,,2909,Still Image,"Original Format: Autograph letter, signed",,,,,,,Box 8,,,http://www.columbia.edu/cgi-bin/cul/dev/dlo2?obj=pulitzer_100018030a,,,,,,,,,,,Joseph Pulitzer and The World,,"Gift of Joseph Pulitzer, Jr.",,,World Papers,"Columbia University, Rare Book & Manuscript Library",New York,,,,,,,,,,,,,,,,,,,,,1886-10-26 ,,Letters received regarding Statue of Liberty dedication,,,,,
,,Enthusiast,,,,,,,,"October 26, 1886",,,1,0,,2908,Still Image,"Original Format: Autograph letter, signed",,,,,,,Box 8,,,http://www.columbia.edu/cgi-bin/cul/dev/dlo2?obj=pulitzer_100018030,,,,,,,,,,,Joseph Pulitzer and The World,,"Gift of Joseph Pulitzer, Jr.",,,World Papers,"Columbia University, Rare Book & Manuscript Library",New York,,,,,,,,,,,,,,,,,,,,,1886-10-26 ,,Letters received regarding Statue of Liberty dedication,,,,,
,,"Pulitzer, Joseph ",,,,,,,,"November 27, 1886",,,1,0,,2907,Still Image,"Original Format: Draft letter, with autograph corrections",,,,,,,Box 6,,,http://www.columbia.edu/cgi-bin/cul/dev/dlo2?obj=pulitzer_100018029,,,,,,,,,,,Joseph Pulitzer and The World,,"Gift of Joseph Pulitzer, Jr.",,,Pulitzer Papers,"Columbia University, Rare Book & Manuscript Library",New York,,,,,,,,,,,,,,,,,,,,,1886-11-27 ,,"Draft letter, with autograph corrections, to Dr. Mumford",,,,,
,,World,,,,,,,,[March 1885],,,1,0,,2906,Still Image,Original Format: Printed and manuscript document,,,https://exhibitions.cul.columbia.edu/exhibits/show/pulitzer/the-world/the-world,,,,Box 8,,,http://www.columbia.edu/cgi-bin/cul/dev/dlo2?obj=pulitzer_100018028,,,,,,,,,,,Joseph Pulitzer and The World,,"Gift of Joseph Pulitzer, Jr.",,,World Papers,"Columbia University, Rare Book & Manuscript Library",New York,,,,,,,,,,,,,,,,,,,,,1885-03 ,,Phenomenal Success and the Figures to Prove It,,,,,
,,"Pulitzer, Joseph ",,,,,,,,"December 8, 1886",,,1,0,,2905,Still Image,"Original Format: Draft letter, signed",,,https://exhibitions.cul.columbia.edu/exhibits/show/pulitzer/the-world/working-at-the-world,,,,Box 8,,,http://www.columbia.edu/cgi-bin/cul/dev/dlo2?obj=pulitzer_100018027,,,,,,,,,,,Joseph Pulitzer and The World,,"Gift of Joseph Pulitzer, Jr.",,,World Papers,"Columbia University, Rare Book & Manuscript Library",New York,,,,,,,,,,,,,,,,,,,,,1886-12-08 ,,"Draft letter of introduction, with autograph corrections, signed, for John A. Cockerill",,,,,
,,World,,,,,,,,"May, 1888",,,1,0,,2904,Still Image,Original Format: Manuscript document,,,https://exhibitions.cul.columbia.edu/exhibits/show/pulitzer/the-world/the-world,,,,Box 10,,,http://www.columbia.edu/cgi-bin/cul/dev/dlo2?obj=pulitzer_100018026,,,,,,,,,,,Joseph Pulitzer and The World,,"Gift of Joseph Pulitzer, Jr.",,,World Papers,"Columbia University, Rare Book & Manuscript Library",New York,,,,,,,,,,,,,,,,,,,,,1888-05 ,,Earnings For the Week ending May 26th 1888,,,,,
,,"Pulitzer, Joseph ",,,,,,,,1903-1905,,,1,0,,2903,Still Image,Original Format: Typescript,,,,,,,Box 5,,,http://www.columbia.edu/cgi-bin/cul/dev/dlo2?obj=pulitzer_100018025c,,,,,,,,,,,Joseph Pulitzer and The World,,Gift of Mrs. Louis M. Starr 1983-1984,,,Starr Papers,"Columbia University, Rare Book & Manuscript Library",New York,,,,,,,,,,,,,,,,,,,,,1903 1905,,"Transcripts of Pitman shorthand notebooks, page 4",,,,,
,,"Pulitzer, Joseph ",,,,,,,,1903-1905,,,1,0,,2902,Still Image,Original Format: Typescript,,,,,,,Box 5,,,http://www.columbia.edu/cgi-bin/cul/dev/dlo2?obj=pulitzer_100018025b,,,,,,,,,,,Joseph Pulitzer and The World,,Gift of Mrs. Louis M. Starr 1983-1984,,,Starr Papers,"Columbia University, Rare Book & Manuscript Library",New York,,,,,,,,,,,,,,,,,,,,,1903 1905,,"Transcripts of Pitman shorthand notebooks, page 3",,,,,
,,"Pulitzer, Joseph ",,,,,,,,1903-1905,,,1,0,,2901,Still Image,Original Format: Typescript,,,,,,,Box 5,,,http://www.columbia.edu/cgi-bin/cul/dev/dlo2?obj=pulitzer_100018025a,,,,,,,,,,,Joseph Pulitzer and The World,,Gift of Mrs. Louis M. Starr 1983-1984,,,Starr Papers,"Columbia University, Rare Book & Manuscript Library",New York,,,,,,,,,,,,,,,,,,,,,1903 1905,,"Transcripts of Pitman shorthand notebooks, page 2",,,,,
,,"Pulitzer, Joseph ",,,,,,,,1903-1905,,,1,0,,2900,Still Image,Original Format: Typescript,,,https://exhibitions.cul.columbia.edu/exhibits/show/pulitzer/pulitzer-biographies/pulitzer-biographies,,,,Box 5,,,http://www.columbia.edu/cgi-bin/cul/dev/dlo2?obj=pulitzer_100018025,,,,,,,,,,,Joseph Pulitzer and The World,,Gift of Mrs. Louis M. Starr 1983-1984,,,Starr Papers,"Columbia University, Rare Book & Manuscript Library",New York,,,,,,,,,,,,,,,,,,,,,1903 1905,,"Transcripts of Pitman shorthand notebooks, page 1",,,,,
,,World Composing Room,,,,,,,,"November 15, 1883",,,1,0,,2899,Still Image,"Original Format: Manuscript document, signed",,,https://exhibitions.cul.columbia.edu/exhibits/show/pulitzer/the-world/working-at-the-world,,,,Box 7,,,http://www.columbia.edu/cgi-bin/cul/dev/dlo2?obj=pulitzer_100018024,,,,,,,,,,,Joseph Pulitzer and The World,,"Gift of Joseph Pulitzer, Jr.",,,World Papers,"Columbia University, Rare Book & Manuscript Library",New York,,,,,,,,,,,,,,,,,,,,,1883-11-15 ,,"Autograph letter, signed by 49 compositors",,,,,
,,"Olney, George W. ",,,,,,,,"November 1, 1883",,,1,0,,2898,Still Image,"Original Format: Autograph letter, signed",,,https://exhibitions.cul.columbia.edu/exhibits/show/pulitzer/the-world/the-world,,,,Box 7,,,http://www.columbia.edu/cgi-bin/cul/dev/dlo2?obj=pulitzer_100018023,,,,,,,,,,,Joseph Pulitzer and The World,,"Gift of Joseph Pulitzer, Jr.",,,World Papers,"Columbia University, Rare Book & Manuscript Library",New York,,,,,,,,,,,,,,,,,,,,,1883-11-01 ,,"Autograph letter, signed, to Joseph Pulitzer ",,,,,
,,World,,,,,,,,[1889],,,1,0,,2897,Still Image,Original Format: Printed newspaper clipping,,,https://exhibitions.cul.columbia.edu/exhibits/show/pulitzer/the-world/the-world,,,,Box 10,,,http://www.columbia.edu/cgi-bin/cul/dev/dlo2?obj=pulitzer_100018022,,,,,,,,,,,Joseph Pulitzer and The World,,"Gift of Joseph Pulitzer, Jr.",,,World Papers,"Columbia University, Rare Book & Manuscript Library",New York,,,,,,,,,,,,,,,,,,,,,1889,,"The World, clipping, Masthead 1889",,,,,
,,"Dillon, John A. ",,,,,,,,"July 8, 1885",,,1,0,,2896,Still Image,"Original Format: Autograph letter, signed",,,https://exhibitions.cul.columbia.edu/exhibits/show/pulitzer/pulitzer-family/health-problems,,,,Box 5,,,http://www.columbia.edu/cgi-bin/cul/dev/dlo2?obj=pulitzer_100018021,,,,,,,,,,,Joseph Pulitzer and The World,,"Gift of Joseph Pulitzer, Jr.",,,Pulitzer Papers,"Columbia University, Rare Book & Manuscript Library",St. Louis,,,,,,,,,,,,,,,,,,,,,1885-07-08 ,,"Autograph letter, signed, to Joseph Pulitzer ",,,,,
,,World,,,,,,,,"May 11, 1883",,,1,0,,2895,Still Image,Original Format: Printed newspaper,,,https://exhibitions.cul.columbia.edu/exhibits/show/pulitzer/the-world/the-world,,,,Box 10,,,http://www.columbia.edu/cgi-bin/cul/dev/dlo2?obj=pulitzer_100018020,,,,,,,,,,,Joseph Pulitzer and The World,,,,,World Papers,"Columbia University, Rare Book & Manuscript Library",New York,,,,,,,,,,,,,,,,,,,,,1883-05-11 ,,"The World, May 11, 1883",,,,,
,,World,,,,,,,,[1888],,,1,0,,2894,Still Image,Original Format: Printed book,,,https://exhibitions.cul.columbia.edu/exhibits/show/pulitzer/the-world/the-world,,,,Box 10,,,http://www.columbia.edu/cgi-bin/cul/dev/dlo2?obj=pulitzer_100018019a,,,,,,,,,,,Joseph Pulitzer and The World,,"Gift of Joseph Pulitzer, Jr.",,,World Papers,"Columbia University, Rare Book & Manuscript Library",New York,,,,,,,,,,,,,,,,,,,,,1888,,"The World 1889 Almanac, back ",,,,,
,,World,,,,,,,,[1888],,,1,0,,2893,Still Image,Original Format: Printed book,,,https://exhibitions.cul.columbia.edu/exhibits/show/pulitzer/the-world/the-world,,,,Box 10,,,http://www.columbia.edu/cgi-bin/cul/dev/dlo2?obj=pulitzer_100018019,,,,,,,,,,,Joseph Pulitzer and The World,,"Gift of Joseph Pulitzer, Jr.",,,World Papers,"Columbia University, Rare Book & Manuscript Library",New York,,,,,,,,,,,,,,,,,,,,,1888,,"The World 1889 Almanac, front ",,,,,
,,Steam Yacht Liberty,,,,,,,,March 1908 - February 1909,,,1,0,,2892,Still Image,Original Format: Ledger,,,https://exhibitions.cul.columbia.edu/exhibits/show/pulitzer/pulitzer-family/homes,,,,Box 49,,,http://www.columbia.edu/cgi-bin/cul/dev/dlo2?obj=pulitzer_100018018,,,,,,,,,,,Joseph Pulitzer and The World,,"Gift of Joseph Pulitzer, Jr.",,,Pulitzer Papers,"Columbia University, Rare Book & Manuscript Library",Leith and various places,,,,,,,,,,,,,,,,,,,,,1908-03 1909-02,,Official Charges account book,,,,,
,,"Davis, Varina Howell ",,,,,,,,3-Jan.-06,,,1,0,,2891,Still Image,"Original Format: Autograph letter, signed",,,https://exhibitions.cul.columbia.edu/exhibits/show/pulitzer/pulitzer-family/family-letters,,,,Box 2,,,http://www.columbia.edu/cgi-bin/cul/dev/dlo2?obj=pulitzer_100018017,,,,,,,,,,,Joseph Pulitzer and The World,,"Gift of Joseph Pulitzer, Jr.",,,Pulitzer Papers,"Columbia University, Rare Book & Manuscript Library",New York,,,,,,,,,,,,,,,,,,,,,733,,"Autograph letter, signed, to Joseph Pulitzer",,,,,
,,"Marble, Manton ",,,,,,,,"January 14, [1888]",,,1,0,,2890,Still Image,"Original Format: Autograph letter, signed",,,https://exhibitions.cul.columbia.edu/exhibits/show/pulitzer/pulitzer-family/health-problems,,,,Box 2,,,http://www.columbia.edu/cgi-bin/cul/dev/dlo2?obj=pulitzer_100018016,,,,,,,,,,,Joseph Pulitzer and The World,,"Gift of Joseph Pulitzer, Jr.",,,Pulitzer Papers,"Columbia University, Rare Book & Manuscript Library",Washington,,,,,,,,,,,,,,,,,,,,,1888-01-14 ,,"Autograph letter, signed, to Kate Davis Pulitzer",,,,,
,,"Mitchell, S. Weir ",,,,,,,,"[December 18, 1891]",,,1,0,,2889,Still Image,Original Format: Typed letter ,,,,,,,Box 10,,,http://www.columbia.edu/cgi-bin/cul/dev/dlo2?obj=pulitzer_100018015b,,,,,,,,,,,Joseph Pulitzer and The World,,,,,Pulitzer Papers,"Columbia University, Rare Book & Manuscript Library",Philadelphia,,,,,,,,,,,,,,,,,,,,,1891-12-18 ,,Typed letter to Kate Davis Pulitzer,,,,,
,,"Mitchell, S. Weir ",,,,,,,,"[December 18, 1891]",,,1,0,,2888,Still Image,Original Format: Typed letter ,,,https://exhibitions.cul.columbia.edu/exhibits/show/pulitzer/pulitzer-family/health-problems,,,,Box 10,,,http://www.columbia.edu/cgi-bin/cul/dev/dlo2?obj=pulitzer_100018015a,,,,,,,,,,,Joseph Pulitzer and The World,,,,,Pulitzer Papers,"Columbia University, Rare Book & Manuscript Library",Philadelphia,,,,,,,,,,,,,,,,,,,,,1891-12-18 ,,Typed letter to Kate Davis Pulitzer,,,,,
,,"Mitchell, S. Weir ",,,,,,,,"[December 18, 1891]",,,1,0,,2887,Still Image,Original Format: Envelope,,,https://exhibitions.cul.columbia.edu/exhibits/show/pulitzer/pulitzer-family/health-problems,,,,Box 10,,,http://www.columbia.edu/cgi-bin/cul/dev/dlo2?obj=pulitzer_100018015,,,,,,,,,,,Joseph Pulitzer and The World,,,,,Pulitzer Papers,"Columbia University, Rare Book & Manuscript Library",Philadelphia,,,,,,,,,,,,,,,,,,,,,1891-12-18 ,,Envelope to Kate Davis Pulitzer,,,,,
,,St. Louis Post Dispatch,,,,,,,ex,"October 7, 1889",,,1,0,,2886,Still Image,Original Format: Newspaper,,eng,https://exhibitions.cul.columbia.edu/exhibits/show/pulitzer/the-world/the-st--louis-post-dispatch,nnc-rb,,,Box 10,,,http://www.columbia.edu/cgi-bin/cul/dev/dlo2?obj=pulitzer_100018014,,rd,,,,,,,,,Joseph Pulitzer and The World,,,,eng,World Papers,"Columbia University, Rare Book & Manuscript Library",St. Louis,,,,,,,,,,,,,,,,,,,,,1889-10-07 ,,St. Louis Post Dispatch,,,,,
,,"Pulitzer, Ralph ",,,,,,,,"June 9, 1887",,,1,0,,2885,Still Image,"Original Format: Autograph letter, signed",,,https://exhibitions.cul.columbia.edu/exhibits/show/pulitzer/pulitzer-family/family-life,,,,Box 7,,,http://www.columbia.edu/cgi-bin/cul/dev/dlo2?obj=pulitzer_100018013e,,,,,,,,,,,Joseph Pulitzer and The World,,"Gift of Joseph Pulitzer, Jr.",,,Pulitzer Papers,"Columbia University, Rare Book & Manuscript Library",New York,,,,,,,,,,,,,,,,,,,,,1887-06-09 ,,"Autograph letter, signed, to Kate Pulitzer",,,,,
,,"Pulitzer, Ralph ",,,,,,,,"June 9, 1887",,,1,0,,2884,Still Image,"Original Format: Autograph letter, signed",,,https://exhibitions.cul.columbia.edu/exhibits/show/pulitzer/pulitzer-family/family-life,,,,Box 7,,,http://www.columbia.edu/cgi-bin/cul/dev/dlo2?obj=pulitzer_100018013d,,,,,,,,,,,Joseph Pulitzer and The World,,"Gift of Joseph Pulitzer, Jr.",,,Pulitzer Papers,"Columbia University, Rare Book & Manuscript Library",New York,,,,,,,,,,,,,,,,,,,,,1887-06-09 ,,"Autograph letter, signed, to Kate Pulitzer",,,,,
,,"Pulitzer, Lucille",,,,,,,,"June 9, 1887",,,1,0,,2883,Still Image,"Original Format: Autograph letter, signed",,,https://exhibitions.cul.columbia.edu/exhibits/show/pulitzer/pulitzer-family/family-life,,,,Box 7,,,http://www.columbia.edu/cgi-bin/cul/dev/dlo2?obj=pulitzer_100018013c,,,,,,,,,,,Joseph Pulitzer and The World,,"Gift of Joseph Pulitzer, Jr.",,,Pulitzer Papers,"Columbia University, Rare Book & Manuscript Library",New York,,,,,,,,,,,,,,,,,,,,,1887-06-09 ,,"Autograph letter, signed, to Joseph Pulitzer",,,,,
,,"Pulitzer, Lucille",,,,,,,,"June 9, 1887",,,1,0,,2882,Still Image,"Original Format: Autograph letter, signed",,,https://exhibitions.cul.columbia.edu/exhibits/show/pulitzer/pulitzer-family/family-life,,,,Box 7,,,http://www.columbia.edu/cgi-bin/cul/dev/dlo2?obj=pulitzer_100018013b,,,,,,,,,,,Joseph Pulitzer and The World,,"Gift of Joseph Pulitzer, Jr.",,,Pulitzer Papers,"Columbia University, Rare Book & Manuscript Library",New York,,,,,,,,,,,,,,,,,,,,,1887-06-09 ,,"Autograph letter, signed, to Joseph Pulitzer",,,,,
,,"Pulitzer, Lucille",,,,,,,,"June 9, 1887",,,1,0,,2881,Still Image,"Original Format: Autograph letter, signed",,,https://exhibitions.cul.columbia.edu/exhibits/show/pulitzer/pulitzer-family/family-life,,,,Box 7,,,http://www.columbia.edu/cgi-bin/cul/dev/dlo2?obj=pulitzer_100018013a,,,,,,,,,,,Joseph Pulitzer and The World,,"Gift of Joseph Pulitzer, Jr.",,,Pulitzer Papers,"Columbia University, Rare Book & Manuscript Library",New York,,,,,,,,,,,,,,,,,,,,,1887-06-09 ,,"Autograph letter, signed, to Joseph Pulitzer",,,,,
,,"Pulitzer, Ralph ",,,,,,,,"June 9, 1887",,,1,0,,2880,Still Image,Original Format: Autograph Envelope,,,https://exhibitions.cul.columbia.edu/exhibits/show/pulitzer/pulitzer-family/family-life,,,,Box 7,,,http://www.columbia.edu/cgi-bin/cul/dev/dlo2?obj=pulitzer_100018013,,,,,,,,,,,Joseph Pulitzer and The World,,"Gift of Joseph Pulitzer, Jr.",,,Pulitzer Papers,"Columbia University, Rare Book & Manuscript Library",New York,,,,,,,,,,,,,,,,,,,,,1887-06-09 ,,Envelope addressed to Mrs. Pultizer ,,,,,
,,Claridge,,,,,,,,no date,,,1,0,,2879,Still Image,Original Format: Manuscript,,,https://exhibitions.cul.columbia.edu/exhibits/show/pulitzer/pulitzer-family/family-letters,,,,Box 4,,,http://www.columbia.edu/cgi-bin/cul/dev/dlo2?obj=pulitzer_100018010,,,,,,,,,,,Joseph Pulitzer and The World,,"Gift of Joseph Pulitzer, Jr.",,,Pulitzer Papers,"Columbia University, Rare Book & Manuscript Library",London,,,,,,,,,,,,,,,,,,,,,,,Account for Edith Pulitzer,,,,,
,,"Pulitzer, Joseph and Kate",,,,,,,,no date,,,1,0,,2878,Still Image,Original Format: Calling card,,,https://exhibitions.cul.columbia.edu/exhibits/show/pulitzer/pulitzer-family/homes,,,,Box 4,,,http://www.columbia.edu/cgi-bin/cul/dev/dlo2?obj=pulitzer_100018009,,,,,,,,,,,Joseph Pulitzer and The World,,"Gift of Joseph Pulitzer, Jr.",,,Pulitzer Papers,"Columbia University, Rare Book & Manuscript Library",[New York],,,,,,,,,,,,,,,,,,,,,,,"Calling card, Chatwold, Bar Harbor",,,,,
,,,,,,,,,,1900s,,,1,0,,2877,Still Image,Original Format: Photograph,,,https://exhibitions.cul.columbia.edu/exhibits/show/pulitzer/pulitzer-family/homes,,,,Box 30,,,http://www.columbia.edu/cgi-bin/cul/dev/dlo2?obj=pulitzer_100018008,,,,,,,,,,,Joseph Pulitzer and The World,,"Gift of W. A. Swanberg, 1984",,,Swanberg Papers,"Columbia University, Rare Book & Manuscript Library","Bar Harbor, Maine",,,,,,,,,,,,,,,,,,,,,,,"Photograph of Pulitzer home,Chatwold, Bar Harbor",,,,,
,,"Baker, Floyd E. ",,,,,,,,1890s,,,1,0,,2876,Still Image,Original Format: Photograph,,,https://exhibitions.cul.columbia.edu/exhibits/show/pulitzer/pulitzer-family/homes,,,,Box 30,,,http://www.columbia.edu/cgi-bin/cul/dev/dlo2?obj=pulitzer_100018007,,,,,,,,,,,Joseph Pulitzer and The World,,"Gift of W. A. Swanberg, 1984",,,Swanberg Papers,"Columbia University, Rare Book & Manuscript Library",New York,,,,,,,,,,,,,,,,,,,,,,,"Photograph of Pulitzer home, #17, East 73rd St., New York",,,,,
,,"Sarony, New York",,,,,,,ex,ca. 1889,,,1,0,,2875,Still Image,Original Format: Photograph,,eng,https://exhibitions.cul.columbia.edu/exhibits/show/pulitzer/pulitzer-family/family,nnc-rb,,,"World Papers, Box 10",,,http://www.columbia.edu/cgi-bin/cul/dev/dlo2?obj=pulitzer_100018006,,rd,,,,,,,,,Joseph Pulitzer and The World,,,,eng,World Papers,"Columbia University, Rare Book & Manuscript Library",New York,,,,,,,,,,,,,,,,,,,,,,,Photograph of Kate Davis Pulitzer,,,,,
,,"Navar, Paris",,,,,,,ex,"June, 1889",,,1,0,,2874,Still Image,Original Format: Photograph,,eng,https://exhibitions.cul.columbia.edu/exhibits/show/pulitzer/pulitzer-family/family,nnc-rb,,,"World Papers, Box 10",,,http://www.columbia.edu/cgi-bin/cul/dev/dlo2?obj=pulitzer_100018005,,rd,,,,,,,,,Joseph Pulitzer and The World,,,,eng,World Papers,"Columbia University, Rare Book & Manuscript Library",Paris,,,,,,,,,,,,,,,,,,,,,1889-06 ,,Photograph of Constance Helen Pulitzer,,,,,
,,"Navar, Paris",,,,,,,ex,"June, 1889",,,1,0,,2873,Still Image,Original Format: Photograph,,eng,https://exhibitions.cul.columbia.edu/exhibits/show/pulitzer/pulitzer-family/family,nnc-rb,,,"World Papers, Box 10",,,http://www.columbia.edu/cgi-bin/cul/dev/dlo2?obj=pulitzer_100018004,,rd,,,,,,,,,Joseph Pulitzer and The World,,,,eng,World Papers,"Columbia University, Rare Book & Manuscript Library",Paris,,,,,,,,,,,,,,,,,,,,,1889-06 ,,Photograph of Ralph Pulitzer,,,,,
,,"Navar, Paris",,,,,,,ex,"June, 1889",,,1,0,,2872,Still Image,Original Format: Photograph,,eng,https://exhibitions.cul.columbia.edu/exhibits/show/pulitzer/pulitzer-family/family,nnc-rb,,,"World Papers, Box 10",,,http://www.columbia.edu/cgi-bin/cul/dev/dlo2?obj=pulitzer_100018003,,rd,,,,,,,,,Joseph Pulitzer and The World,,,,eng,World Papers,"Columbia University, Rare Book & Manuscript Library",Paris,,,,,,,,,,,,,,,,,,,,,1889-06 ,,Photograph of Lucille Pulitzer,,,,,
,,"Falk, New York",,,,,,,ex,ca. 1889,,,1,0,,2871,Still Image,Original Format: Photograph,,eng,https://exhibitions.cul.columbia.edu/exhibits/show/pulitzer/pulitzer-family/family,nnc-rb,,,"World Papers, Box 10",,,http://www.columbia.edu/cgi-bin/cul/dev/dlo2?obj=pulitzer_100018002,,rd,,,,,,,,,Joseph Pulitzer and The World,,"Gift of Joseph Pulitzer, Jr.",,eng,World Papers,"Columbia University, Rare Book & Manuscript Library",New York,,,,,,,,,,,,,,,,,,,,,,,Photograph of Joseph Pulitzer,,,,,
,,"Sargent, John Singer",,,,,,,,"May 18, 1905",,,1,0,,2870,Still Image,"Original Format: Autograph letter, signed",Physical Dimensions: 1 page,,https://exhibitions.cul.columbia.edu/exhibits/show/pulitzer/pulitzer-family/family-portraits,,,,Box 3,,,http://www.columbia.edu/cgi-bin/cul/dev/dlo2?obj=pulitzer_100018001,,,,,,,,,,,Joseph Pulitzer and The World,,"Gift of Joseph Pulitzer, Jr.",,,"Columbia University, Rare Book & Manuscript Library",,London,,,,,,,,,,,,,,,,,,,,,1905-05-18,,"Autograph letter, signed, to Joseph Pulitzer",,,,,
