use_and_reproduction-1:use_and_reproduction_value,_pid,partName,projectURL,_identifiers-1,relatedItem_project,_project.string_key,title-1:title_sort_portion,_digital_object_type.string_key,title-1:title_non_sort_portion,_parent_digital_objects-1.identifier,omeka_identifier-1:omeka_identifier_value,note-3:note_type,form-2:form_term.uri,form-2:form_term.value,location-1:location_term.uri,location-1:location_term.code,location-1:location_term.value,location-1:location_term.authority,date_created-1:date_created_end_value,digital_origin-1:digital_origin_value,date_created-1:date_created_start_value,type_of_resource-1:type_of_resource_value,date_created_textual-1:date_created_textual_value,language-1:language_term.uri,language-1:language_term.value,language-1:language_term.authority,note-2:note_type,note-2:note_value,name-1:name_term.uri,name-1:name_term.value,name-1:name_term.name_type,name-1:name_term.authority,name-1:name_role-1.name_role_term.uri,name-1:name_role-1.name_role_term.value,name-1:name_role-1.name_role_term.authority,genre-1:genre_term.uri,genre-1:genre_term.value,genre-1:genre_term.authority,note-5:note_type,note-5:note_value,location-1:location_shelf_location-1.location_shelf_location_free_text,location-1:location_shelf_location-1.location_shelf_location_box_number,location-1:location_shelf_location-1.location_shelf_location_folder_number,collection-1:collection_term.uri,collection-1:collection_term.value,date_created-1:date_created_type,subject_name-1:subject_name_term.uri,subject_topic-1:subject_topic_term.uri,subject_name-1:subject_name_term.value,subject_title-1:subject_title_term.uri,subject_topic-1:subject_topic_term.value,subject_title-1:subject_title_term.value,subject_name-1:subject_name_term.name_type,subject_name-1:subject_name_term.authority,subject_topic-1:subject_topic_term.authority,subject_title-1:subject_title_term.authority,subject_hierarchical_geographic-1:subject_hierarchical_geographic_city_text_value,subject_hierarchical_geographic-1:subject_hierarchical_geographic_state_text_value,subject_hierarchical_geographic-1:subject_hierarchical_geographic_county_text_value,subject_hierarchical_geographic-1:subject_hierarchical_geographic_borough_text_value,subject_hierarchical_geographic-1:subject_hierarchical_geographic_province_text_value,subject_hierarchical_geographic-1:subject_hierarchical_geographic_street-1.subject_hierarchical_geographic_street_value,note-1:note_type,note-1:note_value,publisher-1:publisher_value,place_of_origin-1:place_of_origin_value,clio_identifier-1:clio_identifier_value
, , , , ,In Service to the New Nation: The Life and Legacy of John Jay, ,Creating a National Government, , , ,12468,,,,,,,,,,,,,,,,filename,jj_headers5.jpg,,,,,,,,,,,,,,,,,,,,,,,,,,,,,,,,,,,,,,,
, , , , ,In Service to the New Nation: The Life and Legacy of John Jay, ,Diplomacy Banner, , , ,12466,,,,,,,,,,,,,,,,filename,jj_headers4.jpg,,,,,,,,,,,,,,,,,,,,,,,,,,,,,,,,,,,,,,,
, , , , ,In Service to the New Nation: The Life and Legacy of John Jay, ,Intro Page Banner, , , ,12465,,,,,,,,,,,,,,,,filename,jj_headers9.jpg,,,,,,,,,,,,,,,,,,,,,,,,,,,,,,,,,,,,,,,
, , , , ,In Service to the New Nation: The Life and Legacy of John Jay, ,Chief Justice of the U.S. Supreme Court Banner, , , ,12464,,,,,,,,,,,,,,,,filename,jj_headers7.jpg,,,,,,,,,,,,,,,,,,,,,,,,,,,,,,,,,,,,,,,
, , , , ,In Service to the New Nation: The Life and Legacy of John Jay, ,Slavery & Abolition Banner, , , ,12463,,,,,,,,,,,,,,,,filename,jj_headers6.jpg,,,,,,,,,,,,,,,,,,,,,,,,,,,,,,,,,,,,,,,
, , , , ,In Service to the New Nation: The Life and Legacy of John Jay, ,Governor of New York Banner, , , ,12462,,,,,,,,,,,,,,,,filename,jj_headers8.jpg,,,,,,,,,,,,,,,,,,,,,,,,,,,,,,,,,,,,,,,
, , , , ,In Service to the New Nation: The Life and Legacy of John Jay, ,Governor Jay's March Video, , , ,12461,,,,,,,,,,,,,,,,filename,IMG_0064 (4).mov,,,,,,,,,,,,,,,,,,,,,,,,,,,,,,,,,,,,,,,
, , , , ,In Service to the New Nation: The Life and Legacy of John Jay, ,Home & Family Banner, , , ,12460,,,,,,,,,,,,,,,,filename,jj_headers3.jpg,,,,,,,,,,,,,,,,,,,,,,,,,,,,,,,,,,,,,,,
, , , , ,In Service to the New Nation: The Life and Legacy of John Jay, ,King's College Banner, , , ,12459,,,,,,,,,,,,,,,,filename,jj_headers.jpg,,,,,,,,,,,,,,,,,,,,,,,,,,,,,,,,,,,,,,,
, , , , ,In Service to the New Nation: The Life and Legacy of John Jay, ,American Revolution Banner, , , ,12458,,,,,,,,,,,,,,,,filename,jj_headers2.jpg,,,,,,,,,,,,,,,,,,,,,,,,,,,,,,,,,,,,,,,
Public Access, , , , ,In Service to the New Nation: The Life and Legacy of John Jay, ,"John Jay's Oath as Chief Justice of the Supreme Court, attested to by Richard Morris, front", , , ,12454,original_format, ,legal documents, , ,"Rare Book & Manuscript Library, Columbia University",local, ,reformatted digital, ,Still Image,19 October 1789, ,English,iso639-2,filename,https://exhibitions-dev.library.columbia.edu/SCOTUS_OATH.jpg, ,"Morris, Richard, 1730-1810", , , , , ,,,,holdings, ,Box 56, , , ,John Jay Papers,still image,,,,,,,,,,,,,,,,, ,original filename: SCOTUS OATH.tif SCOTUS Oath,,,
Public Access, , , , ,In Service to the New Nation: The Life and Legacy of John Jay, ,"[Commission of John Jay, Benjamin Franklin, Henry Laurens, and Thomas Jefferson to join John Adams in accepting mediation], front", , , ,12453,original_format, ,documents, , ,"Rare Book & Manuscript Library, Columbia University",local, ,reformatted digital, ,Still Image,21 July 1785, ,English|Spanish,iso639-2,filename,https://exhibitions-dev.library.columbia.edu/JJ_Spain_Commission.jpg,,,,,,,,,,,holdings, ,Box 61, , , ,John Jay Papers,still image,,,,,,,,,,,,,,,,, ,original filename: JJ Spain Commission.tif Jay's Commission to Negotiate with Spain,,,
Public Access, , , , ,In Service to the New Nation: The Life and Legacy of John Jay, ,"Fort Jay (Photograph), front", , , ,12452,original_format, ,photographs, , ,Private Collection,local, ,reformatted digital, ,Still Image,1 September 2017, ,English,iso639-2,filename,https://exhibitions-dev.library.columbia.edu/IMG_5326.jpg, ,"Haberman, Robb K.", , , , , ,,,,,,,,,,,still image, , , , ,Fort Jay (N.Y.), , , , , , , , , , , , ,original filename: IMG_5326.jpeg Fort Jay (photograph),,,
Public Access, , , , ,In Service to the New Nation: The Life and Legacy of John Jay, ,"A New Medley Overture as Performed at the Theatre with Great Applause Selected & Composed by J. Hewitt, page 6", , , ,12451,original_format, ,music, , ,"Rare Book & Manuscript Library, Columbia University",local, ,reformatted digital, ,Still Image,circa 1799-1800, ,English,iso639-2,filename,https://exhibitions-dev.library.columbia.edu/Governor_Jay_s_March.jpg, ,"Hewitt, James, 1770-1827", , , , , ,,,,holdings, ,Box 87, , , ,Hunt-Berol Sheet Music Collection,approximate,,,,,,,,,,,,,,,,, ,original filename: Governor Jay's March.tif A New Medley Overture as Performed at the Theatre with Great Applause Selected & Composed by J. Hewitt,B. Carr,Philadelphia|Baltimore,
Public Access, , , , ,In Service to the New Nation: The Life and Legacy of John Jay, ,"Draft of The Federalist 5, front ""Queen Anne in her letter""", , , ,12450,original_format, ,manuscripts, , ,"Rare Book & Manuscript Library, Columbia University",local, ,reformatted digital, ,Still Image,before 10 Nov. 1787, ,English,iso639-2,filename,https://exhibitions-dev.library.columbia.edu/Fed_5.jpg, ,"Jay, John, 1745-1829", , , , , ,,,,holdings, ,Item 23, , , ,John Jay Papers,inferred,,,,,,,,,,,,,,,,, ,original filename: Fed 5.tif Draft Federalist 5,,,
Public Access, , , , ,In Service to the New Nation: The Life and Legacy of John Jay, ,"Circuit Court Diary, page beginning ""Octr 1790 parted with Judge Cushing""", , , ,12449,original_format, ,diaries, , ,"Rare Book & Manuscript Library, Columbia University",local, ,reformatted digital, ,Still Image,"between April 16, 1790 and August 4, 1792", ,English,iso639-2,filename,https://exhibitions-dev.library.columbia.edu/Circuit_Court_Diary.jpg, ,"Jay, John, 1745-1829", , , , , ,,,,holdings, ,Box 11, , , ,John Jay Papers,approximate,,,,,,,,,,,,,,,,, ,original filename: Circuit Court Diary.tif Circuit Court Diary,,,
Public Access, , , , ,In Service to the New Nation: The Life and Legacy of John Jay, ,"Address to the People of the State of New York on the Subject of the Constiitution, title page", , , ,12448,original_format, ,pamphlets, , ,"Rare Book & Manuscript Library, Columbia University",local, ,reformatted digital, ,Still Image,1788, ,English,iso639-2,filename,https://exhibitions-dev.library.columbia.edu/Address_to_the_People_of_NY.jpg, ,"Jay, John, 1745-1829", , , , , ,,,,holdings, ,"Series III: King's College Manuscripts, Box 13 Folder 9", , , ,Columbiana Manuscripts,still image,,,,,,,,,,,,,,,,, ,original filename: Address to the People of NY.tif Address to the People of the State of New York,Samuel and John Loudon,New York,
Public Access, , , , ,In Service to the New Nation: The Life and Legacy of John Jay, ,"Sarah Jay and Her Children, front", , , ,12447,original_format, ,prints, , ,Private Collection,local, ,reformatted digital, ,Still Image,1797, ,English,iso639-2,filename,https://exhibitions-dev.library.columbia.edu/15SLJ_Children.jpg, ,"Sharples, James, 1752-1811", , , , , ,,,,,,,,,,,approximate, , , , ,"Jay, Sarah Livingston", , , , , , , , , , , , ,original filename: 15SLJ&Children.tif Sarah Jay and Her Children,,,
Public Access, , , , ,In Service to the New Nation: The Life and Legacy of John Jay, ,A Chart of Newyork harbour, , , ,12446,original_format, ,maps, , ,"Butler Library, Columbia University",local, ,reformatted digital, ,Still Image,circa 1800, ,English,iso639-2,filename,https://exhibitions-dev.library.columbia.edu/10NYC_Harbor_Defense_Map.jpg, ,"Nuxoll, Elizabeth Miles, 1943-|Gallagher, Mary A. Y.|Haberman, Robb K.|Steenshorne, Jennifer E. |Vogel, Brant M.", , , , , ,,,,,,,,,,,approximate,,,,,,,,,,,,,,,,, ,"original filename: 10 NYC Harbor Defense Map.JPG Chart of NY Harbor|The ""chart of Newyork harbour,"" is taken from the National Archives and Records Administration. The image was taken from a high resolution image that has been purchased for use by the John Jay Papers volumes. it appeared in volume 6, page 400.",,,
Public Access, , , , ,In Service to the New Nation: The Life and Legacy of John Jay, ,"Lord Grenville Calling Card, front ", , , ,12445,original_format, ,ephemera, , ,"Rare Book & Manuscript Library, Columbia University",local, ,reformatted digital, ,Still Image,8 April 1795, ,English,iso639-2,filename,https://exhibitions-dev.library.columbia.edu/09Invite.jpg, ,"Grenville, William Wyndham, Grenville, Baron, 1759-1834", , , , , ,,,,holdings, ,Box 63, , , ,John Jay Papers,still image,,,,,,,,,,,,,,,,, ,original filename: 09invite.tif Grenville Calling Card,,,
Public Access, , , , ,In Service to the New Nation: The Life and Legacy of John Jay, ,"Map of the Northwestern Boundary of the United States, front", , , ,12444,original_format, ,maps, , ,"Rare Book & Manuscript Library, Columbia University",local, ,reformatted digital, ,Still Image,4 September 1794, ,English,iso639-2,filename,https://exhibitions-dev.library.columbia.edu/07Trumbull_map_1.jpg, ,"Trumbull, John, 1756-1843", , , , , ,,,,holdings, ,Box 60, , , ,John Jay Papers,still image, , , , ,United States, , , , , , , , , , , , ,original filename: 07Trumbull map 1.tif John Trumbull Map,,,
Public Access, , , , ,In Service to the New Nation: The Life and Legacy of John Jay, ,"Alexander Hamilton to John Jay, detail of endorsement", , , ,12443,original_format, ,correspondence, , ,"Rare Book & Manuscript Library, Columbia University",local, ,reformatted digital, ,Still Image,7 May 1800, ,English,iso639-2,filename,https://exhibitions-dev.library.columbia.edu/02HamiltonLetter_detail.jpg, ,"Hamilton, Alexander, 1757-1804|Jay, John, 1745-1829", , , , , ,,,,holdings, ,Box 10, , , ,John Jay Papers,still image,,,,,,,,,,,,,,,,, ,original filename: 02HamiltonLetter-detail.tif 2000370009 Hamilton Letter Endorsement (detail),,,
Public Access, , , , ,In Service to the New Nation: The Life and Legacy of John Jay, ,"John Jay's Circuit Court Travel, Eastern District, Spring 1792 Term (15 April-10 July)", , , ,12442,original_format, ,maps, , ,"Butler Library, Columbia University",local, ,reformatted digital, ,Still Image,2017, ,English,iso639-2,filename,https://exhibitions-dev.library.columbia.edu/JJ_CCD_Map_2nd_Draft_final.jpg, ,"Nuxoll, Elizabeth Miles, 1943-|Gallagher, Mary A. Y.|Haberman, Robb K.|Steenshorne, Jennifer E. |Nelson, Bill", , , , , ,,,,,,,,,,,still image,,,,,,,,,,,,,,,,, ,"Image taken from high resolution image originally purchased for use in John Jay Papers, vol. 5, pages 392-393",University of Virginia Press,Charlottesville|London,
, , , , ,In Service to the New Nation: The Life and Legacy of John Jay, ,John Jay Virtual Exhibition Flyer, , , ,12423,,,,,,,,,,,,,,,,filename,jj_exhbition_flyer.jpg,,,,,,,, ,still image,fast,,,,,,,,,,,,,,,,,,,,,,,,,,,,,
Public Access, , , , ,In Service to the New Nation: The Life and Legacy of John Jay, ,"Peter Augustus Jay Militia Commission, front", , , ,12422,original_format, ,documents, , ,"Rare Book & Manuscript Library, Columbia University",local, ,reformatted digital, ,Still Image,11 Apr. 1798, ,English,iso639-2,filename,https://exhibitions-dev.library.columbia.edu/RBML_Jay_0081.jpg, ,New York (State), , , , , , ,still image,fast,holdings, ,Box 57, , , ,John Jay Papers,,,,,,,,,,,,,,,,,,,,,,
Public Access, , , , ,In Service to the New Nation: The Life and Legacy of John Jay, ,"Peter Augustus Jay Militia Commission, front", , , ,12421,original_format, ,documents, , ,"Rare Book & Manuscript Library, Columbia University",local, ,reformatted digital, ,Still Image,11 April 1798, ,English,iso639-2,filename,https://exhibitions-dev.library.columbia.edu/RBML_Jay_0080.jpg, ,New York (State), , , , , , ,still image,fast,holdings, ,Box 57, , , ,John Jay Papers,,,,,,,,,,,,,,,,,,,,,,
Public Access, , , , ,In Service to the New Nation: The Life and Legacy of John Jay, ,"Peter Augustus Jay Militia Commission, front", , , ,12420,original_format, ,documents, , ,"Rare Book & Manuscript Library, Columbia University",local, ,reformatted digital, ,Still Image,11 April 1798, ,English,iso639-2,filename,https://exhibitions-dev.library.columbia.edu/RBML_Jay_0079.jpg, ,New York (State), , , , , , ,still image,fast,holdings, ,Box 57, , , ,John Jay Papers,,,,,,,,,,,,,,,,,,,,,,
Public Access, , , , ,In Service to the New Nation: The Life and Legacy of John Jay, ,"Certificate of Membership in Pennsylvania Soicety for Promoting the Abolition of Slavery, front", , , ,12419,original_format, ,documents, , ,"Rare Book & Manuscript Library, Columbia University",local, ,reformatted digital, ,Still Image,6 October 1792, ,English,iso639-2,filename,https://exhibitions-dev.library.columbia.edu/RBML_Jay_0078.jpg, ,Pennsylvania Society for Promoting the Abolition of Slavery, , , , , , ,still image,fast,holdings, ,Box 57, , , ,John Jay Papers,,,,,,,,,,,,,,,,,,,,,,
Public Access, , , , ,In Service to the New Nation: The Life and Legacy of John Jay, ,"Certificate of Membership in Pennsylvania Soicety for Promoting the Abolition of Slavery, front", , , ,12418,original_format, ,documents, , ,"Rare Book & Manuscript Library, Columbia University",local, ,reformatted digital, ,Still Image,6 October 1792, ,English,iso639-2,filename,https://exhibitions-dev.library.columbia.edu/RBML_Jay_0077.jpg, ,Pennsylvania Society for Promoting the Abolition of Slavery, , , , , , ,still image,fast,holdings, ,Box 57, , , ,John Jay Papers,,,,,,,,,,,,,,,,,,,,,,
Public Access, , , , ,In Service to the New Nation: The Life and Legacy of John Jay, ,"Certificate of Membership in Pennsylvania Soicety for Promoting the Abolition of Slavery, front", , , ,12417,original_format, ,documents, , ,"Rare Book & Manuscript Library, Columbia University",local, ,reformatted digital, ,Still Image,6 October 1792, ,English,iso639-2,filename,https://exhibitions-dev.library.columbia.edu/RBML_Jay_0076.jpg, ,Pennsylvania Society for Promoting the Abolition of Slavery, , , , , , ,still image,fast,holdings, ,Box 57, , , ,John Jay Papers,,,,,,,,,,,,,,,,,,,,,,
Public Access, , , , ,In Service to the New Nation: The Life and Legacy of John Jay, ,"Continental Congress Declaration for Negotiations with Britain, front", , , ,12416,original_format, ,documents, , ,"Rare Book & Manuscript Library, Columbia University",local, ,reformatted digital, ,Still Image,15 June 1781, ,English,iso639-2,filename,https://exhibitions-dev.library.columbia.edu/RBML_Jay_0075.jpg, ,United States. Continental Congress, , , , , , ,still image,fast,holdings, ,Oversize Materials Wooden Box 42e, , , ,John Jay Papers,,,,,,,,,,,,,,,,,,,,,,
Public Access, , , , ,In Service to the New Nation: The Life and Legacy of John Jay, ,"Continental Congress Declaration for Negotiations with Britain, front", , , ,12415,original_format, ,documents, , ,"Rare Book & Manuscript Library, Columbia University",local, ,reformatted digital, ,Still Image,15 June 1781, ,English,iso639-2,filename,https://exhibitions-dev.library.columbia.edu/RBML_Jay_0074.jpg, ,United States. Continental Congress, , , , , , ,still image,fast,holdings, ,Oversize Materials Wooden Box 42e, , , ,John Jay Papers,,,,,,,,,,,,,,,,,,,,,,
Public Access, , , , ,In Service to the New Nation: The Life and Legacy of John Jay, ,"Continental Congress Declaration for Negotiations with Britain, front", , , ,12414,original_format, ,documents, , ,"Rare Book & Manuscript Library, Columbia University",local, ,reformatted digital, ,Still Image,15 June 1781, ,English,iso639-2,filename,https://exhibitions-dev.library.columbia.edu/RBML_Jay_0073.jpg, ,United States. Continental Congress, , , , , , ,still image,fast,holdings, ,Oversize Materials Wooden Box 42e, , , ,John Jay Papers,,,,,,,,,,,,,,,,,,,,,,
Public Access, , , , ,In Service to the New Nation: The Life and Legacy of John Jay, ,"John Jay MA Diploma, front (with seal)", , , ,12413,original_format, ,documents, , ,"Rare Book & Manuscript Library, Columbia University",local, ,reformatted digital, ,Still Image,19 May 1767, ,Latin,iso639-2,filename,https://exhibitions-dev.library.columbia.edu/RBML_Jay_0072.jpg, ,"King's College (New York, N.Y.)", , , , , , ,still image,fast,holdings, ,Box 56, , , ,John Jay Papers,, , , , ,"Jay, John, 1745-1829", , , , , , , , , , , ,,,,,
Public Access, , , , ,In Service to the New Nation: The Life and Legacy of John Jay, ,"John Jay MA Diploma, front (with seal)", , , ,12412,original_format, ,documents, , ,"Rare Book & Manuscript Library, Columbia University",local, ,reformatted digital, ,Still Image,19 May 1767, ,Latin,iso639-2,filename,https://exhibitions-dev.library.columbia.edu/RBML_Jay_0071.jpg, ,"King's College (New York, N.Y.)", , , , , , ,still image,fast,holdings, ,Box 56, , , ,John Jay Papers,, , , , ,"Jay, John, 1745-1829", , , , , , , , , , , ,,,,,
Public Access, , , , ,In Service to the New Nation: The Life and Legacy of John Jay, ,"John Jay MA Diploma, front (with seal)", , , ,12411,original_format, ,documents, , ,"Rare Book & Manuscript Library, Columbia University",local, ,reformatted digital, ,Still Image,19 May 1767, ,Latin,iso639-2,filename,https://exhibitions-dev.library.columbia.edu/RBML_Jay_0070.jpg, ,"King's College (New York, N.Y.)", , , , , , ,still image,fast,holdings, ,Box 56, , , ,John Jay Papers,, , , , ,"Jay, John, 1745-1829", , , , , , , , , , , ,,,,,
Public Access, , , , ,In Service to the New Nation: The Life and Legacy of John Jay, ,"John Jay MA Diploma, front (with seal)", , , ,12410,original_format, ,documents, , ,"Rare Book & Manuscript Library, Columbia University",local, ,reformatted digital, ,Still Image,19 May 1767, ,Latin,iso639-2,filename,https://exhibitions-dev.library.columbia.edu/RBML_Jay_0069.jpg, ,"King's College (New York, N.Y.)", , , , , , ,still image,fast,holdings, ,Box 56, , , ,John Jay Papers,, , , , ,"Jay, John, 1745-1829", , , , , , , , , , , ,,,,,
Public Access, , , , ,In Service to the New Nation: The Life and Legacy of John Jay, ,"John Jay MA Diploma, front (with seal)", , , ,12409,original_format, ,documents, , ,"Rare Book & Manuscript Library, Columbia University",local, ,reformatted digital, ,Still Image,19 May 1767, ,Latin,iso639-2,filename,https://exhibitions-dev.library.columbia.edu/RBML_Jay_0068.jpg, ,"King's College (New York, N.Y.)", , , , , , ,still image,fast,holdings, ,Box 56, , , ,John Jay Papers,, , , , ,"Jay, John, 1745-1829", , , , , , , , , , , ,,,,,
Public Access, , , , ,In Service to the New Nation: The Life and Legacy of John Jay, ,"John Jay MA Diploma, front (with seal)", , , ,12408,original_format, ,documents, , ,"Rare Book & Manuscript Library, Columbia University",local, ,reformatted digital, ,Still Image,19 May 1767, ,Latin,iso639-2,filename,https://exhibitions-dev.library.columbia.edu/RBML_Jay_0067.jpg, ,"King's College (New York, N.Y.)", , , , , , ,still image,fast,holdings, ,Box 56, , , ,John Jay Papers,, , , , ,"Jay, John, 1745-1829", , , , , , , , , , , ,,,,,
Public Access, , , , ,In Service to the New Nation: The Life and Legacy of John Jay, ,"William Hamilton to John Jay, verso (outer pages)", , , ,12407,original_format, ,correspondence, , ,"Rare Book & Manuscript Library, Columbia University",local, ,reformatted digital, ,Still Image,8 March 1796, ,English,iso639-2,filename,https://exhibitions-dev.library.columbia.edu/RBML_Jay_0066.jpg, ,"Hamilton, William, 1773-1836|Jay, John, 1745-1829", , , , , , ,still image,fast,holdings, ,Box 10, , , ,John Jay Papers,,,,,,,,,,,,,,,,,,,,,,
Public Access, , , , ,In Service to the New Nation: The Life and Legacy of John Jay, ,"Journal of the Proceedings of the Congress, held at Philadelphia, May 10, 1775, pp. 150-151", , , ,12406,original_format, ,books, , ,"Rare Book & Manuscript Library, Columbia University",local, ,reformatted digital, ,Still Image,1775, ,English,iso639-2,filename,https://exhibitions-dev.library.columbia.edu/RBML_Jay_0065.jpg, ,United States. Continental Congress, , , , , , ,still image,fast,holdings, ,B328.731 B, , ,,,,,,,,,,,,,,,,,,,,,,William and Thomas Bradford,Philadelphia,5522192
Public Access, , , , ,In Service to the New Nation: The Life and Legacy of John Jay, ,Peter Augustus Jay Militia Commission, , , ,12405,original_format, ,documents, , ,"Rare Book & Manuscript Library, Columbia University",local, ,reformatted digital, ,Still Image,11 April 1798, ,English,iso639-2,filename,https://exhibitions-dev.library.columbia.edu/RBML_Jay_0064.jpg, ,New York (State), , , , , , ,still image,fast,holdings, ,Box 57, , , ,John Jay Papers,,,,,,,,,,,,,,,,,,,,,,
Public Access, , , , ,In Service to the New Nation: The Life and Legacy of John Jay, ,Peter Augustus Jay Militia Commission, , , ,12404,original_format, ,documents, , ,"Rare Book & Manuscript Library, Columbia University",local, ,reformatted digital, ,Still Image,11 April 1798, ,English,iso639-2,filename,https://exhibitions-dev.library.columbia.edu/RBML_Jay_0063.jpg, ,New York (State), , , , , , ,still image,fast,holdings, ,Box 57, , , ,John Jay Papers,,,,,,,,,,,,,,,,,,,,,,
Public Access, , , , ,In Service to the New Nation: The Life and Legacy of John Jay, ,Certificate of Membership in Pennsylvania Soicety for Promoting the Abolition of Slavery, , , ,12403,original_format, ,documents, , ,"Rare Book & Manuscript Library, Columbia University",local, ,reformatted digital, ,Still Image,6 October 1792, ,English,iso639-2,filename,https://exhibitions-dev.library.columbia.edu/RBML_Jay_0062.jpg, ,Pennsylvania Society for Promoting the Abolition of Slavery, , , , , , ,still image,fast,holdings, ,Box 57, , , ,John Jay Papers,,,,,,,,,,,,,,,,,,,,,,
Public Access, , , , ,In Service to the New Nation: The Life and Legacy of John Jay, ,Certificate of Membership in Pennsylvania Soicety for Promoting the Abolition of Slavery, , , ,12402,original_format, ,documents, , ,"Rare Book & Manuscript Library, Columbia University",local, ,reformatted digital, ,Still Image,6 October 1792, ,English,iso639-2,filename,https://exhibitions-dev.library.columbia.edu/RBML_Jay_0061.jpg, ,Pennsylvania Society for Promoting the Abolition of Slavery, , , , , , ,still image,fast,holdings, ,Box 57, , , ,John Jay Papers,,,,,,,,,,,,,,,,,,,,,,
Public Access, , , , ,In Service to the New Nation: The Life and Legacy of John Jay, ,Continental Congress Declaration for Negotiations with Britain, , , ,12401,original_format, ,documents, , ,"Rare Book & Manuscript Library, Columbia University",local, ,reformatted digital, ,Still Image,15 June 1781, ,English,iso639-2,filename,https://exhibitions-dev.library.columbia.edu/RBML_Jay_0060.jpg, ,United States. Continental Congress, , , , , , ,still image,fast,holdings, ,Oversize Materials Wooden Box 42e, , , ,John Jay Papers,,,,,,,,,,,,,,,,,,,,,,
Public Access, , , , ,In Service to the New Nation: The Life and Legacy of John Jay, ,Continental Congress Declaration for Negotiations with Britain, , , ,12400,original_format, ,documents, , ,"Rare Book & Manuscript Library, Columbia University",local, ,reformatted digital, ,Still Image,15 June 1781, ,English,iso639-2,filename,https://exhibitions-dev.library.columbia.edu/RBML_Jay_0059.jpg, ,United States. Continental Congress, , , , , , ,still image,fast,holdings, ,Oversize Materials Wooden Box 42e, , , ,John Jay Papers,,,,,,,,,,,,,,,,,,,,,,
Public Access, , , , ,In Service to the New Nation: The Life and Legacy of John Jay, ,"John Jay MA Diploma, front (with seal)", , , ,12399,original_format, ,documents, , ,"Rare Book & Manuscript Library, Columbia University",local, ,reformatted digital, ,Still Image,19 May 1767, ,Latin,iso639-2,filename,https://exhibitions-dev.library.columbia.edu/RBML_Jay_0058.jpg, ,"King's College (New York, N.Y.)", , , , , , ,still image,fast,holdings, ,Box 56, , , ,John Jay Papers,, , , , ,"Jay, John, 1745-1829", , , , , , , , , , , ,,,,,
Public Access, , , , ,In Service to the New Nation: The Life and Legacy of John Jay, ,"John Jay MA Diploma, front (with seal)", , , ,12398,original_format, ,documents, , ,"Rare Book & Manuscript Library, Columbia University",local, ,reformatted digital, ,Still Image,19 May 1767, ,Latin,iso639-2,filename,https://exhibitions-dev.library.columbia.edu/RBML_Jay_0057.jpg, ,"King's College (New York, N.Y.)", , , , , , ,still image,fast,holdings, ,Box 56, , , ,John Jay Papers,, , , , ,"Jay, John, 1745-1829", , , , , , , , , , , ,,,,,
Public Access, , , , ,In Service to the New Nation: The Life and Legacy of John Jay, ,"John Jay MA Diploma, front (with seal)", , , ,12397,original_format, ,documents, , ,"Rare Book & Manuscript Library, Columbia University",local, ,reformatted digital, ,Still Image,19 May 1767, ,Latin,iso639-2,filename,https://exhibitions-dev.library.columbia.edu/RBML_Jay_0056.jpg, ,"King's College (New York, N.Y.)", , , , , , ,still image,fast,holdings, ,Box 56, , , ,John Jay Papers,, , , , ,"Jay, John, 1745-1829", , , , , , , , , , , ,,,,,
Public Access, , , , ,In Service to the New Nation: The Life and Legacy of John Jay, ,"John Jay MA Diploma, front (with seal)", , , ,12396,original_format, ,documents, , ,"Rare Book & Manuscript Library, Columbia University",local, ,reformatted digital, ,Still Image,19 May 1767, ,Latin,iso639-2,filename,https://exhibitions-dev.library.columbia.edu/RBML_Jay_0055.jpg, ,"King's College (New York, N.Y.)", , , , , , ,still image,fast,holdings, ,Box 56, , , ,John Jay Papers,, , , , ,"Jay, John, 1745-1829", , , , , , , , , , , ,,,,,
Public Access, , , , ,In Service to the New Nation: The Life and Legacy of John Jay, ,"John Jay MA Diploma, front (with seal)", , , ,12395,original_format, ,documents, , ,"Rare Book & Manuscript Library, Columbia University",local, ,reformatted digital, ,Still Image,19 May 1767, ,Latin,iso639-2,filename,https://exhibitions-dev.library.columbia.edu/RBML_Jay_0054.jpg, ,"King's College (New York, N.Y.)", , , , , , ,still image,fast,holdings, ,Box 56, , , ,John Jay Papers,, , , , ,"Jay, John, 1745-1829", , , , , , , , , , , ,,,,,
Public Access, , , , ,In Service to the New Nation: The Life and Legacy of John Jay, ,"A New Medley Overture as Performed at the Theatre with Great Applause Selected & Composed by J. Hewitt, page 6", , , ,12394,original_format, ,music, , ,"Rare Book & Manuscript Library, Columbia University",local, ,reformatted digital, ,Still Image,circa 1799-1800, ,English,iso639-2,,, ,"Hewitt, James, 1770-1827", , , , , , ,still image,fast,holdings, ,Box 87, , , ,Hunt-Berol Sheet Music Collection,approximate,,,,,,,,,,,,,,,,,,,B. Carr,Philadelphia|Baltimore,
Public Access, , , , ,In Service to the New Nation: The Life and Legacy of John Jay, ,"A New Medley Overture as Performed at the Theatre with Great Applause Selected & Composed by J. Hewitt, ttile page", , , ,12393,original_format, ,music, , ,"Rare Book & Manuscript Library, Columbia University",local, ,reformatted digital, ,Still Image,circa 1799-1800, ,English,iso639-2,filename,https://exhibitions-dev.library.columbia.edu/RBML_Jay_0053.jpg, ,"Hewitt, James, 1770-1827", , , , , , ,still image,fast,holdings, ,Box 87, , , ,Hunt-Berol Sheet Music Collection,approximate,,,,,,,,,,,,,,,,,,,B. Carr,Philadelphia|Baltimore,
Public Access; viewing only; not to be downloaded, , , , ,In Service to the New Nation: The Life and Legacy of John Jay, ,Governor Jay's March, , , ,12392,original_format, ,video recordings|music, , ,Private Collection,local, ,reformatted digital, ,Still Image,2020, ,English,iso639-2,,, ,"Bartlett, Sarah Cifani|Schulz, Constance B.|Rayfield, Ellen Bartlett|Bartlett, N. Warren|Bartlett, Christine|Bartlett, Judith|Miller, Page Putnam, 1940-", , , , , , ,moving image,fast,,,,,,,,,,,,,,,,,,,,,,,,, ,"Performers: Bartlett, Sarah Cifani, arranger and flute; Schulz, Constance Bartlett, violin; Rayfield, Ellen Bartlett, bassoon; Bartlett, N. Warren, trumpet; Bartlett, Christine, cello; Bartlett, Judith, horn; Miller, Page Putnam, videographer",,,
Public Access, , , , ,In Service to the New Nation: The Life and Legacy of John Jay, ,"An Account of the Epidemic Fever which Prevailed in the City of New-York during the Summer and Fall of 1795, title page", , , ,12391,original_format, ,books, , ,"Augustus C. Long Health Sciences Library, Columbia University",local, ,reformatted digital, ,Still Image,1796, ,English,iso639-2,filename,https://exhibitions-dev.library.columbia.edu/RBML_Jay_0052.jpg, ,"Bayley, Richard, 1745-1801", , , , , , ,still image,fast,,,,,, ,Special Collections,,,,,,,,,,,,,,,,,,,,Thomas and James Swords,New York,
Public Access, , , , ,In Service to the New Nation: The Life and Legacy of John Jay, ,A Chart of Newyork harbour, , , ,12390,original_format, ,maps, , ,"Butler Library, Columbia University",local, ,reformatted digital, ,Still Image,circa 1800, ,English,iso639-2,,, ,"Nuxoll, Elizabeth Miles, 1943-|Gallagher, Mary A. Y.|Haberman, Robb K.|Steenshorne, Jennifer E. |Vogel, Brant M.", , , , , , ,still image,fast,,,,,,,,approximate,,,,,,,,,,,,,,,,, ,"The ""chart of Newyork harbour,"" is taken from the National Archives and Records Administration. The image was taken from a high resolution image that has been purchased for use by the John Jay Papers volumes. it appeared in volume 6, page 400.",,,
Public Access, , , , ,In Service to the New Nation: The Life and Legacy of John Jay, ,"Alexander Hamilton to John Jay, detail of endorsement", , , ,12389,original_format, ,correspondence, , ,"Rare Book & Manuscript Library, Columbia University",local, ,reformatted digital, ,Still Image,7 May 1800, ,English,iso639-2,,, ,"Hamilton, Alexander, 1757-1804|Jay, John, 1745-1829", , , , , , ,still image,fast,holdings, ,Box 10, , , ,John Jay Papers,,,,,,,,,,,,,,,,,,,,,,
Public Access, , , , ,In Service to the New Nation: The Life and Legacy of John Jay, ,"Alexander Hamilton to John Jay, front", , , ,12388,original_format, ,correspondence, , ,"Rare Book & Manuscript Library, Columbia University",local, ,reformatted digital, ,Still Image,7 May 1800, ,English,iso639-2,filename,https://exhibitions-dev.library.columbia.edu/RBML_Jay_0051.jpg, ,"Hamilton, Alexander, 1757-1804|Jay, John, 1745-1829", , , , , , ,still image,fast,holdings, ,Box 10, , , ,John Jay Papers,,,,,,,,,,,,,,,,,,,,,,
Public Access, , , , ,In Service to the New Nation: The Life and Legacy of John Jay, ,"Resolutions of Federalist Freeholders of New York City, front", , , ,12387,original_format, ,documents, , ,"Rare Book & Manuscript Library, Columbia University",local, ,reformatted digital, ,Still Image,13 January 1801, ,English,iso639-2,filename,https://exhibitions-dev.library.columbia.edu/RBML_Jay_0050.jpg, ,Federalist Freeholders of New York City, , , , , , ,still image,fast,holdings, ,Box 58, , , ,John Jay Papers,,,,,,,,,,,,,,,,,,,,,,
Public Access, , , , ,In Service to the New Nation: The Life and Legacy of John Jay, ,"Specific for the Yellow Fever, front", , , ,12386,original_format, ,recipes|documents, , ,"Rare Book & Manuscript Library, Columbia University",local, ,reformatted digital, ,Still Image,1795, ,English,iso639-2,filename,https://exhibitions-dev.library.columbia.edu/RBML_Jay_0049.jpg,,,,,,,, ,still image,fast,holdings, ,Box 57, , , ,John Jay Papers,, , , , ,Yellow fever, , , , , , , , , , , ,,,,,
Public Access, , , , ,In Service to the New Nation: The Life and Legacy of John Jay, ,"John Jay to Peter Troup, front", , , ,12385,original_format, ,correspondence, , ,"Rare Book & Manuscript Library, Columbia University",local, ,reformatted digital, ,Still Image,28 December 1799, ,English,iso639-2,filename,https://exhibitions-dev.library.columbia.edu/RBML_Jay_0048.jpg, ,"Jay, John, 1745-1829", , , , , , ,still image,fast,,,,,, ,John Jay Papers,,,,,,,,,,,,,,,,,,,,,,
Public Access, , , , ,In Service to the New Nation: The Life and Legacy of John Jay, ,"Peter Augustus Jay Militia Commission, front", , , ,12384,original_format, ,documents, , ,"Rare Book & Manuscript Library, Columbia University",local, ,reformatted digital, ,Still Image,11 April 1798, ,English,iso639-2,filename,https://exhibitions-dev.library.columbia.edu/RBML_Jay_0047.jpg, ,New York (State), , , , , , ,still image,fast,holdings, ,Box 57, , , ,John Jay Papers,,,,,,,,,,,,,,,,,,,,,,
Public Access, , , , ,In Service to the New Nation: The Life and Legacy of John Jay, ,"Report of the Regents to the State Legislature, front", , , ,12383,original_format, ,documents, , ,"Rare Book & Manuscript Library, Columbia University",local, ,reformatted digital, ,Still Image,circa 1796-1801, ,English,iso639-2,filename,https://exhibitions-dev.library.columbia.edu/RBML_Jay_0046.jpg, ,Regents of the State of New York, , , , , , ,still image,fast,holdings, ,Box 56, , , ,John Jay Papers,approximate,,,,,,,,,,,,,,,,,,,,,
Public Access, , , , ,In Service to the New Nation: The Life and Legacy of John Jay, ,"Fort Jay (Photograph), front", , , ,12382,original_format, ,photographs, , ,Private Collection,local, ,reformatted digital, ,Still Image,1 September 2017, ,English,iso639-2,,, ,"Haberman, Robb K.", , , , , , ,still image,fast,,,,,,,,, , , , ,Fort Jay (N.Y.), , , , , , , , , , , ,,,,,
Public Access, , , , ,In Service to the New Nation: The Life and Legacy of John Jay, ,"Charge to the Grand Juries on the Eastern Circuit, front", , , ,12381,original_format, ,legal documents, , ,"Rare Book & Manuscript Library, Columbia University",local, ,reformatted digital, ,Still Image,"Between April 12 and May 20, 1790", ,English,iso639-2,filename,https://exhibitions-dev.library.columbia.edu/RBML_Jay_0045.jpg, ,"Jay, John, 1745-1829", , , , , , ,still image,fast,holdings, ,Box 57, , , ,John Jay Papers,approximate,,,,,,,,,,,,,,,,,,,,,
Public Access, , , , ,In Service to the New Nation: The Life and Legacy of John Jay, ,"Circuit Court Diary, page beginning ""Octr 1790 parted with Judge Cushing""", , , ,12380,original_format, ,diaries, , ,"Rare Book & Manuscript Library, Columbia University",local, ,reformatted digital, ,Still Image,"between April 16, 1790 and August 4, 1792", ,English,iso639-2,,, ,"Jay, John, 1745-1829", , , , , , ,still image,fast,holdings, ,Box 11, , , ,John Jay Papers,approximate,,,,,,,,,,,,,,,,,,,,,
Public Access, , , , ,In Service to the New Nation: The Life and Legacy of John Jay, ,"George Washington to John Jay, front", , , ,12379,original_format, ,correspondence, , ,"Rare Book & Manuscript Library, Columbia University",local, ,reformatted digital, ,Still Image,2 July 1795, ,English,iso639-2,filename,https://exhibitions-dev.library.columbia.edu/RBML_Jay_0044.jpg, ,"Washington, George, 1732-1799|Jay, John, 1745-1829", , , , , , ,still image,fast,holdings, ,Box 2, , , ,George Washington Papers,,,,,,,,,,,,,,,,,,,,,,
Public Access, , , , ,In Service to the New Nation: The Life and Legacy of John Jay, ,"John Jay's Circuit Court Travel, Eastern District, Spring 1792 Term (15 April-10 July)", , , ,12378,original_format, ,maps, , ,"Butler Library, Columbia University",local, ,reformatted digital, ,Still Image,2017, ,English,iso639-2,,, ,"Nuxoll, Elizabeth Miles, 1943-|Gallagher, Mary A. Y.|Haberman, Robb K.|Steenshorne, Jennifer E. |Nelson, Bill", , , , , , ,still image,fast,,,,,,,,,,,,,,,,,,,,,,,,, ,"Image taken from high resolution image originally purchased for use in John Jay Papers, vol. 5, pages 392-393",University of Virginia Press,Charlottesville|London,
Public Access, , , , ,In Service to the New Nation: The Life and Legacy of John Jay, ,"John Jay's Oath as Chief Justice of the Supreme Court, attested to by Richard Morris, front", , , ,12377,original_format, ,legal documents, , ,"Rare Book & Manuscript Library, Columbia University",local, ,reformatted digital, ,Still Image,19 October 1789, ,English,iso639-2,,, ,"Morris, Richard, 1730-1810", , , , , , ,still image,fast,holdings, ,Box 56, , , ,John Jay Papers,,,,,,,,,,,,,,,,,,,,,,
Public Access, , , , ,In Service to the New Nation: The Life and Legacy of John Jay, ,"Laws of the State of New-York. Passed at the Twenty-Second Session, Second Meeting, of the Legislature, begun and held at the City of Albany, the Second Day of January 1799, page 721", , , ,12376,original_format, ,books, , ,"Arthur W. Diamond Law Library, Columbia University",local, ,reformatted digital, ,Still Image,1799, ,English,iso639-2,filename,https://exhibitions-dev.library.columbia.edu/RBML_Jay_0043.jpg, ,New York (State), , , , , , ,still image,fast,,,,,, ,Special Collections (Jay),,,,,,,,,,,,,,,,,,,,Loring Andrews,Albany,
Public Access, , , , ,In Service to the New Nation: The Life and Legacy of John Jay, ,"Inventory of John Jay's Property, Page beninning ""2 List of Slaves""", , , ,12375,original_format, ,legal documents, , ,"Rare Book & Manuscript Library, Columbia University",local, ,reformatted digital, ,Still Image,8-9 Nov. 1798, ,English,iso639-2,filename,https://exhibitions-dev.library.columbia.edu/RBML_Jay_0042.jpg, ,"Jay, John, 1745-1829", , , , , , ,still image,fast,holdings, ,Box 57, , , ,John Jay Papers,, , , , ,Slavery, , , , , , , , , , , ,,,,,
Public Access, , , , ,In Service to the New Nation: The Life and Legacy of John Jay, ,Portrait of William Wilberforce (1759-1833), , , ,12374,original_format, ,paintings, , ,"Art Properties, Columbia University",local, ,reformatted digital, ,Still Image,undated (after 1801),,,,filename,2000.06.048_crop.jpg, ,"Russell, John, 1745-1806, Studio of", , , , , , ,still image,fast,holdings, ,Acc.#2000.06.048, , ,,,approximate,,,,,,,,,,,,,,,,, ,"Although this portrait of William Wilberforce may be by John Russell, and is similar to replicas painted ca. 1800, the inscription on the scroll must have been added later, or the portrait itself is a studio work, as Russell died in 1806 and the passing of the law abolishing the slave trade took place in 1807.",,United Kingdom,12003808
Public Access, , , , ,In Service to the New Nation: The Life and Legacy of John Jay, ,"William Hamilton to John Jay, pages 2-3 (middle pages)/single sheet", , , ,12373,original_format, ,correspondence, , ,"Rare Book & Manuscript Library, Columbia University",local, ,reformatted digital, ,Still Image,8 March 1796, ,English,iso639-2,filename,https://exhibitions-dev.library.columbia.edu/RBML_Jay_0041.jpg, ,"Hamilton, William, 1773-1836|Jay, John, 1745-1829", , , , , , ,still image,fast,holdings, ,Box 10, , , ,John Jay Papers,,,,,,,,,,,,,,,,,,,,,,
Public Access, , , , ,In Service to the New Nation: The Life and Legacy of John Jay, ,"Extrait des Registres de las Societe etablie a Paris, pour l'abolition de la Traite des Negres, front", , , ,12372,original_format, ,documents, , ,"Rare Book & Manuscript Library, Columbia University",local, ,reformatted digital, ,Still Image,22 April 1788, ,French,iso639-2,filename,https://exhibitions-dev.library.columbia.edu/RBML_Jay_0040.jpg, ,Société des amis des noirs, , , , , , ,still image,fast,holdings, ,Box 61, , , ,John Jay Papers,,,,,,,,,,,,,,,,,,,,,,
Public Access, , , , ,In Service to the New Nation: The Life and Legacy of John Jay, ,"Certificate of Membership in Pennsylvania Soicety for Promoting the Abolition of Slavery, front", , , ,12371,original_format, ,documents, , ,"Rare Book & Manuscript Library, Columbia University",local, ,reformatted digital, ,Still Image,6 October 1792, ,English,iso639-2,filename,https://exhibitions-dev.library.columbia.edu/RBML_Jay_0039.jpg, ,Pennsylvania Society for Promoting the Abolition of Slavery, , , , , , ,still image,fast,holdings, ,Box 57, , , ,John Jay Papers,,,,,,,,,,,,,,,,,,,,,,
Public Access, , , , ,In Service to the New Nation: The Life and Legacy of John Jay, ,"Draft of Conditional Manumission of Benoit, front", , , ,12370,original_format, ,documents, , ,"Rare Book & Manuscript Library, Columbia University",local, ,reformatted digital, ,Still Image,21 March 1784, ,English,iso639-2,filename,https://exhibitions-dev.library.columbia.edu/RBML_Jay_0038.jpg, ,"Jay, John, 1745-1829", , , , , , ,still image,fast,holdings, ,Box 56, , , ,John Jay Papers,,,,,,,,,,,,,,,,,,,,,,
Public Access, , , , ,In Service to the New Nation: The Life and Legacy of John Jay, ,"The Federalist , page 21 ", , , ,12369,original_format, ,books, , ,"Rare Book & Manuscript Library, Columbia University",local, ,reformatted digital, ,Still Image,1788, ,English,iso639-2,filename,https://exhibitions-dev.library.columbia.edu/RBML_Jay_0037.jpg, ,"Publius|Hamilton, Alexander, 1757-1804|Jay, John, 1745-1829|Madison, James, 1751-1836", , , , , , ,still image,fast,holdings, ,HAMILTON JK154 1788 c. 1, , ,,,,,,,,,,,,,,,,,,,,,,John and Archibald M'Lean,New York,5530007
Public Access, , , , ,In Service to the New Nation: The Life and Legacy of John Jay, ,"The Federalist , Page 294", , , ,12368,original_format, ,books, , ,"Rare Book & Manuscript Library, Columbia University",local, ,reformatted digital, ,Still Image,1818, ,English,iso639-2,filename,https://exhibitions-dev.library.columbia.edu/RBML_Jay_0036.jpg, ,"Publius|Hamilton, Alexander, 1757-1804|Jay, John, 1745-1829|Madison, James, 1751-1836", , , , , , ,still image,fast,holdings, ,HAMILTON KF4515 F4 1818h, , ,,,,,,,,,,,,,,,,,,,,,,Benjamin Warner,Philadelphia,10574008
Public Access, , , , ,In Service to the New Nation: The Life and Legacy of John Jay, ,"George Washington to John Jay, front", , , ,12367,original_format, ,correspondence, , ,"Rare Book & Manuscript Library, Columbia University",local, ,reformatted digital, ,Still Image,3 August 1788, ,English,iso639-2,filename,https://exhibitions-dev.library.columbia.edu/RBML_Jay_0035.jpg, ,"Washington, George, 1732-1799|Jay, John, 1745-1829", , , , , , ,still image,fast,holdings, ,Box 2, , , ,George Washington Papers,,,,,,,,,,,,,,,,,,,,,,
Public Access, , , , ,In Service to the New Nation: The Life and Legacy of John Jay, ,"George Washington to John Jay, front", , , ,12366,original_format, ,correspondence, , ,"Rare Book & Manuscript Library, Columbia University",local, ,reformatted digital, ,Still Image,8 June 1788, ,English,iso639-2,filename,https://exhibitions-dev.library.columbia.edu/RBML_Jay_0034.jpg, ,"Washington, George, 1732-1799|Jay, John, 1745-1829", , , , , , ,still image,fast,holdings, ,Box 2, , , ,George Washington Papers,,,,,,,,,,,,,,,,,,,,,,
Public Access, , , , ,In Service to the New Nation: The Life and Legacy of John Jay, ,"The Federalist , top loose flysheet ", , , ,12365,original_format, ,books, , ,"Rare Book & Manuscript Library, Columbia University",local, ,reformatted digital, ,Still Image,1788, ,English,iso639-2,filename,https://exhibitions-dev.library.columbia.edu/RBML_Jay_0033.jpg, ,"Publius|Hamilton, Alexander, 1757-1804|Jay, John, 1745-1829|Madison, James, 1751-1836|Kent, James, 1763-1847", , , , , , ,still image,fast,holdings, ,B342.73 F311 (vault), , ,,,,,,,,,,,,,,,,,,,,,,John and Archibald M'Lean,New York,5530007
Public Access, , , , ,In Service to the New Nation: The Life and Legacy of John Jay, ,"Address to the People of the State of New York on the Subject of the Constiitution, title page", , , ,12364,original_format, ,pamphlets, , ,"Rare Book & Manuscript Library, Columbia University",local, ,reformatted digital, ,Still Image,1788, ,English,iso639-2,,, ,"Jay, John, 1745-1829", , , , , , ,still image,fast,holdings, ,"Series III: King's College Manuscripts, Box 13 Folder 9", , , ,Columbiana Manuscripts,,,,,,,,,,,,,,,,,,,,Samuel and John Loudon,New York,
Public Access, , , , ,In Service to the New Nation: The Life and Legacy of John Jay, ,"Draft of The Federalist 5, reverse", , , ,12363,original_format, ,manuscripts, , ,"Rare Book & Manuscript Library, Columbia University",local, ,reformatted digital, ,Still Image,before 10 Nov. 1787, ,English,iso639-2,,, ,"Jay, John, 1745-1829", , , , , , ,still image,fast,holdings, ,Item 23, , , ,John Jay Papers,inferred,,,,,,,,,,,,,,,,,,,,,
Public Access, , , , ,In Service to the New Nation: The Life and Legacy of John Jay, ,"Draft of The Federalist 5, front ""Queen Anne in her letter""", , , ,12362,original_format, ,manuscripts, , ,"Rare Book & Manuscript Library, Columbia University",local, ,reformatted digital, ,Still Image,before 10 Nov. 1787, ,English,iso639-2,,, ,"Jay, John, 1745-1829", , , , , , ,still image,fast,holdings, ,Item 23, , , ,John Jay Papers,inferred,,,,,,,,,,,,,,,,,,,,,
Public Access, , , , ,In Service to the New Nation: The Life and Legacy of John Jay, ,"Gouverneur Morris to John Jay, front", , , ,12361,original_format, ,correspondence, , ,"Rare Book & Manuscript Library, Columbia University",local, ,reformatted digital, ,Still Image,1 January 1783, ,English,iso639-2,filename,https://exhibitions-dev.library.columbia.edu/RBML_Jay_0032.jpg, ,"Morris, Gouverneur, 1752-1816|Jay, John, 1745-1829", , , , , , ,still image,fast,holdings, ,Box 45, , , ,John Jay Papers,,,,,,,,,,,,,,,,,,,,,,
Public Access, , , , ,In Service to the New Nation: The Life and Legacy of John Jay, ,"John Jay to Robert Livingston, front", , , ,12360,original_format, ,correspondence, , ,"Rare Book & Manuscript Library, Columbia University",local, ,reformatted digital, ,Still Image,14 March 1782, ,English,iso639-2,filename,https://exhibitions-dev.library.columbia.edu/RBML_Jay_0031.jpg, ,"Jay, John, 1745-1829|Livingston, Robert R.", , , , , , ,still image,fast,holdings, ,Box 15, , , ,John Jay Papers,,,,,,,,,,,,,,,,,,,,,,
Public Access, , , , ,In Service to the New Nation: The Life and Legacy of John Jay, ,"YESCA Code, front", , , ,12359,original_format, ,manuscripts, , ,"Rare Book & Manuscript Library, Columbia University",local, ,reformatted digital, ,Still Image,25 April 1781, ,English,iso639-2,filename,https://exhibitions-dev.library.columbia.edu/RBML_Jay_0030.jpg, ,"Jay, John, 1745-1829", , , , , , ,still image,fast,holdings, ,Box 56, , , ,John Jay Papers,,,,,,,,,,,,,,,,,,,,,,
Public Access, , , , ,In Service to the New Nation: The Life and Legacy of John Jay, ,"George Washington to John Jay, front", , , ,12358,original_format, ,correspondence, , ,"Rare Book & Manuscript Library, Columbia University",local, ,reformatted digital, ,Still Image,18 December 1794, ,English,iso639-2,filename,https://exhibitions-dev.library.columbia.edu/RBML_Jay_0029.jpg, ,"Washington, George, 1732-1799|Jay, John, 1745-1829", , , , , , ,still image,fast,holdings, ,Box 2, , , ,George Washington Papers,,,,,,,,,,,,,,,,,,,,,,
Public Access, , , , ,In Service to the New Nation: The Life and Legacy of John Jay, ,"Lord Grenville Calling Card, front ", , , ,12357,original_format, ,ephemera, , ,"Rare Book & Manuscript Library, Columbia University",local, ,reformatted digital, ,Still Image,8 April 1795, ,English,iso639-2,,, ,"Grenville, William Wyndham, Grenville, Baron, 1759-1834", , , , , , ,still image,fast,holdings, ,Box 63, , , ,John Jay Papers,,,,,,,,,,,,,,,,,,,,,,
Public Access, , , , ,In Service to the New Nation: The Life and Legacy of John Jay, ,"Map of the Northwestern Boundary of the United States, front", , , ,12356,original_format, ,maps, , ,"Rare Book & Manuscript Library, Columbia University",local, ,reformatted digital, ,Still Image,4 September 1794, ,English,iso639-2,,, ,"Trumbull, John, 1756-1843", , , , , , ,still image,fast,holdings, ,Box 60, , , ,John Jay Papers,, , , , ,United States, , , , , , , , , , , ,,,,,
Public Access, , , , ,In Service to the New Nation: The Life and Legacy of John Jay, ,"Draft of Commercial Treaty, front", , , ,12355,original_format, ,manuscripts, , ,"Rare Book & Manuscript Library, Columbia University",local, ,reformatted digital, ,Still Image,30 August 1794, ,English,iso639-2,filename,https://exhibitions-dev.library.columbia.edu/RBML_Jay_0028.jpg, ,"Grenville, William Wyndham, Grenville, Baron, 1759-1834", , , , , , ,still image,fast,holdings, ,Box 61, , , ,John Jay Papers,, , , , ,Commerce, , , , , , , , , , , ,,,,,
Public Access, , , , ,In Service to the New Nation: The Life and Legacy of John Jay, ,"Continental Congress Declaration for Negotiations with Britain, front", , , ,12354,original_format, ,documents, , ,"Rare Book & Manuscript Library, Columbia University",local, ,reformatted digital, ,Still Image,15 June 1781, ,English,iso639-2,filename,https://exhibitions-dev.library.columbia.edu/RBML_Jay_0027.jpg, ,United States. Continental Congress, , , , , , ,still image,fast,holdings, ,Oversize Materials Wooden Box 42e, , , ,John Jay Papers,,,,,,,,,,,,,,,,,,,,,,
Public Access, , , , ,In Service to the New Nation: The Life and Legacy of John Jay, ,"[Commission of John Jay, Benjamin Franklin, Henry Laurens, and Thomas Jefferson to join John Adams in accepting mediation], front", , , ,12353,original_format, ,documents, , ,"Rare Book & Manuscript Library, Columbia University",local, ,reformatted digital, ,Still Image,21 July 1785, ,English|Spanish,iso639-2,,,,,,,,,, ,still image,fast,holdings, ,Box 61, , , ,John Jay Papers,,,,,,,,,,,,,,,,,,,,,,
Public Access, , , , ,In Service to the New Nation: The Life and Legacy of John Jay, ,"Spanish Flag and Pendant of War. Spanish Merchant Flag, front", , , ,12352,original_format, ,drawings, , ,"Rare Book & Manuscript Library, Columbia University",local, ,reformatted digital, ,Still Image,circa 1781,,,,filename,https://exhibitions-dev.library.columbia.edu/RBML_Jay_0026.jpg,,,,,,,, ,still image,fast,holdings, ,Box 61, , , ,John Jay Papers,approximate,,,,,,,,,,,,,,,,,,,,,
Public Access, , , , ,In Service to the New Nation: The Life and Legacy of John Jay, ,"John Jay Spanish Passport, front", , , ,12351,original_format, ,documents|passports, , ,"Rare Book & Manuscript Library, Columbia University",local, ,reformatted digital, ,Still Image,20 March 1780, ,Spanish,iso639-2,filename,https://exhibitions-dev.library.columbia.edu/RBML_Jay_0025.jpg,,,,,,,, ,still image,fast,holdings, ,Box 56, , , ,John Jay Papers,,,,,,,,,,,,,,,,,,,,,,
Public Access; for viewing purposes only, , , , ,In Service to the New Nation: The Life and Legacy of John Jay, ,Portrait of John Jay (1745-1829), , , ,12350,original_format, ,prints, , ,"Art Properties, Columbia University",local, ,reformatted digital, ,Still Image,1980,,,,,, ,"Wyatt, Stanley", , , , , , ,still image,fast,holdings, ,Acc.#T0022, , ,,,,,,,,,,,,,,,,,,,, ,Inscribed lower left: 116/300; signed and dated lower right: Stanley Wyatt '80; W in lower left corner of image.,,United States,13753123
Public Access, , , , ,In Service to the New Nation: The Life and Legacy of John Jay, ,"John Jay Timeline 1745-1795 , front (Detail Bottom half of document from ""1784 Resigned foreign appointment and returned to NY"") ", , , ,12349,original_format, ,manuscripts, , ,"Rare Book & Manuscript Library, Columbia University",local, ,reformatted digital, ,Still Image,after 1801, ,English,iso639-2,filename,https://exhibitions-dev.library.columbia.edu/RBML_Jay_0024.jpg, ,"Jay, John, 1745-1829", , , , , , ,still image,fast,holdings, ,Box 56, , , ,John Jay Papers,inferred,,,,,,,,,,,,,,,,,,,,,
Public Access, , , , ,In Service to the New Nation: The Life and Legacy of John Jay, ,"John Jay Timeline 1745-1795  , front  (Detail Top half of document through ""appointd one of the commissioners to negotiate Peace &c"")", , , ,12348,original_format, ,manuscripts, , ,"Rare Book & Manuscript Library, Columbia University",local, ,reformatted digital, ,Still Image,after 1801, ,English,iso639-2,filename,https://exhibitions-dev.library.columbia.edu/RBML_Jay_0023.jpg, ,"Jay, John, 1745-1829", , , , , , ,still image,fast,holdings, ,Box 56, , , ,John Jay Papers,inferred,,,,,,,,,,,,,,,,,,,,,
Public Access, , , , ,In Service to the New Nation: The Life and Legacy of John Jay, ,John Jay (after Gilbert Stuart), , , ,12347,original_format, ,prints, , ,Private Collection,local, ,reformatted digital, ,Still Image,after 1794,,,,,,,,,,,,, ,still image,fast,,,,,,,,inferred, , , , ,"Jay, John, 1745-1829", , , , , , , , , , , ,,,,,
Public Access, , , , ,In Service to the New Nation: The Life and Legacy of John Jay, ,"John Jay to Peter Augustus Jay, front", , , ,12346,original_format, ,correspondence, , ,"Rare Book & Manuscript Library, Columbia University",local, ,reformatted digital, ,Still Image,8 Apr. 1784, ,English,iso639-2,filename,https://exhibitions-dev.library.columbia.edu/RBML_Jay_0022.jpg, ,"Jay, John, 1745-1829|Jay, Peter A. (Peter Augustus), 1776-1843", , , , , , ,still image,fast,holdings, ,Box 17, , , ,John Jay Papers,,,,,,,,,,,,,,,,,,,,,,
Public Access, , , , ,In Service to the New Nation: The Life and Legacy of John Jay, ,"John Jay to Peter Augustus Jay, front", , , ,12345,original_format, ,correspondence, , ,"Rare Book & Manuscript Library, Columbia University",local, ,reformatted digital, ,Still Image,25 Apr. 1792, ,English,iso639-2,filename,https://exhibitions-dev.library.columbia.edu/RBML_Jay_0021.jpg, ,"Jay, John, 1745-1829|Jay, Peter A. (Peter Augustus), 1776-1843", , , , , , ,still image,fast,holdings, ,Box 21, , , ,John Jay Papers,,,,,,,,,,,,,,,,,,,,,,
Public Access, , , , ,In Service to the New Nation: The Life and Legacy of John Jay, ,"Sarah Livingston Jay to John Jay, front ", , , ,12344,original_format, ,correspondence, , ,"Rare Book & Manuscript Library, Columbia University",local, ,reformatted digital, ,Still Image,30 July 1800, ,English,iso639-2,filename,https://exhibitions-dev.library.columbia.edu/RBML_Jay_0020.jpg, ,"Jay, Sarah Livingston|Jay, John, 1745-1829", , , , , , ,still image,fast,holdings, ,Box 36, , , ,John Jay Papers,,,,,,,,,,,,,,,,,,,,,,
Public Access, , , , ,In Service to the New Nation: The Life and Legacy of John Jay, ,"Receipt of Isaac Terboss, Lebanon Springs Bathhouse, front", , , ,12343,original_format, ,ephemera, , ,"Rare Book & Manuscript Library, Columbia University",local, ,reformatted digital, ,Still Image,22 Aug. 1796, ,English,iso639-2,filename,https://exhibitions-dev.library.columbia.edu/RBML_Jay_0019.jpg, ,"Terboss, Isaac", , , , , , ,still image,fast,holdings, ,Box 57, , , ,John Jay Papers,,,,,,,,,,,,,,,,,,,,,,
Public Access, , , , ,In Service to the New Nation: The Life and Legacy of John Jay, ,"Sarah Livingston Jay to Samuel Lyons, front", , , ,12342,original_format, ,correspondence, , ,"Rare Book & Manuscript Library, Columbia University",local, ,reformatted digital, ,Still Image,14 Nov. 1794, ,English,iso639-2,filename,https://exhibitions-dev.library.columbia.edu/RBML_Jay_0018.jpg, ,"Jay, Sarah Livingston|Lyons, Samuel", , , , , , ,still image,fast,holdings, ,Box 36, , , ,John Jay Papers,,,,,,,,,,,,,,,,,,,,,,
Public Access, , , , ,In Service to the New Nation: The Life and Legacy of John Jay, ,"John Jay to Maria Jay and Nancy Jay, front", , , ,12341,original_format, ,correspondence, , ,"Rare Book & Manuscript Library, Columbia University",local, ,reformatted digital, ,Still Image,1 June 1792, ,English,iso639-2,filename,https://exhibitions-dev.library.columbia.edu/RBML_Jay_0017.jpg, ,"Jay, John, 1745-1829|Jay, Maria|Jay, Nancy", , , , , , ,still image,fast,holdings, ,Box 21, , , ,John Jay Papers,,,,,,,,,,,,,,,,,,,,,,
Public Access, , , , ,In Service to the New Nation: The Life and Legacy of John Jay, ,"Receipt Bot of Hoffman & Seton 2 Quarter Casks Sherry Wine, front", , , ,12340,original_format, ,ephemera, , ,"Rare Book & Manuscript Library, Columbia University",local, ,reformatted digital, ,Still Image,23 Mar. 1793, ,English,iso639-2,filename,https://exhibitions-dev.library.columbia.edu/RBML_Jay_0016.jpg, ,Hoffman & Seton, , , , , , ,still image,fast,holdings, ,Box 57, , , ,John Jay Papers,,,,,,,,,,,,,,,,,,,,,,
Public Access, , , , ,In Service to the New Nation: The Life and Legacy of John Jay, ,"Receipt Mrs. Jay bought of Lot Merkel, front", , , ,12339,original_format, ,ephemera, , ,"Rare Book & Manuscript Library, Columbia University",local, ,reformatted digital, ,Still Image,8 Nov. 1793, ,English,iso639-2,filename,https://exhibitions-dev.library.columbia.edu/RBML_Jay_0015.jpg, ,"Merkel, Lot", , , , , , ,still image,fast,holdings, ,Box 57, , , ,John Jay Papers,,,,,,,,,,,,,,,,,,,,,,
Public Access, , , , ,In Service to the New Nation: The Life and Legacy of John Jay, ,"Receipt Madame Gay ""plats y Carraffes"", front", , , ,12338,original_format, ,ephemera, , ,"Rare Book & Manuscript Library, Columbia University",local, ,reformatted digital, ,Still Image,1782, ,French,iso639-2,filename,https://exhibitions-dev.library.columbia.edu/RBML_Jay_0014.jpg, ,"Gay, Madame", , , , , , ,still image,fast,holdings, ,Box 59, , , ,John Jay Papers,,,,,,,,,,,,,,,,,,,,,,
Public Access, , , , ,In Service to the New Nation: The Life and Legacy of John Jay, ,"Mrs. John Jay, front", , , ,12337,original_format, ,prints|Portraits, , ,"Rare Book & Manuscript Library, Columbia University",local, ,reformatted digital, ,Still Image,1872, ,English,iso639-2,filename,https://exhibitions-dev.library.columbia.edu/RBML_Jay_0013.jpg, ,"Chappel, Alonzo, 1828-1887", , , , , , ,still image,fast,holdings, ,Box 56 Jam-Jog, , , ,General Portraits ,approximate, , , , ,"Jay, Sarah Livingston", , , , , , , , , , , ,,,,,
Public Access, , , , ,In Service to the New Nation: The Life and Legacy of John Jay, ,"Sarah Jay and Her Children, front", , , ,12336,original_format, ,prints, , ,Private Collection,local, ,reformatted digital, ,Still Image,1797, ,English,iso639-2,,, ,"Sharples, James, 1752-1811", , , , , , ,still image,fast,,,,,,,,approximate, , , , ,"Jay, Sarah Livingston", , , , , , , , , , , ,,,,,
Public Access, , , , ,In Service to the New Nation: The Life and Legacy of John Jay, ,"The Spy, title page", , , ,12335,original_format, ,books, , ,"Rare Book & Manuscript Library, Columbia University",local, ,reformatted digital, ,Still Image,1822, ,English,iso639-2,filename,https://exhibitions-dev.library.columbia.edu/RBML_Jay_0012.jpg, ,"Cooper, James Fenimore, 1789-1851", , , , , , ,still image,fast,holdings, ,B812C78 W 1822 , , ,,,,,,,,,,,,,,,,,,,,,,G. & W.B. Whittaker,London,5552076
Public Access, , , , ,In Service to the New Nation: The Life and Legacy of John Jay, ,"Continental Congress to John Jay, front", , , ,12334,original_format, ,manuscripts, , ,"Rare Book & Manuscript Library, Columbia University",local, ,reformatted digital, ,Still Image,1 Oct. 1779, ,English,iso639-2,filename,https://exhibitions-dev.library.columbia.edu/RBML_Jay_0011.jpg, ,"United States. Continental Congress|Thomson, Charles, 1729-1824", , , , , , ,still image,fast,holdings, ,Box 61, , , ,John Jay Papers,,,,,,,,,,,,,,,,,,,,,,
Public Access, , , , ,In Service to the New Nation: The Life and Legacy of John Jay, ,"George Washington to Sarah Livingston Jay, front", , , ,12333,original_format, ,correspondence, , ,"Rare Book & Manuscript Library, Columbia University",local, ,reformatted digital, ,Still Image,7 October 1779, ,English,iso639-2,filename,https://exhibitions-dev.library.columbia.edu/RBML_Jay_0010.jpg, ,"Washington, George, 1732-1799|Jay, Sarah Livingston", , , , , , ,still image,fast,holdings, ,Box 1, , , ,George Washington Papers,,,,,,,,,,,,,,,,,,,,,,
Public Access, , , , ,In Service to the New Nation: The Life and Legacy of John Jay, ,"""1. The United States of America, may they be perpetual."", front", , , ,12332,original_format, ,manuscripts, , ,"Rare Book & Manuscript Library, Columbia University",local, ,reformatted digital, ,Still Image,after 3 Sept. 1783, ,English,iso639-2,filename,https://exhibitions-dev.library.columbia.edu/RBML_Jay_0009.jpg, ,"Jay, Sarah Livingston|Jay, John, 1745-1829", , , , , , ,still image,fast,holdings, ,Box 59, , , ,John Jay Papers,inferred,,,,,,,,,,,,,,,,,,,,,
Public Access, , , , ,In Service to the New Nation: The Life and Legacy of John Jay, ,"Journal of the Proceedings of the Congress, held at Philadelphia, May 10, 1775, page 6 ", , , ,12331,original_format, ,books, , ,"Rare Book & Manuscript Library, Columbia University",local, ,reformatted digital, ,Still Image,1775, ,English,iso639-2,filename,https://exhibitions-dev.library.columbia.edu/RBML_Jay_0008.jpg, ,United States. Continental Congress, , , , , , ,still image,fast,holdings, ,B328.731 B, , ,,,,,,,,,,,,,,,,,,,,,,William and Thomas Bradford,Philadelphia,5522192
Public Access, , , , ,In Service to the New Nation: The Life and Legacy of John Jay, ,"The Declaration by the Representatives of the United Colonies of North America, page 25", , , ,12330,original_format, ,books, , ,"Rare Book & Manuscript Library, Columbia University",local, ,reformatted digital, ,Still Image,1775, ,English,iso639-2,filename,https://exhibitions-dev.library.columbia.edu/RBML_Jay_0007.jpg, ,"United States. Continental Congress|Dickinson, John, 1732-1808", , , , , , ,still image,fast,holdings, ,SELIGMAN 1775E Un3 C. 1, , , ,Seligman Books,,,,,,,,,,,,,,,,,, ,The declaration and the petition were drawn up by John Dickinson.,,London,5462177
Public Access, , , , ,In Service to the New Nation: The Life and Legacy of John Jay, ,"George Washington to John Jay and Philip Livingston, front (including address)", , , ,12329,original_format, ,correspondence, , ,"Rare Book & Manuscript Library, Columbia University",local, ,reformatted digital, ,Still Image,29 June 1776, ,English,iso639-2,filename,https://exhibitions-dev.library.columbia.edu/RBML_Jay_0006.jpg, ,"Washington, George, 1732-1799|Jay, John, 1745-1829|Livingston, Philip, 1716-1778", , , , , , ,still image,fast,holdings, ,Box 1, , , ,George Washington Papers,,,,,,,,,,,,,,,,,,,,,,
Public Access, , , , ,In Service to the New Nation: The Life and Legacy of John Jay, ,"An Address of the Convention of the Representatives of the State of New-York to Their Constituents, title page", , , ,12328,original_format, ,books, , ,"Rare Book & Manuscript Library, Columbia University",local, ,reformatted digital, ,Still Image,1777, ,English,iso639-2,filename,https://exhibitions-dev.library.columbia.edu/RBML_Jay_0005.jpg, ,"Jay, John, 1745-1829|New York (State). Convention of the Representatives (1776-1777)", , , , , , ,still image,fast,holdings, ,JK128. N4 1777g, , ,,,,,,,,,,,,,,,,,,,, ,"""A CITIZEN OF NEW-YORK""",Green and Spooner,Fishkill|Norwich,1598188
Public Access, , , , ,In Service to the New Nation: The Life and Legacy of John Jay, ,"John Jay Militia Commission, front", , , ,12327,original_format, ,documents, , ,"Rare Book & Manuscript Library, Columbia University",local, ,reformatted digital, ,Still Image,3 Nov. 1775, ,English,iso639-2,filename,https://exhibitions-dev.library.columbia.edu/RBML_Jay_0004.jpg, ,New York (Colony). Provincial Congress, , , , , , ,still image,fast,holdings, ,Box 56, , , ,John Jay Papers,,,,,,,,,,,,,,,,,,,,,,
Public Access, , , , ,In Service to the New Nation: The Life and Legacy of John Jay, ,"South East View of the City of New York, front", , , ,12326,original_format, ,drawings, , ,"University Archives, Columbia University",local, ,reformatted digital, ,Still Image,1768, ,English,iso639-2,filename,1643.PalmTreePrint.jpg, ,"Howdell, Thomas|Canot, Pierre Charles, 1710-1777", , , , , , ,still image,fast,holdings, ,Series XV.2 Box 12, , , ,Historical Photograph Collection,approximate,,,,,,,,,,,,,,,,,,,,,
Public Access, , , , ,In Service to the New Nation: The Life and Legacy of John Jay, ,"John Jay MA Diploma, front (with seal)", , , ,12325,original_format, ,documents, , ,"Rare Book & Manuscript Library, Columbia University",local, ,reformatted digital, ,Still Image,19 May 1767, ,Latin,iso639-2,filename,https://exhibitions-dev.library.columbia.edu/RBML_Jay_0003.jpg, ,"King's College (New York, N.Y.)", , , , , , ,still image,fast,holdings, ,Box 56, , , ,John Jay Papers,,,,,,,,,,,,,,,,,,,,,,
Public Access, , , , ,In Service to the New Nation: The Life and Legacy of John Jay, ,"The Matricula or Register of Admissions & Graduations & of Officers employed in KIng's College at New York, page 6 (detail of Admissions Anno 1760 section)", , , ,12324,original_format, ,manuscripts, , ,"University Archives, Columbia University",local, ,reformatted digital, ,Still Image,1754-1777, ,English,iso639-2,filename,ldpd_7441346_000_00000012.jpg, ,"King's College (New York, N.Y.)", , , , , , ,still image,fast,holdings, ,"Series III: King's College Manuscripts, Box 14 Folder 6", , , ,Columbiana Manuscripts,,,,,,,,,,,,,,,,,,,,,,
Public Access, , , , ,In Service to the New Nation: The Life and Legacy of John Jay, ,"Bill of Fare, circa 1754-1776, front", , , ,12323,original_format, ,manuscripts, , ,"University Archives, Columbia University",local, ,reformatted digital, ,Still Image,circa 1754-1776, ,English,iso639-2,filename,https://exhibitions-dev.library.columbia.edu/RBML_Jay_0002.jpg, ,"King's College (New York, N.Y.)", , , , , , ,still image,fast,holdings, ,"Series III: King's College Manuscripts, Box 13 Folder 2", , , ,Columbiana Manuscripts,approximate,,,,,,,,,,,,,,,,,,,,,
Public Access, , , , ,In Service to the New Nation: The Life and Legacy of John Jay, ,"Laws of King's College, front", , , ,12322,original_format, ,manuscripts, , ,"Rare Book & Manuscript Library, Columbia University",local, ,reformatted digital, ,Still Image,29 August 1760, ,English,iso639-2,filename,https://exhibitions-dev.library.columbia.edu/RBML_Jay_0001.jpg, ,"King's College (New York, N.Y.)", , , , , , ,still image,fast,holdings, ,Box 56, , , ,John Jay Papers,,,,,,,,,,,,,,,,,,,,,,
