note-1:note_value,note-1:note_type,_digital_object_type.string_key,_identifiers-1,_parent_digital_objects-1.identifier,_project.string_key,title-1:title_non_sort_portion,title-1:title_sort_portion,extent-1:extent_value,omeka_identifier-1:omeka_identifier_value,object_in_context_url-1:object_in_context_url_value,form-1:form_term.value,form-1:form_term.value2,form-1:form_term.uri,type_of_resource-1:type_of_resource_value,type_of_resource-2:type_of_resource_value,language-1:language_term.value,language-1:language_term.authority,language-1:language_term.uri,language-2:language_term.value,language-2:language_term.authority,language-2:language_term.uri,note-2:note_value,note-2:note_type,collection-1:collection_term.value,collection-1:collection_term.uri,collection-1:collection_archival_series-1:collection_archival_series_part-1:collection_archival_series_part_type,collection-1:collection_archival_series-1:collection_archival_series_part-1:collection_archival_series_part_level,collection-1:collection_archival_series-1:collection_archival_series_part-1:collection_archival_series_part_title,collection-1:collection_archival_series-1:collection_archival_series_part-2:collection_archival_series_part_type,collection-1:collection_archival_series-1:collection_archival_series_part-2:collection_archival_series_part_level,collection-1:collection_archival_series-1:collection_archival_series_part-2:collection_archival_series_part_title,location-1:location_shelf_location-1:location_shelf_location_box_number,location-1:location_shelf_location-1:location_shelf_location_folder_number,location-1:location_term.value,location-1:location_term.uri,location-1:location_shelf_location-1:location_shelf_location_free_text,publisher-1:publisher_value,digital_origin-1:digital_origin_value,abstract-1:abstract_value,restriction_on_access-1:restriction_on_access_value,use_and_reproduction-1:use_and_reproduction_value,use_and_reproduction-1:use_and_reproduction_term.authority,use_and_reproduction-1:use_and_reproduction_term.uri,date_created_textual-1:date_created_textual_value,date_created-1:date_created_start_value,date_created-1:date_created_key_date,date_created-1:date_created_end_value,date_created-1:date_created_type,place_of_origin-1:place_of_origin_value,clio_identifier-1:clio_identifier_value,genre-1:genre_term.value,genre-1:genre_term.authority,genre-1:genre_term.uri,genre-2:genre_term.value,genre-2:genre_term.authority,genre-2:genre_term.uri,name-1:name_term.value,name-1:name_term.uri,name-1:name_term.authority,name-1:name_term.name_type,name-1:name_usage_primary,name-1:name_role-1:name_role_term.value,name-1:name_role-1:name_role_term.uri,name-1:name_role-1:name_role_term.authority,name-1:name_role-2:name_role_term.value,name-1:name_role-2:name_role_term.uri,name-1:name_role-2:name_role_term.authority,subject_name-1:subject_name_term.value,subject_name-1:subject_name_term.uri,subject_name-1:subject_name_term.authority,subject_name-1:subject_name_term.name_type,subject_topic-1:subject_topic_term.value,subject_topic-1:subject_topic_term.uri,subject_topic-1:subject_topic_term.authority,subject_topic-2:subject_topic_term.value,subject_topic-2:subject_topic_term.uri,subject_topic-2:subject_topic_term.authority,subject_topic-3:subject_topic_term.value,subject_topic-3:subject_topic_term.uri,subject_topic-3:subject_topic_term.authority,name-2:name_term.value,name-2:name_term.uri,name-2:name_term.authority,name-2:name_term.name_type,name-2:name_role-1:name_role_term.value,name-2:name_role-1:name_role_term.uri,name-2:name_role-1:name_role_term.authority,name-3:name_term.value,name-3:name_term.uri,name-3:name_term.authority,name-3:name_term.name_type,name-3:name_role-1:name_role_term.value,name-3:name_role-1:name_role_term.uri,name-3:name_role-1:name_role_term.authority,name-4:name_term.value,name-4:name_term.uri,name-4:name_term.authority,name-4:name_term.name_type,name-4:name_role-1:name_role_term.value,name-4:name_role-1:name_role_term.uri,name-4:name_role-1:name_role_term.authority,_publish_targets-1.string_key,_publish
,,item,granarybooks_xjj_000,,,The,Animal is in the World like Water in Water,40 cm.,,,books,aat,http://vocab.getty.edu/aat/300028051,text,,English,iso639-2b,http://id.loc.gov/vocabulary/iso639-2/eng,,,,,,Book Arts Collection,http://id.library.columbia.edu/term/67352f9a-3ebe-40ff-a87c-717b2b82bd5d,,,,,,,,,"Rare Book & Manuscript Library, Columbia University",http://id.library.columbia.edu/term/d2142d01-deaa-4a39-8dbd-72c4f148353f,BOOKART Z232.G76 2010 Sc42,Granary Books,reformatted digital,,,In Copyright,rightsstatements,https://rightsstatements.org/page/InC/1.0/?language=en,2010,2010,TRUE,,,New York,7632029,artists' books (books),aat,http://vocab.getty.edu/aat/300123016,,,,"Scalapino, Leslie",https://id.loc.gov/authorities/names/n77005937,naf,personal,TRUE,Author,http://id.loc.gov/vocabulary/relators/aut,marcrelator,,,,,,,,,,,,,,,,,"Smith, Kiki, 1954-",http://id.loc.gov/authorities/names/n87103853,naf,personal,Illustrator,http://id.loc.gov/vocabulary/relators/ill,marcrelator,Granary Books (Firm),http://id.loc.gov/authorities/names/no89000033,naf,corporate,Publisher,http://id.loc.gov/vocabulary/relators/pbl,marcrelator,,,,,,,,,
http://ldpd.cul.columbia.edu/granary_140250/1402500025.jpg,filename,asset,granarybooks_xjj_001,granarybooks_xjj_000,,,"Spread that begins ""a day is only light ivory by only rosy black""",,9098,https://exhibitions.library.columbia.edu/exhibits/show/granary/collabs/animal,,,,,,,,,,,,,,,,,,,,,,,,,,,,,,On-site Access,In Copyright,rightsstatements,https://rightsstatements.org/page/InC/1.0/?language=en,,,,,,,,,,,,,,,,,,,,,,,,,,,,,,,,,,,,,,,,,,,,,,,,,,,,,,,,,,,,
http://ldpd.cul.columbia.edu/granary_140250/1402500024.jpg,filename,asset,granarybooks_xjj_002,granarybooks_xjj_000,,,"Spread that begins, ""Capacity of speaking”",,9097,https://exhibitions.library.columbia.edu/exhibits/show/granary/collabs/animal,,,,,,,,,,,,,,,,,,,,,,,,,,,,,,On-site Access,In Copyright,rightsstatements,https://rightsstatements.org/page/InC/1.0/?language=en,,,,,,,,,,,,,,,,,,,,,,,,,,,,,,,,,,,,,,,,,,,,,,,,,,,,,,,,,,,,
http://ldpd.cul.columbia.edu/granary_140250/1402500023.jpg,filename,asset,granarybooks_xjj_003,granarybooks_xjj_000,,,"Title page and page that begins, ""but the girl,"" and page that begins ""a man's reordering""",,9096,https://exhibitions.library.columbia.edu/exhibits/show/granary/collabs/animal,,,,,,,,,,,,,,,,,,,,,,,,,,,,,,On-site Access,In Copyright,rightsstatements,https://rightsstatements.org/page/InC/1.0/?language=en,,,,,,,,,,,,,,,,,,,,,,,,,,,,,,,,,,,,,,,,,,,,,,,,,,,,,,,,,,,,
,,item,granarybooks_oik_000,,,The,Beatles,8 x 11 cm.,,,books,aat,http://vocab.getty.edu/aat/300028051,text,,English,iso639-2b,http://id.loc.gov/vocabulary/iso639-2/eng,,,,,,Book Arts Collection,http://id.library.columbia.edu/term/67352f9a-3ebe-40ff-a87c-717b2b82bd5d,,,,,,,,,"Rare Book & Manuscript Library, Columbia University",http://id.library.columbia.edu/term/d2142d01-deaa-4a39-8dbd-72c4f148353f,BOOKART NC139.Sa7 2000 Sa7,Granary Books,reformatted digital,,,In Copyright,rightsstatements,https://rightsstatements.org/page/InC/1.0/?language=en,2000,2000,TRUE,,,New York,2812360,artists' books (books),aat,http://vocab.getty.edu/aat/300123016,,,,"Saroyan, Aram",https://id.loc.gov/authorities/names/n50015592,naf,personal,TRUE,Author,http://id.loc.gov/vocabulary/relators/aut,marcrelator,,,,Beatles,http://id.loc.gov/authorities/names/n79018119,naf,corporate,,,,,,,,,,Granary Books (Firm),http://id.loc.gov/authorities/names/no89000033,naf,corporate,Publisher,http://id.loc.gov/vocabulary/relators/pbl,marcrelator,,,,,,,,,,,,,,,,
http://ldpd.cul.columbia.edu/granary_140250/1402500068.jpg,filename,asset,granarybooks_oik_001,granarybooks_oik_000,,,Back cover,,9141,https://exhibitions.library.columbia.edu/exhibits/show/granary/repro/beatles,,,,,,,,,,,,,,,,,,,,,,,,,,,,,,On-site Access,In Copyright,rightsstatements,https://rightsstatements.org/page/InC/1.0/?language=en,,,,,,,,,,,,,,,,,,,,,,,,,,,,,,,,,,,,,,,,,,,,,,,,,,,,,,,,,,,,
http://ldpd.cul.columbia.edu/granary_140250/1402500062.jpg,filename,asset,granarybooks_oik_002,granarybooks_oik_000,,,Front cover,,9135,https://exhibitions.library.columbia.edu/exhibits/show/granary/repro/beatles,,,,,,,,,,,,,,,,,,,,,,,,,,,,,,On-site Access,In Copyright,rightsstatements,https://rightsstatements.org/page/InC/1.0/?language=en,,,,,,,,,,,,,,,,,,,,,,,,,,,,,,,,,,,,,,,,,,,,,,,,,,,,,,,,,,,,
http://ldpd.cul.columbia.edu/granary_140250/1402500063.jpg,filename,asset,granarybooks_oik_003,granarybooks_oik_000,,,"Spread one: ""John Lennon""",,9136,https://exhibitions.library.columbia.edu/exhibits/show/granary/repro/beatles,,,,,,,,,,,,,,,,,,,,,,,,,,,,,,On-site Access,In Copyright,rightsstatements,https://rightsstatements.org/page/InC/1.0/?language=en,,,,,,,,,,,,,,,,,,,,,,,,,,,,,,,,,,,,,,,,,,,,,,,,,,,,,,,,,,,,
http://ldpd.cul.columbia.edu/granary_140250/1402500064.jpg,filename,asset,granarybooks_oik_004,granarybooks_oik_000,,,"Spread two: ""Paul McCartney""",,9137,https://exhibitions.library.columbia.edu/exhibits/show/granary/repro/beatles,,,,,,,,,,,,,,,,,,,,,,,,,,,,,,On-site Access,In Copyright,rightsstatements,https://rightsstatements.org/page/InC/1.0/?language=en,,,,,,,,,,,,,,,,,,,,,,,,,,,,,,,,,,,,,,,,,,,,,,,,,,,,,,,,,,,,
http://ldpd.cul.columbia.edu/granary_140250/1402500065.jpg,filename,asset,granarybooks_oik_005,granarybooks_oik_000,,,"Spread three: ""George Harrison""",,9138,https://exhibitions.library.columbia.edu/exhibits/show/granary/repro/beatles,,,,,,,,,,,,,,,,,,,,,,,,,,,,,,On-site Access,In Copyright,rightsstatements,https://rightsstatements.org/page/InC/1.0/?language=en,,,,,,,,,,,,,,,,,,,,,,,,,,,,,,,,,,,,,,,,,,,,,,,,,,,,,,,,,,,,
http://ldpd.cul.columbia.edu/granary_140250/1402500066.jpg,filename,asset,granarybooks_oik_006,granarybooks_oik_000,,,"Spread four: ""Ringo Starr""",,9139,https://exhibitions.library.columbia.edu/exhibits/show/granary/repro/beatles,,,,,,,,,,,,,,,,,,,,,,,,,,,,,,On-site Access,In Copyright,rightsstatements,https://rightsstatements.org/page/InC/1.0/?language=en,,,,,,,,,,,,,,,,,,,,,,,,,,,,,,,,,,,,,,,,,,,,,,,,,,,,,,,,,,,,
http://ldpd.cul.columbia.edu/granary_140250/1402500067.jpg,filename,asset,granarybooks_oik_007,granarybooks_oik_000,,,Spread five: Colophon,,9140,https://exhibitions.library.columbia.edu/exhibits/show/granary/repro/beatles,,,,,,,,,,,,,,,,,,,,,,,,,,,,,,On-site Access,In Copyright,rightsstatements,https://rightsstatements.org/page/InC/1.0/?language=en,,,,,,,,,,,,,,,,,,,,,,,,,,,,,,,,,,,,,,,,,,,,,,,,,,,,,,,,,,,,
,,item,granarybooks_ysl_000,,,The,Burning Babe and other Poems,31 cm.,,,books,aat,http://vocab.getty.edu/aat/300028051,text,,English,iso639-2b,http://id.loc.gov/vocabulary/iso639-2/eng,,,,,,Book Arts Collection,http://id.library.columbia.edu/term/67352f9a-3ebe-40ff-a87c-717b2b82bd5d,,,,,,,,,"Rare Book & Manuscript Library, Columbia University",http://id.library.columbia.edu/term/d2142d01-deaa-4a39-8dbd-72c4f148353f,BOOKART Z232.G76 2005 R74,Granary Books,reformatted digital,,,In Copyright,rightsstatements,https://rightsstatements.org/page/InC/1.0/?language=en,2005,2005,TRUE,,,New York,8703148,artists' books (books),aat,http://vocab.getty.edu/aat/300123016,poetry,aat,http://vocab.getty.edu/aat/300055931,"Rothenberg, Jerome, 1931-",https://id.loc.gov/authorities/names/n79062757,naf,personal,TRUE,Author,http://id.loc.gov/vocabulary/relators/aut,marcrelator,,,,,,,,,,,,,,,,,"Bee, Susan",http://id.loc.gov/authorities/names/no91006839,naf,personal,Illustrator,http://id.loc.gov/vocabulary/relators/ill,marcrelator,Granary Books (Firm),http://id.loc.gov/authorities/names/no89000033,naf,corporate,Publisher,http://id.loc.gov/vocabulary/relators/pbl,marcrelator,,,,,,,,,
http://ldpd.cul.columbia.edu/granary_140250/1402500039.jpg,filename,asset,granarybooks_ysl_001,granarybooks_ysl_000,,,Cover,,9112,https://exhibitions.library.columbia.edu/exhibits/show/granary/collabs/babe,,,,,,,,,,,,,,,,,,,,,,,,,,,,,,On-site Access,In Copyright,rightsstatements,https://rightsstatements.org/page/InC/1.0/?language=en,,,,,,,,,,,,,,,,,,,,,,,,,,,,,,,,,,,,,,,,,,,,,,,,,,,,,,,,,,,,
http://ldpd.cul.columbia.edu/granary_140250/1402500041.jpg,filename,asset,granarybooks_ysl_002,granarybooks_ysl_000,,,"Spread marked ""3 variations and coda""",,9114,https://exhibitions.library.columbia.edu/exhibits/show/granary/collabs/babe,,,,,,,,,,,,,,,,,,,,,,,,,,,,,,On-site Access,In Copyright,rightsstatements,https://rightsstatements.org/page/InC/1.0/?language=en,,,,,,,,,,,,,,,,,,,,,,,,,,,,,,,,,,,,,,,,,,,,,,,,,,,,,,,,,,,,
http://ldpd.cul.columbia.edu/granary_140250/1402500040.jpg,filename,asset,granarybooks_ysl_003,granarybooks_ysl_000,,,Title page,,9113,https://exhibitions.library.columbia.edu/exhibits/show/granary/collabs/babe,,,,,,,,,,,,,,,,,,,,,,,,,,,,,,On-site Access,In Copyright,rightsstatements,https://rightsstatements.org/page/InC/1.0/?language=en,,,,,,,,,,,,,,,,,,,,,,,,,,,,,,,,,,,,,,,,,,,,,,,,,,,,,,,,,,,,
,,item,granarybooks_udp_000,,,,Chanccani Quipu,"47 x 47 cm. + 1 booklet ([4] p., [1] fold. leaf of plates ; 36 cm.)",,,books,aat,http://vocab.getty.edu/aat/300028051,text,,English,iso639-2b,http://id.loc.gov/vocabulary/iso639-2/eng,,,,,,Book Arts Collection,http://id.library.columbia.edu/term/67352f9a-3ebe-40ff-a87c-717b2b82bd5d,,,,,,,,,"Rare Book & Manuscript Library, Columbia University",http://id.library.columbia.edu/term/d2142d01-deaa-4a39-8dbd-72c4f148353f,BOOKART Z232.G76 2012 V53,Granary Books,reformatted digital,,,In Copyright,rightsstatements,https://rightsstatements.org/page/InC/1.0/?language=en,2012,2012,TRUE,,,New York,9160481,artists' books (books),aat,http://vocab.getty.edu/aat/300123016,,,,"Vicuña, Cecilia",https://id.loc.gov/authorities/names/n85130340,naf,personal,TRUE,Author,http://id.loc.gov/vocabulary/relators/aut,marcrelator,,,,,,,,Incas,http://id.worldcat.org/fast/968458,fast,Quechua literature,http://id.worldcat.org/fast/1085612,fast,Quipu,http://id.worldcat.org/fast/1086107,fast,Granary Books (Firm),http://id.loc.gov/authorities/names/no89000033,naf,corporate,Publisher,http://id.loc.gov/vocabulary/relators/pbl,marcrelator,,,,,,,,,,,,,,,,
http://ldpd.cul.columbia.edu/granary_140250/1402500051.jpg,filename,asset,granarybooks_udp_001,granarybooks_udp_000,,,Closed box,,9124,https://exhibitions.library.columbia.edu/exhibits/show/granary/innovformats/quipu,,,,,,,,,,,,,,,,,,,,,,,,,,,,,,On-site Access,In Copyright,rightsstatements,https://rightsstatements.org/page/InC/1.0/?language=en,,,,,,,,,,,,,,,,,,,,,,,,,,,,,,,,,,,,,,,,,,,,,,,,,,,,,,,,,,,,
http://ldpd.cul.columbia.edu/granary_140250/1402500052.jpg,filename,asset,granarybooks_udp_002,granarybooks_udp_000,,,Piece folded up,,9125,https://exhibitions.library.columbia.edu/exhibits/show/granary/innovformats/quipu,,,,,,,,,,,,,,,,,,,,,,,,,,,,,,On-site Access,In Copyright,rightsstatements,https://rightsstatements.org/page/InC/1.0/?language=en,,,,,,,,,,,,,,,,,,,,,,,,,,,,,,,,,,,,,,,,,,,,,,,,,,,,,,,,,,,,
http://ldpd.cul.columbia.edu/granary_140250/1402500053.jpg,filename,asset,granarybooks_udp_003,granarybooks_udp_000,,,Piece unfolded,,9126,https://exhibitions.library.columbia.edu/exhibits/show/granary/innovformats/quipu,,,,,,,,,,,,,,,,,,,,,,,,,,,,,,On-site Access,In Copyright,rightsstatements,https://rightsstatements.org/page/InC/1.0/?language=en,,,,,,,,,,,,,,,,,,,,,,,,,,,,,,,,,,,,,,,,,,,,,,,,,,,,,,,,,,,,
,,item,granarybooks_mdx_000,,,The,Dickinson Composites,31 x 30 x 4 cm.,,,books,aat,http://vocab.getty.edu/aat/300028051,text,,English,iso639-2b,http://id.loc.gov/vocabulary/iso639-2/eng,,,,,,Book Arts Collection,http://id.library.columbia.edu/term/67352f9a-3ebe-40ff-a87c-717b2b82bd5d,,,,,,,,,"Rare Book & Manuscript Library, Columbia University",http://id.library.columbia.edu/term/d2142d01-deaa-4a39-8dbd-72c4f148353f,BOOKART Z232.G76 2010 B46,Granary Books,reformatted digital,,,In Copyright,rightsstatements,https://rightsstatements.org/page/InC/1.0/?language=en,2010,2010,TRUE,,,New York,8010472,artists' books (books),aat,http://vocab.getty.edu/aat/300123016,textiles (visual works),aat,http://vocab.getty.edu/aat/300014063,"Bervin, Jen",https://id.loc.gov/authorities/names/no2002016921,naf,personal,TRUE,Artist,http://id.loc.gov/vocabulary/relators/art,marcrelator,,,,Emily Dickinson,https://id.loc.gov/authorities/names/n79054166,naf,personal,Quilts,http://id.worldcat.org/fast/1085804,fast,,,,,,,"Dickinson, Emily, 1830-1886",http://id.loc.gov/authorities/names/n79054166,naf,personal,Author,http://id.loc.gov/vocabulary/relators/aut,marcrelator,Granary Books (Firm),http://id.loc.gov/authorities/names/no89000033,naf,corporate,Publisher,http://id.loc.gov/vocabulary/relators/pbl,marcrelator,,,,,,,,,
http://ldpd.cul.columbia.edu/granary_140250/1402500001.jpg,filename,asset,granarybooks_mdx_001,granarybooks_mdx_000,,,Fabric sample 1,,9074,https://exhibitions.library.columbia.edu/exhibits/show/granary/handwritten/composites,,,,,,,,,,,,,,,,,,,,,,,,,,,,,,On-site Access,In Copyright,rightsstatements,https://rightsstatements.org/page/InC/1.0/?language=en,,,,,,,,,,,,,,,,,,,,,,,,,,,,,,,,,,,,,,,,,,,,,,,,,,,,,,,,,,,,
http://ldpd.cul.columbia.edu/granary_140250/1402500002.jpg,filename,asset,granarybooks_mdx_002,granarybooks_mdx_000,,,Fabric sample 2,,9075,https://exhibitions.library.columbia.edu/exhibits/show/granary/handwritten/composites,,,,,,,,,,,,,,,,,,,,,,,,,,,,,,On-site Access,In Copyright,rightsstatements,https://rightsstatements.org/page/InC/1.0/?language=en,,,,,,,,,,,,,,,,,,,,,,,,,,,,,,,,,,,,,,,,,,,,,,,,,,,,,,,,,,,,
,,item,granarybooks_jyi_000,,,,Faster than Birds Can Fly,29 x 33 cm.,,,books,aat,http://vocab.getty.edu/aat/300028051,text,,English,iso639-2b,http://id.loc.gov/vocabulary/iso639-2/eng,,,,,,Book Arts Collection,http://id.library.columbia.edu/term/67352f9a-3ebe-40ff-a87c-717b2b82bd5d,,,,,,,,,"Rare Book & Manuscript Library, Columbia University",http://id.library.columbia.edu/term/d2142d01-deaa-4a39-8dbd-72c4f148353f,BOOKART Z232.G76 2009 A74,Granary Books,reformatted digital,,,In Copyright,rightsstatements,https://rightsstatements.org/page/InC/1.0/?language=en,2009,2009,TRUE,,,New York,7525740,artists' books (books),aat,http://vocab.getty.edu/aat/300123016,poetry,aat,http://vocab.getty.edu/aat/300055931,"Ashbery, John, 1927-2017",https://id.loc.gov/authorities/names/n79059269,naf,personal,TRUE,Author,http://id.loc.gov/vocabulary/relators/aut,marcrelator,,,,,,,,,,,,,,,,,"Winkfield, Trevor",http://id.loc.gov/authorities/names/n80079963,naf,personal,Illustrator,http://id.loc.gov/vocabulary/relators/ill,marcrelator,Granary Books (Firm),http://id.loc.gov/authorities/names/no89000033,naf,corporate,Publisher,http://id.loc.gov/vocabulary/relators/pbl,marcrelator,,,,,,,,,
http://ldpd.cul.columbia.edu/granary_140250/1402500060.jpg,filename,asset,granarybooks_jyi_001,granarybooks_jyi_000,,,Cover,,9133,https://exhibitions.library.columbia.edu/exhibits/show/granary/repro/birds,,,,,,,,,,,,,,,,,,,,,,,,,,,,,,On-site Access,In Copyright,rightsstatements,https://rightsstatements.org/page/InC/1.0/?language=en,,,,,,,,,,,,,,,,,,,,,,,,,,,,,,,,,,,,,,,,,,,,,,,,,,,,,,,,,,,,
http://ldpd.cul.columbia.edu/granary_140250/1402500061.jpg,filename,asset,granarybooks_jyi_002,granarybooks_jyi_000,,,First spread of poem,,9134,https://exhibitions.library.columbia.edu/exhibits/show/granary/repro/birds,,,,,,,,,,,,,,,,,,,,,,,,,,,,,,On-site Access,In Copyright,rightsstatements,https://rightsstatements.org/page/InC/1.0/?language=en,,,,,,,,,,,,,,,,,,,,,,,,,,,,,,,,,,,,,,,,,,,,,,,,,,,,,,,,,,,,
,,item,granarybooks_lxj_000,,,,Flicker,26 cm.,,,books,aat,http://vocab.getty.edu/aat/300028051,text,,English,iso639-2b,http://id.loc.gov/vocabulary/iso639-2/eng,,,,,,,,,,,,,,,,"Rare Book & Manuscript Library, Columbia University",http://id.library.columbia.edu/term/d2142d01-deaa-4a39-8dbd-72c4f148353f,Z232.G76 2005 M25,Granary Books,reformatted digital,,,In Copyright,rightsstatements,https://rightsstatements.org/page/InC/1.0/?language=en,2005,2005,TRUE,,,New York,10899175,artists' books (books),aat,http://vocab.getty.edu/aat/300123016,,,,"McVarish, Emily",https://id.loc.gov/authorities/names/no2001073812,naf,personal,TRUE,Author,http://id.loc.gov/vocabulary/relators/aut,marcrelator,Illustrator,http://id.loc.gov/vocabulary/relators/ill,marcrelator,,,,,,,,,,,,,,Granary Books (Firm),http://id.loc.gov/authorities/names/no89000033,naf,corporate,Publisher,http://id.loc.gov/vocabulary/relators/pbl,marcrelator,,,,,,,,,,,,,,,,
http://ldpd.cul.columbia.edu/granary_140250/1402500056.jpg,filename,asset,granarybooks_lxj_001,granarybooks_lxj_000,,,"""Last words"" spread",,9129,https://exhibitions.library.columbia.edu/exhibits/show/granary/typography/flicker,,,,,,,,,,,,,,,,,,,,,,,,,,,,,,On-site Access,In Copyright,rightsstatements,https://rightsstatements.org/page/InC/1.0/?language=en,,,,,,,,,,,,,,,,,,,,,,,,,,,,,,,,,,,,,,,,,,,,,,,,,,,,,,,,,,,,
http://ldpd.cul.columbia.edu/granary_140250/1402500057.jpg,filename,asset,granarybooks_lxj_002,granarybooks_lxj_000,,,"Spread: ""E E T A H""",,9130,https://exhibitions.library.columbia.edu/exhibits/show/granary/typography/flicker,,,,,,,,,,,,,,,,,,,,,,,,,,,,,,On-site Access,In Copyright,rightsstatements,https://rightsstatements.org/page/InC/1.0/?language=en,,,,,,,,,,,,,,,,,,,,,,,,,,,,,,,,,,,,,,,,,,,,,,,,,,,,,,,,,,,,
,,item,granarybooks_vkf_000,,,,Footnotes,26 cm.,,,books,aat,http://vocab.getty.edu/aat/300028051,text,,English,iso639-2b,http://id.loc.gov/vocabulary/iso639-2/eng,,,,,,Book Arts Collection,http://id.library.columbia.edu/term/67352f9a-3ebe-40ff-a87c-717b2b82bd5d,,,,,,,,,"Rare Book & Manuscript Library, Columbia University",http://id.library.columbia.edu/term/d2142d01-deaa-4a39-8dbd-72c4f148353f,BOOKART Z232.G76 2000 K76,Granary Books,reformatted digital,,,In Copyright,rightsstatements,https://rightsstatements.org/page/InC/1.0/?language=en,2000,2000,TRUE,,,New York,2756460,artists' books (books),aat,http://vocab.getty.edu/aat/300123016,,,,"Knowles, Alison, 1933-",https://id.loc.gov/authorities/names/n84021038,naf,personal,TRUE,Author,http://id.loc.gov/vocabulary/relators/aut,marcrelator,,,,,,,,,,,,,,,,,"Rothenberg, Jerome, 1931-",http://id.loc.gov/authorities/names/n79062757,naf,personal,Writer of preface,http://id.loc.gov/vocabulary/relators/wpr,marcrelator,Granary Books (Firm),http://id.loc.gov/authorities/names/no89000033,naf,corporate,Publisher,http://id.loc.gov/vocabulary/relators/pbl,marcrelator,,,,,,,,,
http://ldpd.cul.columbia.edu/granary_140250/1402500012.jpg,filename,asset,granarybooks_vkf_001,granarybooks_vkf_000,,,Cover,,9085,,,,,,,,,,,,,,,,,,,,,,,,,,,,,,,On-site Access,In Copyright,rightsstatements,https://rightsstatements.org/page/InC/1.0/?language=en,,,,,,,,,,,,,,,,,,,,,,,,,,,,,,,,,,,,,,,,,,,,,,,,,,,,,,,,,,,,
http://ldpd.cul.columbia.edu/granary_140250/1402500013.jpg,filename,asset,granarybooks_vkf_002,granarybooks_vkf_000,,,Insert front side,,9086,,,,,,,,,,,,,,,,,,,,,,,,,,,,,,,On-site Access,In Copyright,rightsstatements,https://rightsstatements.org/page/InC/1.0/?language=en,,,,,,,,,,,,,,,,,,,,,,,,,,,,,,,,,,,,,,,,,,,,,,,,,,,,,,,,,,,,
http://ldpd.cul.columbia.edu/granary_140250/1402500014.jpg,filename,asset,granarybooks_vkf_003,granarybooks_vkf_000,,,Spread with note numbered 16,,9087,,,,,,,,,,,,,,,,,,,,,,,,,,,,,,,On-site Access,In Copyright,rightsstatements,https://rightsstatements.org/page/InC/1.0/?language=en,,,,,,,,,,,,,,,,,,,,,,,,,,,,,,,,,,,,,,,,,,,,,,,,,,,,,,,,,,,,
http://ldpd.cul.columbia.edu/granary_140250/1402500015.jpg,filename,asset,granarybooks_vkf_004,granarybooks_vkf_000,,,Spread with note numbered 22,,9088,,,,,,,,,,,,,,,,,,,,,,,,,,,,,,,On-site Access,In Copyright,rightsstatements,https://rightsstatements.org/page/InC/1.0/?language=en,,,,,,,,,,,,,,,,,,,,,,,,,,,,,,,,,,,,,,,,,,,,,,,,,,,,,,,,,,,,
,,item,granarybooks_nhu_000,,,,Four Poems,23 cm.,,,books,aat,http://vocab.getty.edu/aat/300028051,text,,English,iso639-2b,http://id.loc.gov/vocabulary/iso639-2/eng,German,iso639-2b,http://id.loc.gov/vocabulary/iso639-2/ger,,,Book Arts Collection,http://id.library.columbia.edu/term/67352f9a-3ebe-40ff-a87c-717b2b82bd5d,,,,,,,,,"Rare Book & Manuscript Library, Columbia University",http://id.library.columbia.edu/term/d2142d01-deaa-4a39-8dbd-72c4f148353f,BOOKART Z232.G76 1999 C33,Granary Books,reformatted digital,,,In Copyright,rightsstatements,https://rightsstatements.org/page/InC/1.0/?language=en,1999,1999,TRUE,,,New York,3031343,artists' books (books),aat,http://vocab.getty.edu/aat/300123016,,,,"Celan, Paul",https://id.loc.gov/authorities/names/n50034310,naf,personal,TRUE,Author,http://id.loc.gov/vocabulary/relators/aut,marcrelator,,,,,,,,,,,,,,,,,"Joris, Pierre",http://id.loc.gov/authorities/names/n82100080,naf,personal,Translator,http://id.loc.gov/vocabulary/relators/trl,marcrelator,"Fahrner, Barbara",http://id.loc.gov/authorities/names/n92097139,naf,personal,Illustrator,http://id.loc.gov/vocabulary/relators/ill,marcrelator,Granary Books (Firm),http://id.loc.gov/authorities/names/no89000033,naf,corporate,Publisher,http://id.loc.gov/vocabulary/relators/pbl,marcrelator,,
http://ldpd.cul.columbia.edu/granary_140250/1402500049.jpg,filename,asset,granarybooks_nhu_001,granarybooks_nhu_000,,,All four covers in box,,9122,https://exhibitions.library.columbia.edu/exhibits/show/granary/repro/celan,,,,,,,,,,,,,,,,,,,,,,,,,,,,,,On-site Access,In Copyright,rightsstatements,https://rightsstatements.org/page/InC/1.0/?language=en,,,,,,,,,,,,,,,,,,,,,,,,,,,,,,,,,,,,,,,,,,,,,,,,,,,,,,,,,,,,
http://ldpd.cul.columbia.edu/granary_140250/1402500050.jpg,filename,asset,granarybooks_nhu_002,granarybooks_nhu_000,,,Poem 3: Unfolded,,9123,https://exhibitions.library.columbia.edu/exhibits/show/granary/repro/celan,,,,,,,,,,,,,,,,,,,,,,,,,,,,,,On-site Access,In Copyright,rightsstatements,https://rightsstatements.org/page/InC/1.0/?language=en,,,,,,,,,,,,,,,,,,,,,,,,,,,,,,,,,,,,,,,,,,,,,,,,,,,,,,,,,,,,
,,item,granarybooks_ihj_000,,,The,Gorgeous Nothings,39 cm.,,,books,aat,http://vocab.getty.edu/aat/300028051,text,,English,iso639-2b,http://id.loc.gov/vocabulary/iso639-2/eng,,,,,,Book Arts Collection,http://id.library.columbia.edu/term/67352f9a-3ebe-40ff-a87c-717b2b82bd5d,,,,,,,,,"Rare Book & Manuscript Library, Columbia University",http://id.library.columbia.edu/term/d2142d01-deaa-4a39-8dbd-72c4f148353f,BOOKART Z232.G76 2012 B47,Granary Books,reformatted digital,,,In Copyright,rightsstatements,https://rightsstatements.org/page/InC/1.0/?language=en,2012,2012,TRUE,,,New York,9368855,artists' books (books),aat,http://vocab.getty.edu/aat/300123016,,,,"Bervin, Jen",https://id.loc.gov/authorities/names/no2002016921,naf,personal,TRUE,Author,http://id.loc.gov/vocabulary/relators/aut,marcrelator,,,,Emily Dickinson,https://id.loc.gov/authorities/names/n79054166,naf,personal,,,,,,,,,,"Werner, Marta L., 1964-",http://id.loc.gov/authorities/names/n95035364,naf,personal,Author,http://id.loc.gov/vocabulary/relators/aut,marcrelator,"Dickinson, Emily, 1830-1886",http://id.loc.gov/authorities/names/n79054166,naf,personal,Author,http://id.loc.gov/vocabulary/relators/aut,marcrelator,Granary Books (Firm),http://id.loc.gov/authorities/names/no89000033,naf,corporate,Publisher,http://id.loc.gov/vocabulary/relators/pbl,marcrelator,,
http://ldpd.cul.columbia.edu/granary_140250/1402500007.jpg,filename,asset,granarybooks_ihj_001,granarybooks_ihj_000,,,Box cover,,9080,https://exhibitions.library.columbia.edu/exhibits/show/granary/repro/gorgeous,,,,,,,,,,,,,,,,,,,,,,,,,,,,,,On-site Access,In Copyright,rightsstatements,https://rightsstatements.org/page/InC/1.0/?language=en,,,,,,,,,,,,,,,,,,,,,,,,,,,,,,,,,,,,,,,,,,,,,,,,,,,,,,,,,,,,
http://ldpd.cul.columbia.edu/granary_140250/1402500008.jpg,filename,asset,granarybooks_ihj_002,granarybooks_ihj_000,,,Overview sheet recto,,9081,https://exhibitions.library.columbia.edu/exhibits/show/granary/repro/gorgeous,,,,,,,,,,,,,,,,,,,,,,,,,,,,,,On-site Access,In Copyright,rightsstatements,https://rightsstatements.org/page/InC/1.0/?language=en,,,,,,,,,,,,,,,,,,,,,,,,,,,,,,,,,,,,,,,,,,,,,,,,,,,,,,,,,,,,
http://ldpd.cul.columbia.edu/granary_140250/1402500009.jpg,filename,asset,granarybooks_ihj_003,granarybooks_ihj_000,,,Overview sheet verso,,9082,https://exhibitions.library.columbia.edu/exhibits/show/granary/repro/gorgeous,,,,,,,,,,,,,,,,,,,,,,,,,,,,,,On-site Access,In Copyright,rightsstatements,https://rightsstatements.org/page/InC/1.0/?language=en,,,,,,,,,,,,,,,,,,,,,,,,,,,,,,,,,,,,,,,,,,,,,,,,,,,,,,,,,,,,
http://ldpd.cul.columbia.edu/granary_140250/1402500011.jpg,filename,asset,granarybooks_ihj_004,granarybooks_ihj_000,,,Poem A821: Back,,9084,https://exhibitions.library.columbia.edu/exhibits/show/granary/repro/gorgeous,,,,,,,,,,,,,,,,,,,,,,,,,,,,,,On-site Access,In Copyright,rightsstatements,https://rightsstatements.org/page/InC/1.0/?language=en,,,,,,,,,,,,,,,,,,,,,,,,,,,,,,,,,,,,,,,,,,,,,,,,,,,,,,,,,,,,
http://ldpd.cul.columbia.edu/granary_140250/1402500010.jpg,filename,asset,granarybooks_ihj_005,granarybooks_ihj_000,,,Poem A821: Front,,9083,https://exhibitions.library.columbia.edu/exhibits/show/granary/repro/gorgeous,,,,,,,,,,,,,,,,,,,,,,,,,,,,,,On-site Access,In Copyright,rightsstatements,https://rightsstatements.org/page/InC/1.0/?language=en,,,,,,,,,,,,,,,,,,,,,,,,,,,,,,,,,,,,,,,,,,,,,,,,,,,,,,,,,,,,
,,item,granarybooks_uqk_000,,,The,Lake,21 x 21 cm.,,,books,aat,http://vocab.getty.edu/aat/300028051,text,,English,iso639-2b,http://id.loc.gov/vocabulary/iso639-2/eng,,,,,,Book Arts Collection,http://id.library.columbia.edu/term/67352f9a-3ebe-40ff-a87c-717b2b82bd5d,,,,,,,,,"Rare Book & Manuscript Library, Columbia University",http://id.library.columbia.edu/term/d2142d01-deaa-4a39-8dbd-72c4f148353f,BOOKART Z232.G76 2004 H36,Granary Books,reformatted digital,,,In Copyright,rightsstatements,https://rightsstatements.org/page/InC/1.0/?language=en,2004,2004,TRUE,,,New York,9042505,artists' books (books),aat,http://vocab.getty.edu/aat/300123016,poetry,aat,http://vocab.getty.edu/aat/300055931,"Hejinian, Lyn",https://id.loc.gov/authorities/names/n82071099,naf,personal,TRUE,Author,http://id.loc.gov/vocabulary/relators/aut,marcrelator,,,,,,,,Lakes,http://id.worldcat.org/fast/990901,fast,,,,,,,"Clark, Emilie",http://id.loc.gov/authorities/names/no98132299,naf,personal,Illustrator,http://id.loc.gov/vocabulary/relators/ill,marcrelator,Granary Books (Firm),http://id.loc.gov/authorities/names/no89000033,naf,corporate,Publisher,http://id.loc.gov/vocabulary/relators/pbl,marcrelator,,,,,,,,,
http://ldpd.cul.columbia.edu/granary_140250/1402500016.jpg,filename,asset,granarybooks_uqk_001,granarybooks_uqk_000,,,Cover,,9089,https://exhibitions.library.columbia.edu/exhibits/show/granary/handwritten/lake,,,,,,,,,,,,,,,,,,,,,,,,,,,,,,On-site Access,In Copyright,rightsstatements,https://rightsstatements.org/page/InC/1.0/?language=en,,,,,,,,,,,,,,,,,,,,,,,,,,,,,,,,,,,,,,,,,,,,,,,,,,,,,,,,,,,,
http://ldpd.cul.columbia.edu/granary_140250/1402500017.jpg,filename,asset,granarybooks_uqk_002,granarybooks_uqk_000,,,Poem: Spread 1,,9090,https://exhibitions.library.columbia.edu/exhibits/show/granary/handwritten/lake,,,,,,,,,,,,,,,,,,,,,,,,,,,,,,On-site Access,In Copyright,rightsstatements,https://rightsstatements.org/page/InC/1.0/?language=en,,,,,,,,,,,,,,,,,,,,,,,,,,,,,,,,,,,,,,,,,,,,,,,,,,,,,,,,,,,,
http://ldpd.cul.columbia.edu/granary_140250/1402500018.jpg,filename,asset,granarybooks_uqk_003,granarybooks_uqk_000,,,Poem: Spread 2 (also include poem spread 1),,9091,https://exhibitions.library.columbia.edu/exhibits/show/granary/handwritten/lake,,,,,,,,,,,,,,,,,,,,,,,,,,,,,,On-site Access,In Copyright,rightsstatements,https://rightsstatements.org/page/InC/1.0/?language=en,,,,,,,,,,,,,,,,,,,,,,,,,,,,,,,,,,,,,,,,,,,,,,,,,,,,,,,,,,,,
,,item,granarybooks_woj_000,,,,Lunaria,28 cm.,,,books,aat,http://vocab.getty.edu/aat/300028051,text,,English,iso639-2b,http://id.loc.gov/vocabulary/iso639-2/eng,,,,,,Book Arts Collection,http://id.library.columbia.edu/term/67352f9a-3ebe-40ff-a87c-717b2b82bd5d,,,,,,,,,"Rare Book & Manuscript Library, Columbia University",http://id.library.columbia.edu/term/d2142d01-deaa-4a39-8dbd-72c4f148353f,BOOKART Z232.G76 2001 B54,Granary Books,reformatted digital,,,In Copyright,rightsstatements,https://rightsstatements.org/page/InC/1.0/?language=en,2001,2001,TRUE,,,New York,8703142,artists' books (books),aat,http://vocab.getty.edu/aat/300123016,poetry,aat,http://vocab.getty.edu/aat/300055931,"Bissett, Bill, 1939-",https://id.loc.gov/authorities/names/n85094107,naf,personal,TRUE,Author,http://id.loc.gov/vocabulary/relators/aut,marcrelator,Illustrator,http://id.loc.gov/vocabulary/relators/ill,marcrelator,,,,,,,,,,,,,,Granary Books (Firm),http://id.loc.gov/authorities/names/no89000033,naf,corporate,Publisher,http://id.loc.gov/vocabulary/relators/pbl,marcrelator,,,,,,,,,,,,,,,,
http://ldpd.cul.columbia.edu/granary_140250/1402500032.jpg,filename,asset,granarybooks_woj_001,granarybooks_woj_000,,,Cover (in box),,9105,https://exhibitions.library.columbia.edu/exhibits/show/granary/handwritten/lunaria,,,,,,,,,,,,,,,,,,,,,,,,,,,,,,On-site Access,In Copyright,rightsstatements,https://rightsstatements.org/page/InC/1.0/?language=en,,,,,,,,,,,,,,,,,,,,,,,,,,,,,,,,,,,,,,,,,,,,,,,,,,,,,,,,,,,,
http://ldpd.cul.columbia.edu/granary_140250/1402500034.jpg,filename,asset,granarybooks_woj_002,granarybooks_woj_000,,,"Spread titled ""va lava ava lettus et us""",,9107,https://exhibitions.library.columbia.edu/exhibits/show/granary/handwritten/lunaria,,,,,,,,,,,,,,,,,,,,,,,,,,,,,,On-site Access,In Copyright,rightsstatements,https://rightsstatements.org/page/InC/1.0/?language=en,,,,,,,,,,,,,,,,,,,,,,,,,,,,,,,,,,,,,,,,,,,,,,,,,,,,,,,,,,,,
http://ldpd.cul.columbia.edu/granary_140250/1402500033.jpg,filename,asset,granarybooks_woj_003,granarybooks_woj_000,,,Title page,,9106,https://exhibitions.library.columbia.edu/exhibits/show/granary/handwritten/lunaria,,,,,,,,,,,,,,,,,,,,,,,,,,,,,,On-site Access,In Copyright,rightsstatements,https://rightsstatements.org/page/InC/1.0/?language=en,,,,,,,,,,,,,,,,,,,,,,,,,,,,,,,,,,,,,,,,,,,,,,,,,,,,,,,,,,,,
,,item,granarybooks_zrc_000,,,The,Marriage of Heaven and Hell: a reading and study,33 cm.,,,books,aat,http://vocab.getty.edu/aat/300028051,text,,English,iso639-2b,http://id.loc.gov/vocabulary/iso639-2/eng,,,,,,Book Arts Collection,http://id.library.columbia.edu/term/67352f9a-3ebe-40ff-a87c-717b2b82bd5d,,,,,,,,,"Rare Book & Manuscript Library, Columbia University",http://id.library.columbia.edu/term/d2142d01-deaa-4a39-8dbd-72c4f148353f,BOOKART Z232 .H425 1993 B58,Granary Books,reformatted digital,,,In Copyright,rightsstatements,https://rightsstatements.org/page/InC/1.0/?language=en,1993,1993,TRUE,,,New York,1481348,poetry,aat,http://vocab.getty.edu/aat/300055931,,,,"Blake, William, 1757-1827",https://id.loc.gov/authorities/names/n78095331,naf,personal,TRUE,Author,http://id.loc.gov/vocabulary/relators/aut,marcrelator,,,,"Blake, William, 1757-1827",https://id.loc.gov/authorities/names/n78095331,naf,personal,,,,,,,,,,"Fahrner, Barbara",http://id.loc.gov/authorities/names/n92097139,naf,personal,Illustrator,http://id.loc.gov/vocabulary/relators/ill,marcrelator,"Gallo, Philip",http://id.loc.gov/authorities/names/n87106650,naf,personal,Typographer,http://id.loc.gov/vocabulary/relators/tyg,marcrelator,Granary Books (Firm),http://id.loc.gov/authorities/names/no89000033,naf,corporate,Publisher,http://id.loc.gov/vocabulary/relators/pbl,marcrelator,,
http://ldpd.cul.columbia.edu/granary_140250/1402500069.jpg,filename,asset,granarybooks_zrc_001,granarybooks_zrc_000,,,Cover,,9142,https://exhibitions.library.columbia.edu/exhibits/show/granary/typography/blake,,,,,,,,,,,,,,,,,,,,,,,,,,,,,,On-site Access,In Copyright,rightsstatements,https://rightsstatements.org/page/InC/1.0/?language=en,,,,,,,,,,,,,,,,,,,,,,,,,,,,,,,,,,,,,,,,,,,,,,,,,,,,,,,,,,,,
http://ldpd.cul.columbia.edu/granary_140250/1402500071.jpg,filename,asset,granarybooks_zrc_002,granarybooks_zrc_000,,,"Spread: ""The giants who formed this world""",,9144,https://exhibitions.library.columbia.edu/exhibits/show/granary/typography/blake,,,,,,,,,,,,,,,,,,,,,,,,,,,,,,On-site Access,In Copyright,rightsstatements,https://rightsstatements.org/page/InC/1.0/?language=en,,,,,,,,,,,,,,,,,,,,,,,,,,,,,,,,,,,,,,,,,,,,,,,,,,,,,,,,,,,,
http://ldpd.cul.columbia.edu/granary_140250/1402500070.jpg,filename,asset,granarybooks_zrc_003,granarybooks_zrc_000,,,Title page,,9143,https://exhibitions.library.columbia.edu/exhibits/show/granary/typography/blake,,,,,,,,,,,,,,,,,,,,,,,,,,,,,,On-site Access,In Copyright,rightsstatements,https://rightsstatements.org/page/InC/1.0/?language=en,,,,,,,,,,,,,,,,,,,,,,,,,,,,,,,,,,,,,,,,,,,,,,,,,,,,,,,,,,,,
,,item,granarybooks_qil_000,,,,Nods,34 cm.,,,books,aat,http://vocab.getty.edu/aat/300028051,text,,English,iso639-2b,http://id.loc.gov/vocabulary/iso639-2/eng,,,,,,Book Arts Collection,http://id.library.columbia.edu/term/67352f9a-3ebe-40ff-a87c-717b2b82bd5d,,,,,,,,,"Rare Book & Manuscript Library, Columbia University",http://id.library.columbia.edu/term/d2142d01-deaa-4a39-8dbd-72c4f148353f,BOOKART Z232.G76 1990 F34,Granary Books,reformatted digital,,,In Copyright,rightsstatements,https://rightsstatements.org/page/InC/1.0/?language=en,1990,1990,TRUE,,,New York,10477149,artists' books (books),aat,http://vocab.getty.edu/aat/300123016,,,,"Cage, John",https://id.loc.gov/authorities/names/n50032828,naf,personal,TRUE,Author,http://id.loc.gov/vocabulary/relators/aut,marcrelator,,,,,,,,,,,,,,,,,"Fahrner, Barbara",http://id.loc.gov/authorities/names/n92097139,naf,personal,Illustrator,http://id.loc.gov/vocabulary/relators/ill,marcrelator,"Gallo, Philip",http://id.loc.gov/authorities/names/n87106650,naf,personal,Typographer,http://id.loc.gov/vocabulary/relators/tyg,marcrelator,Granary Books (Firm),http://id.loc.gov/authorities/names/no89000033,naf,corporate,Publisher,http://id.loc.gov/vocabulary/relators/pbl,marcrelator,,
http://ldpd.cul.columbia.edu/granary_140250/1402500019.jpg,filename,asset,granarybooks_qil_001,granarybooks_qil_000,,,Cover (with binding),,9092,https://exhibitions.library.columbia.edu/exhibits/show/granary/history,,,,,,,,,,,,,,,,,,,,,,,,,,,,,,On-site Access,In Copyright,rightsstatements,https://rightsstatements.org/page/InC/1.0/?language=en,,,,,,,,,,,,,,,,,,,,,,,,,,,,,,,,,,,,,,,,,,,,,,,,,,,,,,,,,,,,
http://ldpd.cul.columbia.edu/granary_140250/1402500021.jpg,filename,asset,granarybooks_qil_002,granarybooks_qil_000,,,"Spread: ""If we drop beauty what have we got""",,9094,https://exhibitions.library.columbia.edu/exhibits/show/granary/history,,,,,,,,,,,,,,,,,,,,,,,,,,,,,,On-site Access,In Copyright,rightsstatements,https://rightsstatements.org/page/InC/1.0/?language=en,,,,,,,,,,,,,,,,,,,,,,,,,,,,,,,,,,,,,,,,,,,,,,,,,,,,,,,,,,,,
http://ldpd.cul.columbia.edu/granary_140250/1402500020.jpg,filename,asset,granarybooks_qil_003,granarybooks_qil_000,,,Title page,,9093,https://exhibitions.library.columbia.edu/exhibits/show/granary/history,,,,,,,,,,,,,,,,,,,,,,,,,,,,,,On-site Access,In Copyright,rightsstatements,https://rightsstatements.org/page/InC/1.0/?language=en,,,,,,,,,,,,,,,,,,,,,,,,,,,,,,,,,,,,,,,,,,,,,,,,,,,,,,,,,,,,
,,item,granarybooks_raw_000,,,,Non,40 cm.,,,books,aat,http://vocab.getty.edu/aat/300028051,text,,English,iso639-2b,http://id.loc.gov/vocabulary/iso639-2/eng,,,,,,Book Arts Collection,http://id.library.columbia.edu/term/67352f9a-3ebe-40ff-a87c-717b2b82bd5d,,,,,,,,,"Rare Book & Manuscript Library, Columbia University",http://id.library.columbia.edu/term/d2142d01-deaa-4a39-8dbd-72c4f148353f,BOOKART Z232.G76 1995 R79 13V F-Flat,Granary Books,reformatted digital,,,In Copyright,rightsstatements,https://rightsstatements.org/page/InC/1.0/?language=en,1995,1995,TRUE,,,New York,10866514,artists' books (books),aat,http://vocab.getty.edu/aat/300123016,,,,"Rower, Holton",https://id.loc.gov/authorities/names/no97070979,naf,personal,TRUE,Author,http://id.loc.gov/vocabulary/relators/aut,marcrelator,,,,,,,,,,,,,,,,,"Kelm, Daniel E.",http://id.loc.gov/authorities/names/n92097385,naf,personal,Binder,http://id.loc.gov/vocabulary/relators/bnd,marcrelator,Granary Books (Firm),http://id.loc.gov/authorities/names/no89000033,naf,corporate,Publisher,http://id.loc.gov/vocabulary/relators/pbl,marcrelator,,,,,,,,,
http://ldpd.cul.columbia.edu/granary_140250/1402500006.jpg,filename,asset,granarybooks_raw_001,granarybooks_raw_000,,,Colophon,,9079,https://exhibitions.library.columbia.edu/exhibits/show/granary/handwritten/non,,,,,,,,,,,,,,,,,,,,,,,,,,,,,,On-site Access,In Copyright,rightsstatements,https://rightsstatements.org/page/InC/1.0/?language=en,,,,,,,,,,,,,,,,,,,,,,,,,,,,,,,,,,,,,,,,,,,,,,,,,,,,,,,,,,,,
http://ldpd.cul.columbia.edu/granary_140250/1402500003.jpg,filename,asset,granarybooks_raw_002,granarybooks_raw_000,,,Cover,,9076,https://exhibitions.library.columbia.edu/exhibits/show/granary/handwritten/non,,,,,,,,,,,,,,,,,,,,,,,,,,,,,,On-site Access,In Copyright,rightsstatements,https://rightsstatements.org/page/InC/1.0/?language=en,,,,,,,,,,,,,,,,,,,,,,,,,,,,,,,,,,,,,,,,,,,,,,,,,,,,,,,,,,,,
http://ldpd.cul.columbia.edu/granary_140250/1402500005.jpg,filename,asset,granarybooks_raw_003,granarybooks_raw_000,,,Sand spread with fluorescent paint,,9078,https://exhibitions.library.columbia.edu/exhibits/show/granary/handwritten/non,,,,,,,,,,,,,,,,,,,,,,,,,,,,,,On-site Access,In Copyright,rightsstatements,https://rightsstatements.org/page/InC/1.0/?language=en,,,,,,,,,,,,,,,,,,,,,,,,,,,,,,,,,,,,,,,,,,,,,,,,,,,,,,,,,,,,
http://ldpd.cul.columbia.edu/granary_140250/1402500004.jpg,filename,asset,granarybooks_raw_004,granarybooks_raw_000,,,Title page,,9077,https://exhibitions.library.columbia.edu/exhibits/show/granary/handwritten/non,,,,,,,,,,,,,,,,,,,,,,,,,,,,,,On-site Access,In Copyright,rightsstatements,https://rightsstatements.org/page/InC/1.0/?language=en,,,,,,,,,,,,,,,,,,,,,,,,,,,,,,,,,,,,,,,,,,,,,,,,,,,,,,,,,,,,
,,item,granarybooks_edi_000,,,,Oaths? Questions?,30 cm.,,,books,aat,http://vocab.getty.edu/aat/300028051,text,,English,iso639-2b,http://id.loc.gov/vocabulary/iso639-2/eng,,,,,,Book Arts Collection,http://id.library.columbia.edu/term/67352f9a-3ebe-40ff-a87c-717b2b82bd5d,,,,,,,,,"Rare Book & Manuscript Library, Columbia University",http://id.library.columbia.edu/term/d2142d01-deaa-4a39-8dbd-72c4f148353f,BOOKART Z232.G76 1994 W45,Granary Books,reformatted digital,,,In Copyright,rightsstatements,https://rightsstatements.org/page/InC/1.0/?language=en,2009,2009,TRUE,,,New York,7525738,artists' books (books),aat,http://vocab.getty.edu/aat/300123016,,,,"Welish, Marjorie, 1944-",https://id.loc.gov/authorities/names/n79133271,naf,personal,TRUE,Author,http://id.loc.gov/vocabulary/relators/aut,marcrelator,Typographer,http://id.loc.gov/vocabulary/relators/tyg,marcrelator,,,,,,,,,,,,,,"Siena, James",http://id.loc.gov/authorities/names/nr92017483,naf,personal,Artist,http://id.loc.gov/vocabulary/relators/art,marcrelator,"Lingen, Rez'",http://id.loc.gov/authorities/names/n86113648,naf,personal,Printer,http://id.loc.gov/vocabulary/relators/prt,marcrelator,Granary Books (Firm),http://id.loc.gov/authorities/names/no89000033,naf,corporate,Publisher,http://id.loc.gov/vocabulary/relators/pbl,marcrelator,,
http://ldpd.cul.columbia.edu/granary_140250/1402500026.jpg,filename,asset,granarybooks_edi_001,granarybooks_edi_000,,,Cover,,9099,https://exhibitions.library.columbia.edu/exhibits/show/granary/typography/oaths,,,,,,,,,,,,,,,,,,,,,,,,,,,,,,On-site Access,In Copyright,rightsstatements,https://rightsstatements.org/page/InC/1.0/?language=en,,,,,,,,,,,,,,,,,,,,,,,,,,,,,,,,,,,,,,,,,,,,,,,,,,,,,,,,,,,,
http://ldpd.cul.columbia.edu/granary_140250/1402500027.jpg,filename,asset,granarybooks_edi_002,granarybooks_edi_000,,,"Spread reads ""matrix enfolds pattern""",,9100,https://exhibitions.library.columbia.edu/exhibits/show/granary/typography/oaths,,,,,,,,,,,,,,,,,,,,,,,,,,,,,,On-site Access,In Copyright,rightsstatements,https://rightsstatements.org/page/InC/1.0/?language=en,,,,,,,,,,,,,,,,,,,,,,,,,,,,,,,,,,,,,,,,,,,,,,,,,,,,,,,,,,,,
http://ldpd.cul.columbia.edu/granary_140250/1402500028.jpg,filename,asset,granarybooks_edi_003,granarybooks_edi_000,,,"Spread that reads ""Shattering the map of Manhattan""",,9101,https://exhibitions.library.columbia.edu/exhibits/show/granary/typography/oaths,,,,,,,,,,,,,,,,,,,,,,,,,,,,,,On-site Access,In Copyright,rightsstatements,https://rightsstatements.org/page/InC/1.0/?language=en,,,,,,,,,,,,,,,,,,,,,,,,,,,,,,,,,,,,,,,,,,,,,,,,,,,,,,,,,,,,
,,item,granarybooks_ozv_000,,,A,Passage,22 cm.,,,books,aat,http://vocab.getty.edu/aat/300028051,text,,English,iso639-2b,http://id.loc.gov/vocabulary/iso639-2/eng,,,,,,Book Arts Collection,http://id.library.columbia.edu/term/67352f9a-3ebe-40ff-a87c-717b2b82bd5d,,,,,,,,,"Rare Book & Manuscript Library, Columbia University",http://id.library.columbia.edu/term/d2142d01-deaa-4a39-8dbd-72c4f148353f,BOOKART Z232.G76 1994 S74,Granary Books,reformatted digital,,,In Copyright,rightsstatements,https://rightsstatements.org/page/InC/1.0/?language=en,1994,1994,TRUE,,,New York,10477154,artists' books (books),aat,http://vocab.getty.edu/aat/300123016,,,,"Spector, Buzz",https://id.loc.gov/authorities/names/n88013127,naf,personal,TRUE,Author,http://id.loc.gov/vocabulary/relators/aut,marcrelator,,,,,,,,,,,,,,,,,"Jevne, Jill",http://id.loc.gov/authorities/names/no91012875,naf,personal,Binder,http://id.loc.gov/vocabulary/relators/bnd,marcrelator,Granary Books (Firm),http://id.loc.gov/authorities/names/no89000033,naf,corporate,Publisher,http://id.loc.gov/vocabulary/relators/pbl,marcrelator,,,,,,,,,
http://ldpd.cul.columbia.edu/granary_140250/1402500042.jpg,filename,asset,granarybooks_ozv_001,granarybooks_ozv_000,,,Book open to first page,,9115,https://exhibitions.library.columbia.edu/exhibits/show/granary/innovformats/passage,,,,,,,,,,,,,,,,,,,,,,,,,,,,,,On-site Access,In Copyright,rightsstatements,https://rightsstatements.org/page/InC/1.0/?language=en,,,,,,,,,,,,,,,,,,,,,,,,,,,,,,,,,,,,,,,,,,,,,,,,,,,,,,,,,,,,
http://ldpd.cul.columbia.edu/granary_140250/1402500043.jpg,filename,asset,granarybooks_ozv_002,granarybooks_ozv_000,,,Last page (showing full text),,9116,https://exhibitions.library.columbia.edu/exhibits/show/granary/innovformats/passage,,,,,,,,,,,,,,,,,,,,,,,,,,,,,,On-site Access,In Copyright,rightsstatements,https://rightsstatements.org/page/InC/1.0/?language=en,,,,,,,,,,,,,,,,,,,,,,,,,,,,,,,,,,,,,,,,,,,,,,,,,,,,,,,,,,,,
http://ldpd.cul.columbia.edu/granary_140250/1402500044.jpg,filename,asset,granarybooks_ozv_003,granarybooks_ozv_000,,,Shot from side showing perspective of the book,,9117,https://exhibitions.library.columbia.edu/exhibits/show/granary/innovformats/passage,,,,,,,,,,,,,,,,,,,,,,,,,,,,,,On-site Access,In Copyright,rightsstatements,https://rightsstatements.org/page/InC/1.0/?language=en,,,,,,,,,,,,,,,,,,,,,,,,,,,,,,,,,,,,,,,,,,,,,,,,,,,,,,,,,,,,
,,item,granarybooks_wgi_000,,,,Playing Bodies,19 cm.,,,books,aat,http://vocab.getty.edu/aat/300028051,text,,English,iso639-2b,http://id.loc.gov/vocabulary/iso639-2/eng,,,,,,Book Arts Collection,http://id.library.columbia.edu/term/67352f9a-3ebe-40ff-a87c-717b2b82bd5d,,,,,,,,,"Rare Book & Manuscript Library, Columbia University",http://id.library.columbia.edu/term/d2142d01-deaa-4a39-8dbd-72c4f148353f,BOOKART Z232.G76 2004 P41,Granary Books,reformatted digital,,,In Copyright,rightsstatements,https://rightsstatements.org/page/InC/1.0/?language=en,2004,2004,TRUE,,,New York,4813225,artists' books (books),aat,http://vocab.getty.edu/aat/300123016,poetry,aat,http://vocab.getty.edu/aat/300055931,"Perelman, Bob",https://id.loc.gov/authorities/names/n83059980,naf,personal,TRUE,Author,http://id.loc.gov/vocabulary/relators/aut,marcrelator,,,,,,,,,,,,,,,,,"Shaw, Francie",http://id.loc.gov/authorities/names/n85349032,naf,personal,Illustrator,http://id.loc.gov/vocabulary/relators/ill,marcrelator,Granary Books (Firm),http://id.loc.gov/authorities/names/no89000033,naf,corporate,Publisher,http://id.loc.gov/vocabulary/relators/pbl,marcrelator,,,,,,,,,
http://ldpd.cul.columbia.edu/granary_140250/1402500035.jpg,filename,asset,granarybooks_wgi_001,granarybooks_wgi_000,,,Cover,,9108,https://exhibitions.library.columbia.edu/exhibits/show/granary/collabs/bodies,,,,,,,,,,,,,,,,,,,,,,,,,,,,,,On-site Access,In Copyright,rightsstatements,https://rightsstatements.org/page/InC/1.0/?language=en,,,,,,,,,,,,,,,,,,,,,,,,,,,,,,,,,,,,,,,,,,,,,,,,,,,,,,,,,,,,
http://ldpd.cul.columbia.edu/granary_140250/1402500038.jpg,filename,asset,granarybooks_wgi_002,granarybooks_wgi_000,,,Spread numbered 16,,9111,https://exhibitions.library.columbia.edu/exhibits/show/granary/collabs/bodies,,,,,,,,,,,,,,,,,,,,,,,,,,,,,,On-site Access,In Copyright,rightsstatements,https://rightsstatements.org/page/InC/1.0/?language=en,,,,,,,,,,,,,,,,,,,,,,,,,,,,,,,,,,,,,,,,,,,,,,,,,,,,,,,,,,,,
http://ldpd.cul.columbia.edu/granary_140250/1402500036.jpg,filename,asset,granarybooks_wgi_003,granarybooks_wgi_000,,,Spread numbered 21,,9109,https://exhibitions.library.columbia.edu/exhibits/show/granary/collabs/bodies,,,,,,,,,,,,,,,,,,,,,,,,,,,,,,On-site Access,In Copyright,rightsstatements,https://rightsstatements.org/page/InC/1.0/?language=en,,,,,,,,,,,,,,,,,,,,,,,,,,,,,,,,,,,,,,,,,,,,,,,,,,,,,,,,,,,,
http://ldpd.cul.columbia.edu/granary_140250/1402500037.jpg,filename,asset,granarybooks_wgi_004,granarybooks_wgi_000,,,Spread numbered 9,,9110,https://exhibitions.library.columbia.edu/exhibits/show/granary/collabs/bodies,,,,,,,,,,,,,,,,,,,,,,,,,,,,,,On-site Access,In Copyright,rightsstatements,https://rightsstatements.org/page/InC/1.0/?language=en,,,,,,,,,,,,,,,,,,,,,,,,,,,,,,,,,,,,,,,,,,,,,,,,,,,,,,,,,,,,
,,item,granarybooks_too_000,,,,Rabbits do not know what they are,33 x 25 cm.,,,prints,gmgpc,http://id.loc.gov/vocabulary/graphicMaterials/tgm008237,still image,text,English,iso639-2b,http://id.loc.gov/vocabulary/iso639-2/eng,,,,,,Book Arts Collection,http://id.library.columbia.edu/term/67352f9a-3ebe-40ff-a87c-717b2b82bd5d,,,,,,,,,"Rare Book & Manuscript Library, Columbia University",http://id.library.columbia.edu/term/d2142d01-deaa-4a39-8dbd-72c4f148353f,BOOKART Z232.G76 2004 P41,Granary Books,reformatted digital,,,In Copyright,rightsstatements,https://rightsstatements.org/page/InC/1.0/?language=en,1986,1986,TRUE,,,New York,8703119,,,,,,,"Spicer, Jack",https://id.loc.gov/authorities/names/n79041624,naf,personal,TRUE,Author,http://id.loc.gov/vocabulary/relators/aut,marcrelator,,,,,,,,,,,,,,,,,Granary Books (Firm),http://id.loc.gov/authorities/names/no89000033,naf,corporate,Publisher,http://id.loc.gov/vocabulary/relators/pbl,marcrelator,,,,,,,,,,,,,,,,
http://ldpd.cul.columbia.edu/granary_140250/1402500022.jpg,filename,asset,granarybooks_too_001,granarybooks_too_000,,,Rabbits do not know what they are,,9095,https://exhibitions.library.columbia.edu/exhibits/show/granary/history,,,,,,,,,,,,,,,,,,,,,,,,,,,,,,On-site Access,In Copyright,rightsstatements,https://rightsstatements.org/page/InC/1.0/?language=en,,,,,,,,,,,,,,,,,,,,,,,,,,,,,,,,,,,,,,,,,,,,,,,,,,,,,,,,,,,,
,,item,granarybooks_jxc_000,,,A,Secret Location on the Lower East Side,23 cm.,,,books,aat,http://vocab.getty.edu/aat/300028051,text,,English,iso639-2b,http://id.loc.gov/vocabulary/iso639-2/eng,,,,,,Book Arts Collection,http://id.library.columbia.edu/term/67352f9a-3ebe-40ff-a87c-717b2b82bd5d,,,,,,,,,"Rare Book & Manuscript Library, Columbia University",http://id.library.columbia.edu/term/d2142d01-deaa-4a39-8dbd-72c4f148353f,BOOKART Z232.G76 1998 C57,Granary Books,reformatted digital,,,In Copyright,rightsstatements,https://rightsstatements.org/page/InC/1.0/?language=en,1998,1998,TRUE,,,New York,2144559,Exhibition catalogs,lcgft,http://id.loc.gov/authorities/genreForms/gf2014026098,,,,"Clay, Steven, 1951-",https://id.loc.gov/authorities/names/n98038832,naf,personal,TRUE,Contributor,http://id.loc.gov/vocabulary/relators/ctb,marcrelator,,,,,,,,Postmodernism (Literature),http://id.worldcat.org/fast/1073181,fast,Small presses,http://id.worldcat.org/fast/1121469,fast,Literature publishing,http://id.worldcat.org/fast/1000111,fast,"Phillips, Rodney",http://id.loc.gov/authorities/names/n96117937,naf,personal,Contributor,http://id.loc.gov/vocabulary/relators/ctb,marcrelator,"Rothenberg, Jerome, 1931-",http://id.loc.gov/authorities/names/n79062757,naf,personal,Writer of preface,http://id.loc.gov/vocabulary/relators/wpr,marcrelator,Granary Books (Firm),http://id.loc.gov/authorities/names/no89000033,naf,corporate,Publisher,http://id.loc.gov/vocabulary/relators/pbl,marcrelator,,
http://ldpd.cul.columbia.edu/granary_140250/1402500072.jpg,filename,asset,granarybooks_jxc_001,granarybooks_jxc_000,,,Cover,,9145,https://exhibitions.library.columbia.edu/exhibits/show/granary/history/meta,,,,,,,,,,,,,,,,,,,,,,,,,,,,,,On-site Access,In Copyright,rightsstatements,https://rightsstatements.org/page/InC/1.0/?language=en,,,,,,,,,,,,,,,,,,,,,,,,,,,,,,,,,,,,,,,,,,,,,,,,,,,,,,,,,,,,
http://ldpd.cul.columbia.edu/granary_140250/1402500073.jpg,filename,asset,granarybooks_jxc_002,granarybooks_jxc_000,,,Page 55 pulled out,,9146,https://exhibitions.library.columbia.edu/exhibits/show/granary/history/meta,,,,,,,,,,,,,,,,,,,,,,,,,,,,,,On-site Access,In Copyright,rightsstatements,https://rightsstatements.org/page/InC/1.0/?language=en,,,,,,,,,,,,,,,,,,,,,,,,,,,,,,,,,,,,,,,,,,,,,,,,,,,,,,,,,,,,
,,item,granarybooks_uwi_000,,,,Some of these Daze,27 x 28 cm.,,,books,aat,http://vocab.getty.edu/aat/300028051,text,,English,iso639-2b,http://id.loc.gov/vocabulary/iso639-2/eng,,,,,,Book Arts Collection,http://id.library.columbia.edu/term/67352f9a-3ebe-40ff-a87c-717b2b82bd5d,,,,,,,,,"Rare Book & Manuscript Library, Columbia University",http://id.library.columbia.edu/term/d2142d01-deaa-4a39-8dbd-72c4f148353f,BOOKART Z232.G76 2005 G89,Granary Books,reformatted digital,,,In Copyright,rightsstatements,https://rightsstatements.org/page/InC/1.0/?language=en,2005,2005,TRUE,,,New York,6897488,artists' books (books),aat,http://vocab.getty.edu/aat/300123016,,,,"Grooms, Mimi Gross",https://id.loc.gov/authorities/names/n97877146,naf,personal,TRUE,Illustrator,http://id.loc.gov/vocabulary/relators/ill,marcrelator,,,,,,,,September 11 Terrorist Attacks (2001) in art,http://id.worldcat.org/fast/1112809,fast,,,,,,,"Bernstein, Charles, 1950-",http://id.loc.gov/authorities/names/n84160359,naf,personal,Author,http://id.loc.gov/vocabulary/relators/aut,marcrelator,Granary Books (Firm),http://id.loc.gov/authorities/names/no89000033,naf,corporate,Publisher,http://id.loc.gov/vocabulary/relators/pbl,marcrelator,,,,,,,,,
http://ldpd.cul.columbia.edu/granary_140250/1402500029.jpg,filename,asset,granarybooks_uwi_001,granarybooks_uwi_000,,,Cover,,9102,https://exhibitions.library.columbia.edu/exhibits/show/granary/collabs/daze,,,,,,,,,,,,,,,,,,,,,,,,,,,,,,On-site Access,In Copyright,rightsstatements,https://rightsstatements.org/page/InC/1.0/?language=en,,,,,,,,,,,,,,,,,,,,,,,,,,,,,,,,,,,,,,,,,,,,,,,,,,,,,,,,,,,,
http://ldpd.cul.columbia.edu/granary_140250/1402500030.jpg,filename,asset,granarybooks_uwi_002,granarybooks_uwi_000,,,"Spread: ""I may be paranoid""",,9103,https://exhibitions.library.columbia.edu/exhibits/show/granary/collabs/daze,,,,,,,,,,,,,,,,,,,,,,,,,,,,,,On-site Access,In Copyright,rightsstatements,https://rightsstatements.org/page/InC/1.0/?language=en,,,,,,,,,,,,,,,,,,,,,,,,,,,,,,,,,,,,,,,,,,,,,,,,,,,,,,,,,,,,
,,item,granarybooks_fuu_000,,,,Original cover drawing for Some of these Daze,,,,illustrations,gmgpc,http://id.loc.gov/vocabulary/graphicMaterials/tgm005314,still image,,,,,,,,Date inferred from publication schedule,date note,Granary Books Records,http://id.library.columbia.edu/term/d8bcbb92-ea44-4958-b982-b6941fec7607,series,1,I: Editorial Files for Books Published by Granary,Subseries,2,I.1: Limited Editions,78,127,"Rare Book & Manuscript Library, Columbia University",http://id.library.columbia.edu/term/d2142d01-deaa-4a39-8dbd-72c4f148353f,"Box 78 Series 127 Folder entitled ""Proofs (18 of 27)",Granary Books,reformatted digital,Original cover drawing for Some of these Daze,,In Copyright,rightsstatements,https://rightsstatements.org/page/InC/1.0/?language=en,circa 2005,2004,TRUE,2005,inferred,New York,,,,,,,,"Grooms, Mimi Gross",https://id.loc.gov/authorities/names/n97877146,naf,personal,TRUE,Illustrator,http://id.loc.gov/vocabulary/relators/ill,marcrelator,,,,,,,,,,,,,,,,,Granary Books (Firm),http://id.loc.gov/authorities/names/no89000033,naf,corporate,Publisher,http://id.loc.gov/vocabulary/relators/pbl,marcrelator,,,,,,,,,,,,,,,,
http://ldpd.cul.columbia.edu/granary_140250/1402500031.jpg,filename,asset,granarybooks_fuu_001,granarybooks_fuu_000,,,Proofs (18 of 27),,9104,https://exhibitions.library.columbia.edu/exhibits/show/granary/collabs/daze,,,,,,,,,,,,,,,,,,,,,,,,,,,,,,On-site Access,In Copyright,rightsstatements,https://rightsstatements.org/page/InC/1.0/?language=en,,,,,,,,,,,,,,,,,,,,,,,,,,,,,,,,,,,,,,,,,,,,,,,,,,,,,,,,,,,,
,,item,granarybooks_xrf_000,,,,Stochastic Poetics,32 cm.,,,books,aat,http://vocab.getty.edu/aat/300028051,text,,English,iso639-2b,http://id.loc.gov/vocabulary/iso639-2/eng,,,,,,Book Arts Collection,http://id.library.columbia.edu/term/67352f9a-3ebe-40ff-a87c-717b2b82bd5d,,,,,,,,,"Rare Book & Manuscript Library, Columbia University",http://id.library.columbia.edu/term/d2142d01-deaa-4a39-8dbd-72c4f148353f,BOOKART Z232.G76 2012 D78,Granary Books,reformatted digital,,,In Copyright,rightsstatements,https://rightsstatements.org/page/InC/1.0/?language=en,2012,2012,TRUE,,,New York,10098968,artists' books (books),aat,http://vocab.getty.edu/aat/300123016,poetry,aat,http://vocab.getty.edu/aat/300055931,"Drucker, Johanna, 1952-",https://id.loc.gov/authorities/names/n81067311,naf,personal,TRUE,Author,http://id.loc.gov/vocabulary/relators/aut,marcrelator,,,,,,,,,,,,,,,,,Granary Books (Firm),http://id.loc.gov/authorities/names/no89000033,naf,corporate,Publisher,http://id.loc.gov/vocabulary/relators/pbl,marcrelator,,,,,,,,,,,,,,,,
http://ldpd.cul.columbia.edu/granary_140250/1402500054.jpg,filename,asset,granarybooks_xrf_001,granarybooks_xrf_000,,,Cover,,9127,https://exhibitions.library.columbia.edu/exhibits/show/granary/typography/stochastic,,,,,,,,,,,,,,,,,,,,,,,,,,,,,,On-site Access,In Copyright,rightsstatements,https://rightsstatements.org/page/InC/1.0/?language=en,,,,,,,,,,,,,,,,,,,,,,,,,,,,,,,,,,,,,,,,,,,,,,,,,,,,,,,,,,,,
http://ldpd.cul.columbia.edu/granary_140250/1402500055.jpg,filename,asset,granarybooks_xrf_002,granarybooks_xrf_000,,,"Spread six before colophon ""separate noise""",,9128,https://exhibitions.library.columbia.edu/exhibits/show/granary/typography/stochastic,,,,,,,,,,,,,,,,,,,,,,,,,,,,,,On-site Access,In Copyright,rightsstatements,https://rightsstatements.org/page/InC/1.0/?language=en,,,,,,,,,,,,,,,,,,,,,,,,,,,,,,,,,,,,,,,,,,,,,,,,,,,,,,,,,,,,
,,item,granarybooks_fue_000,,,,Time Samples,17 cm in box 20 x 21 cm.,,,books,aat,http://vocab.getty.edu/aat/300028051,text,,English,iso639-2b,http://id.loc.gov/vocabulary/iso639-2/eng,,,,,,Book Arts Collection,http://id.library.columbia.edu/term/67352f9a-3ebe-40ff-a87c-717b2b82bd5d,,,,,,,,,"Rare Book & Manuscript Library, Columbia University",http://id.library.columbia.edu/term/d2142d01-deaa-4a39-8dbd-72c4f148353f,BOOKART Z232.G76 2006 K76,Granary Books,reformatted digital,,,In Copyright,rightsstatements,https://rightsstatements.org/page/InC/1.0/?language=en,2006,2006,TRUE,,,New York,9042524,artists' books (books),aat,http://vocab.getty.edu/aat/300123016,,,,"Knowles, Alison, 1933-",https://id.loc.gov/authorities/names/n84021038,naf,personal,TRUE,Author,http://id.loc.gov/vocabulary/relators/aut,marcrelator,,,,,,,,,,,,,,,,,"Ivry, Judith",http://id.loc.gov/authorities/names/no2002054822,naf,personal,Binder,http://id.loc.gov/vocabulary/relators/bnd,marcrelator,Granary Books (Firm),http://id.loc.gov/authorities/names/no89000033,naf,corporate,Publisher,http://id.loc.gov/vocabulary/relators/pbl,marcrelator,,,,,,,,,
http://ldpd.cul.columbia.edu/granary_140250/1402500045.jpg,filename,asset,granarybooks_fue_001,granarybooks_fue_000,,,Cover,,9118,https://exhibitions.library.columbia.edu/exhibits/show/granary/innovformats/timesamples,,,,,,,,,,,,,,,,,,,,,,,,,,,,,,On-site Access,In Copyright,rightsstatements,https://rightsstatements.org/page/InC/1.0/?language=en,,,,,,,,,,,,,,,,,,,,,,,,,,,,,,,,,,,,,,,,,,,,,,,,,,,,,,,,,,,,
http://ldpd.cul.columbia.edu/granary_140250/1402500046.jpg,filename,asset,granarybooks_fue_002,granarybooks_fue_000,,,"Spread from ""on the previous day an all red salad""",,9119,https://exhibitions.library.columbia.edu/exhibits/show/granary/innovformats/timesamples,,,,,,,,,,,,,,,,,,,,,,,,,,,,,,On-site Access,In Copyright,rightsstatements,https://rightsstatements.org/page/InC/1.0/?language=en,,,,,,,,,,,,,,,,,,,,,,,,,,,,,,,,,,,,,,,,,,,,,,,,,,,,,,,,,,,,
,,item,granarybooks_cxc_000,,,,What the Ambulance Driver Said,15 x 25 cm.,,,books,aat,http://vocab.getty.edu/aat/300028051,text,,English,iso639-2b,http://id.loc.gov/vocabulary/iso639-2/eng,,,,,,Book Arts Collection,http://id.library.columbia.edu/term/67352f9a-3ebe-40ff-a87c-717b2b82bd5d,,,,,,,,,"Rare Book & Manuscript Library, Columbia University",http://id.library.columbia.edu/term/d2142d01-deaa-4a39-8dbd-72c4f148353f,BOOKART Z232.G76 1998 W81,Granary Books,reformatted digital,,,In Copyright,rightsstatements,https://rightsstatements.org/page/InC/1.0/?language=en,1998,1998,TRUE,,,New York,8703123,artists' books (books),aat,http://vocab.getty.edu/aat/300123016,poetry,aat,http://vocab.getty.edu/aat/300055931,"Wodening, Jane, 1936-",https://id.loc.gov/authorities/names/n88177560,naf,personal,TRUE,Author,http://id.loc.gov/vocabulary/relators/aut,marcrelator,,,,,,,,Concrete poetry,http://id.worldcat.org/fast/874354,fast,,,,,,,"Gallo, Phillip",http://id.loc.gov/authorities/names/n87106650,naf,personal,Printer,http://id.loc.gov/vocabulary/relators/prt,marcrelator,Granary Books (Firm),http://id.loc.gov/authorities/names/no89000033,naf,corporate,Publisher,http://id.loc.gov/vocabulary/relators/pbl,marcrelator,,,,,,,,,
http://ldpd.cul.columbia.edu/granary_140250/1402500047.jpg,filename,asset,granarybooks_cxc_001,granarybooks_cxc_000,,,"Cover, book folded up",,9120,https://exhibitions.library.columbia.edu/exhibits/show/granary/innovformats/ambulance,,,,,,,,,,,,,,,,,,,,,,,,,,,,,,On-site Access,In Copyright,rightsstatements,https://rightsstatements.org/page/InC/1.0/?language=en,,,,,,,,,,,,,,,,,,,,,,,,,,,,,,,,,,,,,,,,,,,,,,,,,,,,,,,,,,,,
http://ldpd.cul.columbia.edu/granary_140250/1402500048.jpg,filename,asset,granarybooks_cxc_002,granarybooks_cxc_000,,,Whole text (book folded out),,9121,https://exhibitions.library.columbia.edu/exhibits/show/granary/innovformats/ambulance,,,,,,,,,,,,,,,,,,,,,,,,,,,,,,On-site Access,In Copyright,rightsstatements,https://rightsstatements.org/page/InC/1.0/?language=en,,,,,,,,,,,,,,,,,,,,,,,,,,,,,,,,,,,,,,,,,,,,,,,,,,,,,,,,,,,,
,,item,granarybooks_ian_000,,,The,Word Made Flesh,28 x 33 cm.,,,books,aat,http://vocab.getty.edu/aat/300028051,text,,English,iso639-2b,http://id.loc.gov/vocabulary/iso639-2/eng,,,,,,,,,,,,,,,,"Rare Book & Manuscript Library, Columbia University",http://id.library.columbia.edu/term/d2142d01-deaa-4a39-8dbd-72c4f148353f,PS3554.R68 W6 1996g,Granary Books,reformatted digital,,,In Copyright,rightsstatements,https://rightsstatements.org/page/InC/1.0/?language=en,1996,1996,TRUE,,,New York,1906264,artists' books (books),aat,http://vocab.getty.edu/aat/300123016,,,,"Drucker, Johanna, 1952-",https://id.loc.gov/authorities/names/n81067311,naf,personal,TRUE,Author,http://id.loc.gov/vocabulary/relators/aut,marcrelator,,,,,,,,,,,,,,,,,Granary Books (Firm),http://id.loc.gov/authorities/names/no89000033,naf,corporate,Publisher,http://id.loc.gov/vocabulary/relators/pbl,marcrelator,,,,,,,,,,,,,,,,
http://ldpd.cul.columbia.edu/granary_140250/1402500058.jpg,filename,asset,granarybooks_ian_001,granarybooks_ian_000,,The,Tongue it lay,,9131,https://exhibitions.library.columbia.edu/exhibits/show/granary/history/meta,,,,,,,,,,,,,,,,,,,,,,,,,,,,,,On-site Access,In Copyright,rightsstatements,https://rightsstatements.org/page/InC/1.0/?language=en,,,,,,,,,,,,,,,,,,,,,,,,,,,,,,,,,,,,,,,,,,,,,,,,,,,,,,,,,,,,
http://ldpd.cul.columbia.edu/granary_140250/1402500059.jpg,filename,asset,granarybooks_ian_002,granarybooks_ian_000,,,"Page 39: ""Playing over the bare""",,9132,https://exhibitions.library.columbia.edu/exhibits/show/granary/history/meta,,,,,,,,,,,,,,,,,,,,,,,,,,,,,,On-site Access,In Copyright,rightsstatements,https://rightsstatements.org/page/InC/1.0/?language=en,,,,,,,,,,,,,,,,,,,,,,,,,,,,,,,,,,,,,,,,,,,,,,,,,,,,,,,,,,,,
