_project.string_key,note-1:note_value,note-1:note_type,_digital_object_type.string_key,_identifiers-1,_parent_digital_objects-1.identifier,title-1:title_sort_portion,alternative_title-1:alternative_title_value,clio_identifier-1:clio_identifier_value,extent-1:extent_value,omeka_identifier-1:omeka_identifier_value,object_in_context_url-1:object_in_context_url_value,form-1:form_term.value,form-1:form_term.uri,form-1:form_term.authority,type_of_resource-1:type_of_resource_value,language-1:language_term.value,language-1:language_term.authority,language-1:language_term.uri,language-2:language_term.value,language-2:language_term.authority,language-2:language_term.uri,note-2:note_value,note-3:note_value,note-4:note_value,note-4:note_type,note-5:note_value,note-6:note_value,note-6:note_type,note-7:note_value,collection-1:collection_term.value,collection-1:collection_term.uri,location-1:location_term.value,location-1:location_term.uri,location-1:location_shelf_location-1:location_shelf_location_free_text,place_of_origin-1:place_of_origin_value,place_of_origin-2:place_of_origin_value,place_of_origin-3:place_of_origin_value,publisher-1:publisher_value,publisher-2:publisher_value,digital_origin-1:digital_origin_value,abstract-1:abstract_value,restriction_on_access-1:restriction_on_access_value,use_and_reproduction-1:use_and_reproduction_value,use_and_reproduction-1:use_and_reproduction_term.uri,use_and_reproduction-1:use_and_reproduction_term.authority,date_created_textual-1:date_created_textual_value,date_created-1:date_created_start_value,date_created-1:date_created_key_date,date_created-1:date_created_end_value,date_created-1:date_created_type,subject_topic-1:subject_topic_term.value,subject_topic-1:subject_topic_term.uri,subject_topic-1:subject_topic_term.authority,subject_topic-2:subject_topic_term.value,subject_topic-2:subject_topic_term.uri,subject_topic-2:subject_topic_term.authority,subject_title-1:subject_title_term.value,subject_title-1:subject_title_term.uri,subject_title-1:subject_title_term.authority,subject_name-1:subject_name_term.value,subject_name-1:subject_name_term.uri,subject_name-1:subject_name_term.authority,subject_name-1:subject_name_term.name_type,subject_geographic-1:subject_geographic_term.value,subject_geographic-1:subject_geographic_term.uri,subject_geographic-1:subject_geographic_term.authority,subject_geographic-2:subject_geographic_term.value,subject_geographic-2:subject_geographic_term.uri,subject_geographic-2:subject_geographic_term.authority,name-1:name_term.value,name-1:name_term.uri,name-1:name_term.authority,name-1:name_term.name_type,name-1:name_usage_primary,name-1:name_role-1:name_role_term.value,name-1:name_role-1:name_role_term.uri,name-1:name_role-1:name_role_term.authority,name-1:name_role-2:name_role_term.value,name-1:name_role-2:name_role_term.uri,name-1:name_role-2:name_role_term.authority,name-2:name_term.value,name-2:name_term.uri,name-2:name_term.authority,name-2:name_term.name_type,name-2:name_role-1:name_role_term.value,name-2:name_role-1:name_role_term.uri,name-2:name_role-1:name_role_term.authority,name-3:name_term.value,name-3:name_term.uri,name-3:name_term.authority,name-3:name_term.name_type,name-3:name_role-1:name_role_term.value,name-3:name_role-1:name_role_term.uri,name-3:name_role-1:name_role_term.authority,name-4:name_term.value,name-4:name_term.uri,name-4:name_term.authority,name-4:name_term.name_type,name-4:name_role-1:name_role_term.value,name-4:name_role-1:name_role_term.uri,name-4:name_role-1:name_role_term.authority,_publish_targets-1.string_key,_publish
,,,item,quran_ama_000,,Alcoran Of Mahomet,,4541917,Physical Dimensions: 20 x 15 cm,,,books,http://vocab.getty.edu/aat/300028051,aat,text,English,iso639-2b,http://id.loc.gov/vocabulary/iso639-2/eng,"Turkish, Ottoman (1500-1928)",iso639-2b,http://id.loc.gov/vocabulary/iso639-2/ota,Original Format: book,"References: The firman's French translation has been published in: A. Hamilton and F. Richard, André du Ryer and Oriental Studies in Seventeenth-Century France, London, 2004, p. 132; H. Busse et al., ""Farmān,” in: Encylopaedia of Islam, 2nd ed., 2, 1965, pp. 803-896; B. Fragner, “Farmān,” in: Encyclopaedia Iranica 9/3, 1999, pp. 282-295 A. H. Groot, ”Murād IV,” in: Encylopaedia of Islam, 2nd ed., 7, 1993, pp. 597-599; Gladys Frantz-Murphy, ""Identity and Security in the Mediterranean World ca. AD 640- ca. AD 1517,"" in: Proceedings of the Twenty-Fifth International Congress of Papyrology, Ann Arbor 2007, Ann Arbor, Mich. 2010, pp. 253-264",,,,,,,McAlpin Collection of British History and Theology,http://id.library.columbia.edu/term/02f7375d-a8c6-4e96-b27c-0a86dda3e908,"Burke Library at Union Theological Seminary, Columbia University",http://id.library.columbia.edu/term/4f175cc6-1394-49b9-a411-2fe143265d43,1649 M21,London,Istanbul (Turkey),,,,reformatted digital,"Safe conduct for André du Ryer, translator at the French mission in Istanbul and ambassador extraordinary of the Ottoman sultan Murad IV (r. 1623-1640), dated 30 Dhū al-Ḥijja 1041 / 17 July 1632",,No Copyright - United States,http://rightsstatements.org/vocab/NoC-US/1.0/,rightsstatements,1649,1649,TRUE,,,International relations,http://id.worldcat.org/fast/977053,fast,,,,,,,"Du Ryer, André, approximately 1580-approximately 1660",http://id.loc.gov/authorities/names/n86080587,naf,personal,Turkey,http://id.loc.gov/authorities/names/n80070818,naf,France,http://id.loc.gov/authorities/names/n79006404,naf,"Murad IV, Sultan of the Turks, 1612-1640",http://id.loc.gov/authorities/names/n85355791,naf,personal,TRUE,Author,http://id.loc.gov/vocabulary/relators/aut,marcrelator,,,,"Du Ryer, André, approximately 1580-approximately 1660",http://id.loc.gov/authorities/names/n86080587,naf,personal,Translator,http://id.loc.gov/vocabulary/relators/trl,marcrelator,"Ross, Alexander, 1591-1654",http://id.loc.gov/authorities/names/n84184693,naf,personal,Translator,http://id.loc.gov/vocabulary/relators/trl,marcrelator,,,,,,,,,
,a1b3d593be692a78d7a7703755995a05.jpg,filename,asset,quran_ama_001,quran_ama_000,"Preface: a translation of the command of the grand Seignior concerning Mr. Malezair, page 1",,,,6170,https://exhibitions.cul.columbia.edu/exhibits/show/quran/circulation/firman,,,,,,,,,,,,,,,,,,,,,,,,,,,,,,,Public Access,No Copyright - United States,http://rightsstatements.org/vocab/NoC-US/1.0/,rightsstatements,,,,,,,,,,,,,,,,,,,,,,,,,,,,,,,,,,,,,,,,,,,,,,,,,,,,,,,,,,
,92ca7fe9a2d1078c452496cb832cd436.jpg,filename,asset,quran_ama_002,quran_ama_000,"Preface: a translation of the command of the grand Seignior concerning Mr. Malezair, page 2",,,,6170,https://exhibitions.cul.columbia.edu/exhibits/show/quran/circulation/firman,,,,,,,,,,,,,,,,,,,,,,,,,,,,,,,Public Access,No Copyright - United States,http://rightsstatements.org/vocab/NoC-US/1.0/,rightsstatements,,,,,,,,,,,,,,,,,,,,,,,,,,,,,,,,,,,,,,,,,,,,,,,,,,,,,,,,,,
,,,item,quran_amh_000,,Alcoran of Mahomet,,4536422,Physical Dimensions: 18.5 x 13.5 x 3 cm,,,books,http://vocab.getty.edu/aat/300028051,aat,text,English,iso639-2b,http://id.loc.gov/vocabulary/iso639-2/eng,,,,Original Format: book,"The French source ""L’Alcoran de Mahomet"" was first published by Antoine de Sommaville in Paris 1647. The translation is accompanied by ""The life and death of Mahomet, the prophet of the Turks, and author of the Alcoran"". Ross added ""A needfull caveat or admonition, for them who desire to know what use may be made of, or if there be danger in reading the Alcoran""",Images from one of three copies in Burke Library.,,"References: ESTC R200452, R200453, R220382; David Allan, ""Ross, Alexander (1591-1654),"" in: Oxford Dictionary of National Biography, 2007, available online: http://www.oxforddnb.com/view/article/24110 (accessed 10 June 2011); Nabil Matar, ""A Note on Alexander Ross and the English Translation of the Qurʾān,"" Journal of Islamic Studies 23/1, 2012, pp. 76-84; Noel Malcolm, ""The 1649 English Translation of the Koran: Its Origins and Significance,"" Journal of the Warburg and Courtauld Institutes 75 (2012), pp. 261-295",,,,,,"Burke Library at Union Theological Seminary, Columbia University",http://id.library.columbia.edu/term/4f175cc6-1394-49b9-a411-2fe143265d43,Tower BP109 .D8 1649,London,,,,,reformatted digital,First English translation of the complete text of the Quran,,No Copyright - United States,http://rightsstatements.org/vocab/NoC-US/1.0/,rightsstatements,1649,1649,TRUE,,,Islam,http://id.worldcat.org/fast/979776,fast,,,,,,,,,,,,,,,,,"Du Ryer, André, approximately 1580-approximately 1660",http://id.loc.gov/authorities/names/n86080587,naf,personal,TRUE,Translator,http://id.loc.gov/vocabulary/relators/trl,marcrelator,,,,"Ross, Alexander, 1591-1654",http://id.loc.gov/authorities/names/n84184693,naf,personal,Translator,http://id.loc.gov/vocabulary/relators/trl,marcrelator,,,,,,,,,,,,,,,,
,http://ldpd.lampdev.columbia.edu/o/110023002.jpg,filename,asset,quran_amh_001,quran_amh_000,Title page,,,,6109,https://exhibitions.cul.columbia.edu/exhibits/show/quran/bibliography/engtr,,,,,,,,,,,,,,,,,,,,,,,,,,,,,,,Public Access,No Copyright - United States,http://rightsstatements.org/vocab/NoC-US/1.0/,rightsstatements,,,,,,,,,,,,,,,,,,,,,,,,,,,,,,,,,,,,,,,,,,,,,,,,,,,,,,,,,,
,,,item,quran_amo_000,,Alcoran of Mahomet,,4431306,Physical Dimensions: 18.5 x 15 x 3.5 cm,,,books,http://vocab.getty.edu/aat/300028051,aat,text,English,iso639-2b,http://id.loc.gov/vocabulary/iso639-2/eng,,,,Original Format: book,"French source ""L’Alcoran de Mahomet"" was first published by Antoine de Sommaville in Paris 1647. The complete title reads: ""The Alcoran of Mahomet, translated out of Arabique into French, by the Sieur Du Ryer, Lord of Malezair, and resident for the King of France, at Alexandria, and newly Englished, for the satisfaction of all that desire to look into the Turkish vanities' the translation is accompanied by ""The life and death of Mahomet, the prophet of the Turks, and author of the Alcoran"". Ross added ""A needfull caveat or admonition, for them who desire to know what use may be made of, or if there be danger in reading the Alcoran""","References: ESTC R200452, R200453, R220382; David Allan, ""Ross, Alexander (1591-1654),"" in: Oxford Dictionary of National Biography, 2007, available online: http://www.oxforddnb.com/view/article/24110 (accessed 10 June 2011); Nabil Matar, ""A Note on Alexander Ross and the English Translation of the Qurʾān,"" Journal of Islamic Studies 23/1, 2012, pp. 76-84; Noel Malcolm, ""The 1649 English Translation of the Koran: Its Origins and Significance,"" Journal of the Warburg and Courtauld Institutes 75 (2012), pp. 261-295",,,,,,McAlpin Collection of British History and Theology,http://id.library.columbia.edu/term/02f7375d-a8c6-4e96-b27c-0a86dda3e908,"Burke Library at Union Theological Seminary, Columbia University",http://id.library.columbia.edu/term/4f175cc6-1394-49b9-a411-2fe143265d43,1649 M216,London,,,,,reformatted digital,First English translation of the complete text of the Qur'an;  One of three copies in Burke Library,,No Copyright - United States,http://rightsstatements.org/vocab/NoC-US/1.0/,rightsstatements,1649,1649,TRUE,,,Islam,http://id.worldcat.org/fast/979776,fast,,,,,,,,,,,,,,,,,"Muḥammad, Prophet, -632",http://id.loc.gov/authorities/names/n79130881,naf,personal,TRUE,Author,http://id.loc.gov/vocabulary/relators/aut,marcrelator,,,,"Du Ryer, André, approximately 1580-approximately 1660",http://id.loc.gov/authorities/names/n86080587,naf,personal,Translator,http://id.loc.gov/vocabulary/relators/trl,marcrelator,"Ross, Alexander, 1591-1654",http://id.loc.gov/authorities/names/n84184693,naf,personal,Translator,http://id.loc.gov/vocabulary/relators/trl,marcrelator,,,,,,,,,
,http://ldpd.lampdev.columbia.edu/o/110023001.jpg,filename,asset,quran_amo_001,quran_amo_000,Page 1,,,,6092,https://exhibitions.cul.columbia.edu/exhibits/show/quran/qurans/printed,,,,,,,,,,,,,,,,,,,,,,,,,,,,,,,Public Access,No Copyright - United States,http://rightsstatements.org/vocab/NoC-US/1.0/,rightsstatements,,,,,,,,,,,,,,,,,,,,,,,,,,,,,,,,,,,,,,,,,,,,,,,,,,,,,,,,,,
,,,item,quran_atu_000,,"Alcorani textus universus ex correctioribus Arabum exemplaribus summa fide, atque pulcherrimis characteribus descriptus",,4561623,Physical Dimensions: 36 x 23 cm,,,books,http://vocab.getty.edu/aat/300028051,aat,text,Latin,iso639-2b,http://id.loc.gov/vocabulary/iso639-2/lat,,,,Original Format: book in 2 vols.,"The complete title reads: ""Alcorani textus universus ex correctioribus Arabum exemplaribus summa fide, atque pulcherrimis characteribus descriptus; eademque fide, ac pari diligentia ex Arabico idiomate in Latinum translatus; appositis unicuique capiti notis, atque refutatione: his omnibus praemissus est Prodromus totum priorem tomum implens."" Volume 1 contains Marracci's ""Prodomus ad refutationem Alcorani in quo per quatuor praecipuas verae religionis notas Mahumetanae sectae falsitas ostenditur, Christianae religionis veritas comprobatur,"" which the Sacra Congregatione de Propaganda Fide had published in Rome 1691, and vol. 2 contains the text of the Quran.",Physical Description of book from which the digital images were taken: 2 vols. pagination not continuous;  original binding,,"References: Schnurrer, pp. 412-414 s.v. 377; E. Denison Ross, “Ludovico Marracci,” Bulletin of the School of Oriental Studies 2/1, 1921, pp. 117–123","Heraldic book plate of Edward Gregory. According to a gutter note dated 14 April 1914, the book came to Burke Library from Alfred Ball.",provenance,,,,"Burke Library at Union Theological Seminary, Columbia University",http://id.library.columbia.edu/term/4f175cc6-1394-49b9-a411-2fe143265d43,Union Rare OT40 1698,Rome (Italy),Padua (Italy),Naples (Italy),Ex typographia seminarii,,reformatted digital,"Critical edition of the complete Arabic text of the Quran with Latin translation and commentary, introduced by an apologetic essay against Islam; In Luigi Marracci's edition, the complete Arabic text of the Quran is preceded by three legal documents, issued by the Congregation of the Holy Roman and Universal Inquisition in Rome, the Clerks Regular of the Blessed Virgin (that is: the editor's order) in Naples, and the Council of ""Refformatori dello Studio"" in Padua, respectively",,No Copyright - United States,http://rightsstatements.org/vocab/NoC-US/1.0/,rightsstatements,1698,1698,TRUE,,,Islam,http://id.worldcat.org/fast/979776,fast,Religious literature--Distribution,http://id.worldcat.org/fast/1094144,fast,Qur’an,http://id.worldcat.org/fast/1842877,fast,,,,,,,,,,,"Marracci, Luigi, 1612-1700",http://id.loc.gov/authorities/names/n90698375,naf,personal,TRUE,Translator,http://id.loc.gov/vocabulary/relators/trl,marcrelator,,,,Catholic Church. Congregatio Romanae et Universalis Inquisitionis,http://id.loc.gov/authorities/names/n00020771,naf,corporate,Issuing body,http://id.loc.gov/vocabulary/relators/isb,marcrelator,Catholic Church. Congregatio Clericorum Regularium Matris Dei,,,corporate,Issuing body,http://id.loc.gov/vocabulary/relators/isb,marcrelator,Refformatori dello Studio di Padua,,,corporate,Issuing body,http://id.loc.gov/vocabulary/relators/isb,marcrelator,,
,110063004.jpg,filename,asset,quran_atu_001,quran_atu_000,"Volume 2, page I",,,,6131,https://exhibitions.cul.columbia.edu/exhibits/show/quran/qurans/printed,,,,,,,,,,,,,,,,,,,,,,,,,,,,,,,Public Access,No Copyright - United States,http://rightsstatements.org/vocab/NoC-US/1.0/,rightsstatements,,,,,,,,,,,,,,,,,,,,,,,,,,,,,,,,,,,,,,,,,,,,,,,,,,,,,,,,,,
,22f502e331ee3f7728e76b46ca29252f.jpg,filename,asset,quran_atu_002,quran_atu_000,Approbation 1,,,,6129,https://exhibitions.cul.columbia.edu/exhibits/show/quran/circulation/pub,,,,,,,,,,,,,,,,,,,,,,,,,,,,,,,Public Access,No Copyright - United States,http://rightsstatements.org/vocab/NoC-US/1.0/,rightsstatements,,,,,,,,,,,,,,,,,,,,,,,,,,,,,,,,,,,,,,,,,,,,,,,,,,,,,,,,,,
,7a92712a85dcdc4d6a74bb84f13d3d1e.jpg,filename,asset,quran_atu_003,quran_atu_000,Approbation 2,,,,6129,https://exhibitions.cul.columbia.edu/exhibits/show/quran/circulation/pub,,,,,,,,,,,,,,,,,,,,,,,,,,,,,,,Public Access,No Copyright - United States,http://rightsstatements.org/vocab/NoC-US/1.0/,rightsstatements,,,,,,,,,,,,,,,,,,,,,,,,,,,,,,,,,,,,,,,,,,,,,,,,,,,,,,,,,,
,17c3127e68f943657fc6727b34a1db1d.jpg,filename,asset,quran_atu_004,quran_atu_000,Approbation 3,,,,6129,https://exhibitions.cul.columbia.edu/exhibits/show/quran/circulation/pub,,,,,,,,,,,,,,,,,,,,,,,,,,,,,,,Public Access,No Copyright - United States,http://rightsstatements.org/vocab/NoC-US/1.0/,rightsstatements,,,,,,,,,,,,,,,,,,,,,,,,,,,,,,,,,,,,,,,,,,,,,,,,,,,,,,,,,,
,,,item,quran_bsp_000,,Biblia Sacra Polyglotta,,4546904,Physical Dimensions: 45.75 x 30 cm,,,books,http://vocab.getty.edu/aat/300028051,aat,text,Latin,iso639-2b,http://id.loc.gov/vocabulary/iso639-2/lat,,,,Original Format: book in 6 vols.,Title is in 6 volumes,"References: ESTC R36583, R36584, R227828; D. S. Margoliouth and Nicholas Keene, ""Walton, Brian (1600-1661),"" in: Oxford Dictionary of National Biography, 2008, available online: http://www.oxforddnb.com/view/article/28648 (accessed 10 June 2011); Jacques Lelong, Discours historique sur les principales editions des Bibles polyglottes, Paris, 1713; Peter N. Miller, ""Making the Paris Polyglot Bible: Humanism and Orientalism in the Early Seventeenth Century Century,"" in: Die europäische Gelehrtenrepublik im Zeitalter des Konfessionalismus, ed. H. Jaumann, Wiesbaden 2001, pp. 59-85; Peter N. Miller, ""The 'Antiquarianization' of Biblical Scholarship and the London Polyglot Bible (1653-57),"" Journal for the History of Ideas 62/3 (2001), pp. 463-482",,,,,,,,"Burke Library at Union Theological Seminary, Columbia University",http://id.library.columbia.edu/term/4f175cc6-1394-49b9-a411-2fe143265d43,Union Rare Folio CB12 1655,London,,,Thomas Roycroft,,reformatted digital,"London Polyglot Bible presents the texts of the Old Testament, Apocrypha, and the New Testament in nine languages, including Arabic and Persian",,No Copyright - United States,http://rightsstatements.org/vocab/NoC-US/1.0/,rightsstatements,1655-1657,1655,TRUE,1657,approximate,Religious literature--Study and teaching,http://id.worldcat.org/fast/1094153,fast,,,,,,,,,,,,,,,,,"Walton, Brian, 1600-1661",http://id.loc.gov/authorities/names/n85143069,naf,personal,TRUE,Editor,http://id.loc.gov/vocabulary/relators/edt,marcrelator,,,,,,,,,,,,,,,,,,,,,,,,,,
,Walton_Biblia_sacra_polyglotta_1.jpg,filename,asset,quran_bsp_001,quran_bsp_000,"Volume 1, pages 160 to 161",,,,6099,https://exhibitions.cul.columbia.edu/exhibits/show/quran/bibcrittoworldrel/hebrew,,,,,,,,,,,,,,,,,,,,,,,,,,,,,,,Public Access,No Copyright - United States,http://rightsstatements.org/vocab/NoC-US/1.0/,rightsstatements,,,,,,,,,,,,,,,,,,,,,,,,,,,,,,,,,,,,,,,,,,,,,,,,,,,,,,,,,,
,Walton_Biblia_sacra_polyglotta_2.jpg,filename,asset,quran_bsp_002,quran_bsp_000,"Volume 1, pages 162 to 163",,,,6099,https://exhibitions.cul.columbia.edu/exhibits/show/quran/bibcrittoworldrel/hebrew,,,,,,,,,,,,,,,,,,,,,,,,,,,,,,,Public Access,No Copyright - United States,http://rightsstatements.org/vocab/NoC-US/1.0/,rightsstatements,,,,,,,,,,,,,,,,,,,,,,,,,,,,,,,,,,,,,,,,,,,,,,,,,,,,,,,,,,
,,,item,quran_ccr_000,,Cérémonies et coutumes religieuses de tous les peuples du monde,,4560864,Physical Dimensions: 40 x 26 cm,,,books,http://vocab.getty.edu/aat/300028051,aat,text,French,iso639-2b,http://id.loc.gov/vocabulary/iso639-2/fre,,,,Original Format: book in 8 vols.,"Physical description for set from which digital images were taken:  8 vols. in 9, 253 leaves of plates, some folded in this set vol. 1 has as frontispiece Picart's 1727 engraving ""Tableau des principales religions du monde""; For an image of Muhammad as reading from the Quran to his followers, see the frontispiece by Adolf van der Laan (c.1690-1742) for the revised French edition of du Ryer's 1747 French Quran translation, published by Pierre Mortier in Amsterdam 1734","""So precious a foundation"": The Library of Leander van Ess at the Burke Library of Union Theological Seminary in the City of New York, ed. Milton McC. Gatch, New York 1996, pp. 359-360 s.v. XI.9",,"References: STCN PPN 251242188 and 164352457 for the 1737 reprint of vol. V, which includes the Islam section; Elizabeth M. Sheets, ""Jean-Frédéric Bernard: Précurseur du mouvement philosophique du XVIIIe siècle,"" MA thesis, Columbia University, 1934; Maxime Préaud, ""Bernard Picart,"" in: Grove Art Online, available at: http://www.oxfordartonline.com:80/subscriber/article/grove/art/T067311pg2 (accessed 11 June 2011); Paola von Wyss-Giacosa, Religionsbilder der frühen Aufklärung: Bernard Picarts Tafeln für die Cérémonies et coutumes religieuses de tous les peuples du monde, Wabern, Berne 2006; Bernard Picart and the First Global Vision of Religion, eds. Lynn A. Hunt et al., Los Angeles, Calif. 2010",Leander van Ess (1772-1847),provenance,,,,"Burke Library at Union Theological Seminary, Columbia University",http://id.library.columbia.edu/term/4f175cc6-1394-49b9-a411-2fe143265d43,Union Rare Folio OD30 C41,Amsterdam,,,"Bernard, Jean-Frédéric, 1683?-1744",,reformatted digital,Fine illustrated reprint edition of the most important works concerning the world's religions as known in early eighteenth-century Europe,,No Copyright - United States,http://rightsstatements.org/vocab/NoC-US/1.0/,rightsstatements,1723-1743,1723,TRUE,1743,approximate,Religions,http://id.worldcat.org/fast/1093898,fast,,,,,,,,,,,,,,,,,"Picart, Bernard, 1673-1733",http://id.loc.gov/authorities/names/n79112983,naf,personal,TRUE,Engraver,http://id.loc.gov/vocabulary/relators/egr,marcrelator,,,,"Ess, Leander van, 1772-1847",http://id.loc.gov/authorities/names/no92013806,naf,personal,Former owner,http://id.loc.gov/vocabulary/relators/fmo,marcrelator,,,,,,,,,,,,,,,,
,5c90a21fab1743e86a520e0f739aa999.jpg,filename,asset,quran_ccr_001,quran_ccr_000,"Volume 5, l'inauguration premiere, plate and premiere dissertation sur le mahometisme, page 1",,,,6100,https://exhibitions.cul.columbia.edu/exhibits/show/quran/bibcrittoworldrel/worldreligions,,,,,,,,,,,,,,,,,,,,,,,,,,,,,,,Public Access,No Copyright - United States,http://rightsstatements.org/vocab/NoC-US/1.0/,rightsstatements,,,,,,,,,,,,,,,,,,,,,,,,,,,,,,,,,,,,,,,,,,,,,,,,,,,,,,,,,,
,78a9ed14f8afd843c97e16cf0f3a275b.jpg,filename,asset,quran_ccr_002,quran_ccr_000,"Volume 5, l'inauguration premiere, plate and premiere dissertation sur le mahometisme, page 2",,,,6100,https://exhibitions.cul.columbia.edu/exhibits/show/quran/bibcrittoworldrel/worldreligions,,,,,,,,,,,,,,,,,,,,,,,,,,,,,,,Public Access,No Copyright - United States,http://rightsstatements.org/vocab/NoC-US/1.0/,rightsstatements,,,,,,,,,,,,,,,,,,,,,,,,,,,,,,,,,,,,,,,,,,,,,,,,,,,,,,,,,,
,,,item,quran_cta_000,,Corani textus arabicus,,4561624,Physical Dimensions: 25.5 x 19.75 x 3.5 cm,,,books,http://vocab.getty.edu/aat/300028051,aat,text,Arabic,iso639-2b,http://id.loc.gov/vocabulary/iso639-2/ara,Latin,iso639-2b,http://id.loc.gov/vocabulary/iso639-2/lat,Original Format: book,"Physical Description for item from which digital items are taken: Tauchnitz printed the 1st edition (Leipzig 1834) in four different issues, and the 2nd corrected edition is based on the 2nd issue.","References: Johann W. Fück, ""Flügel, Gustav Leberecht,"" in: Neue Deutsche Biographie 5, 1961, pp. 260-261, available online: http://www.deutsche-biographie.de/sfz16508.html (accessed 11 June 2011); Gerd Gropp, ""Flügel, Gustav Leberecht,"" in: Encyclopaedia Iranica 10/1, 1999, pp. 64-65 for stereotype printing and quarto editions issued by the publisher Tauchnitz, see: Gustav Wustmann, ""Tauchnitz, Karl,“ in: Allgemeine Deutsche Biographie 37, 1894, pp. 441-443, available online: http://www.deutsche-biographie.de/sfz82194.html (accessed 12 June 2011) Rijk Smitskamp, ""Flügel's Koran Edition,"" ʿĀlam al-kutub 15 (1410/1994), pp. 533-535",,,,,,,,"Burke Library at Union Theological Seminary, Columbia University",http://id.library.columbia.edu/term/4f175cc6-1394-49b9-a411-2fe143265d43,OT40 1841,Leipzig,,,"Tauchnitz, Karl Christoph Traugott, 1761-1836","Tauchnitz, Karl Christian Philipp, 1798-1884",reformatted digital,2nd rev. edition of the complete Arabic text of the Quran with Latin preface,,No Copyright - United States,http://rightsstatements.org/vocab/NoC-US/1.0/,rightsstatements,1841,1841,TRUE,,,Islam,http://id.worldcat.org/fast/979776,fast,,,,,,,,,,,,,,,,,"Flügel, Gustav, 1802-1870",http://id.loc.gov/authorities/names/nr88004247,naf,personal,TRUE,Editor,http://id.loc.gov/vocabulary/relators/edt,marcrelator,,,,,,,,,,,,,,,,,,,,,,,,,,
,http://ldpd.lampdev.columbia.edu/o/Flugel_Corani_textus_arabicus.jpg,filename,asset,quran_cta_001,quran_cta_000,Opening pages,,,,6101,https://exhibitions.cul.columbia.edu/exhibits/show/quran/qurans/printed,,,,,,,,,,,,,,,,,,,,,,,,,,,,,,,Public Access,No Copyright - United States,http://rightsstatements.org/vocab/NoC-US/1.0/,rightsstatements,,,,,,,,,,,,,,,,,,,,,,,,,,,,,,,,,,,,,,,,,,,,,,,,,,,,,,,,,,
,,,item,quran_hgr_000,,Histoire générale de la religion des Turcs,,4585128,Physical Dimensions: 24 x 18.5 x 3 cm,,,books,http://vocab.getty.edu/aat/300028051,aat,text,French,iso639-2b,http://id.loc.gov/vocabulary/iso639-2/fre,,,,Original Format: book,,,,,,,,,,"Burke Library at Union Theological Seminary, Columbia University",http://id.library.columbia.edu/term/4f175cc6-1394-49b9-a411-2fe143265d43,Union Rare OT23 B33,Paris,,,"Cramoisy, Claude",,reformatted digital,,,No Copyright - United States,http://rightsstatements.org/vocab/NoC-US/1.0/,rightsstatements,1625,1625,TRUE,,,Religions,http://id.worldcat.org/fast/1093898,fast,History,http://id.worldcat.org/fast/958235,fast,,,,,,,,Turkey,http://id.loc.gov/authorities/names/n80070818,naf,,,,"Baudier, Michel, 1589?-1645",http://id.loc.gov/authorities/names/n84121106,naf,personal,TRUE,Author,http://id.loc.gov/vocabulary/relators/aut,marcrelator,,,,"Picart, Bernard, 1673-1733",http://id.loc.gov/authorities/names/n79112983,naf,personal,Engraver,http://id.loc.gov/vocabulary/relators/egr,marcrelator,,,,,,,,,,,,,,,,
,http://ldpd.lampdev.columbia.edu/o/Baudier_Histoire_generale_de_la_religion_des_Turcs.jpg,filename,asset,quran_hgr_001,quran_hgr_000,Title page,,,,6107,https://exhibitions.cul.columbia.edu/exhibits/show/quran/bibcrittoworldrel/ott,,,,,,,,,,,,,,,,,,,,,,,,,,,,,,,Public Access,No Copyright - United States,http://rightsstatements.org/vocab/NoC-US/1.0/,rightsstatements,,,,,,,,,,,,,,,,,,,,,,,,,,,,,,,,,,,,,,,,,,,,,,,,,,,,,,,,,,
,,,item,quran_hjp_000,,"Historia Josephi patriarchae, ex Alcorano, arabicè",,4561625,Physical Dimensions: 20.5 x 10.75 x 1 cm,,,books,http://vocab.getty.edu/aat/300028051,aat,text,Latin,iso639-2b,http://id.loc.gov/vocabulary/iso639-2/lat,,,,Original Format: book,"References: Schnurrer, pp. 31-32 s.v. 52; STCN PPN 059605294; ʻAbd Allāh b. ʻUmar al-Bayḍāwī, Commentary on sūrah 12 of the Qur'ān, tr. and notes by A. F. L. Beeston, Oxford 1963 (Arabic text with English translation); Mieke Bal, Loving Yusuf: Conceptual Travels from Present to Past, Chicago, Ill. 2008",Physical description of book from which images were taken: book opens on the right because Arabic script is written from right to left,,,,,,,,"Burke Library at Union Theological Seminary, Columbia University",http://id.library.columbia.edu/term/4f175cc6-1394-49b9-a411-2fe143265d43,Union Rare  OT41 E71,Leiden,,,ex typographia Erpeniana,,reformatted digital,The Arabic text of sura 12 (sūrat Yūsuf) with three Latin translations. Surat Yusuf wa-tahajji al-Arab,,No Copyright - United States,http://rightsstatements.org/vocab/NoC-US/1.0/,rightsstatements,1617,1617,TRUE,,,Islam,http://id.worldcat.org/fast/979776,fast,,,,,,,,,,,,,,,,,"Erpenius, Thomas, 1584-1624",http://id.loc.gov/authorities/names/n87911019,naf,personal,TRUE,Publisher,http://id.loc.gov/vocabulary/relators/pbl,marcrelator,,,,"Robert, of Chester, active 1143",http://id.loc.gov/authorities/names/nr89009733,naf,personal,Contributor,http://id.loc.gov/vocabulary/relators/ctb,marcrelator,"Hermann, of Carinthia",http://id.loc.gov/authorities/names/n84050077,naf,personal,Contributor,http://id.loc.gov/vocabulary/relators/ctb,marcrelator,,,,,,,,,
,BurkeErpenius.jpg,filename,asset,quran_hjp_001,quran_hjp_000,Front cover,,,,6102,https://exhibitions.cul.columbia.edu/exhibits/show/quran/qurans/printed,,,,,,,,,,,,,,,,,,,,,,,,,,,,,,,Public Access,No Copyright - United States,http://rightsstatements.org/vocab/NoC-US/1.0/,rightsstatements,,,,,,,,,,,,,,,,,,,,,,,,,,,,,,,,,,,,,,,,,,,,,,,,,,,,,,,,,,
,http://ldpd.lampdev.columbia.edu/o/historia_josephi.jpg,filename,asset,quran_hjp_002,quran_hjp_000,Final two pages,,,,6102,https://exhibitions.cul.columbia.edu/exhibits/show/quran/qurans/printed,,,,,,,,,,,,,,,,,,,,,,,,,,,,,,,Public Access,No Copyright - United States,http://rightsstatements.org/vocab/NoC-US/1.0/,rightsstatements,,,,,,,,,,,,,,,,,,,,,,,,,,,,,,,,,,,,,,,,,,,,,,,,,,,,,,,,,,
,,,item,quran_hke_000,,Historisch-kritische Einleitung in den Koran,,4561639,Physical Dimensions: 15 x 10 x 1 cm,,,books,http://vocab.getty.edu/aat/300028051,aat,text,German,iso639-2b,http://id.loc.gov/vocabulary/iso639-2/ger,,,,Original Format: book,"Reference: Merx, ""Weil, Gustav,"" in: Allgemeine Deutsche Biographie 41, 1896, pp. 486-488, available online: http://www.deutsche-biographie.de/sfz84819.html (accessed 11 June 2011)",,,,,,,,,"Burke Library at Union Theological Seminary, Columbia University",http://id.library.columbia.edu/term/4f175cc6-1394-49b9-a411-2fe143265d43,Union Rare OT49 W42,Bielefeld,,,Velhagen & Klasing,,reformatted digital,Critical introduction to Quran studies,,No Copyright - United States,http://rightsstatements.org/vocab/NoC-US/1.0/,rightsstatements,1844,1844,TRUE,,,Religious literature--Study and teaching,http://id.worldcat.org/fast/1094153,fast,,,,,,,,,,,,,,,,,"Weil, Gustav, 1808-1889",http://id.loc.gov/authorities/names/n83180418,naf,personal,TRUE,Author,http://id.loc.gov/vocabulary/relators/aut,marcrelator,,,,,,,,,,,,,,,,,,,,,,,,,,
,http://ldpd.lampdev.columbia.edu/o/100177005.jpg,filename,asset,quran_hke_001,quran_hke_000,Pages XVIII to XIX,,,,6105,https://exhibitions.cul.columbia.edu/exhibits/show/quran/empire/quranstud,,,,,,,,,,,,,,,,,,,,,,,,,,,,,,,Public Access,No Copyright - United States,http://rightsstatements.org/vocab/NoC-US/1.0/,rightsstatements,,,,,,,,,,,,,,,,,,,,,,,,,,,,,,,,,,,,,,,,,,,,,,,,,,,,,,,,,,
,,,item,quran_kow_000,,Koordish warior,,,Physical Dimensions: 41 x 34 cm,,,Paintings,http://id.loc.gov/vocabulary/graphicMaterials/tgm007393,gmgpc,still image,,,,,,,Original Format: gouache sent as a letter,uncatalogued as of June 2011,,,,Inquiring Society at Union Theological Seminary,provenance,opaque colors and ink on paper,,,"Burke Library at Union Theological Seminary, Columbia University",http://id.library.columbia.edu/term/4f175cc6-1394-49b9-a411-2fe143265d43,,Urūmīyah (Iran),,,,,reformatted digital,"Part of a letter sent to the Inquiring Society at Union Theological Seminary, New York City, from Justin Perkins",,No Copyright - United States,http://rightsstatements.org/vocab/NoC-US/1.0/,rightsstatements,1839,1839,TRUE,,,Horsemen and horsewomen,http://id.worldcat.org/fast/960588,fast,Kurds,http://id.worldcat.org/fast/989403,fast,,,,,,,,Urūmīyah (Iran),http://id.loc.gov/authorities/names/n91047104,naf,Azerbaijan,http://id.loc.gov/authorities/names/n92000010,naf,"Perkins, Justin, 1805-1869",http://id.loc.gov/authorities/names/n91126835,naf,personal,TRUE,Illustrator,http://id.loc.gov/vocabulary/relators/ill,marcrelator,Correspondent,http://id.loc.gov/vocabulary/relators/crp,marcrelator,"Union Theological Seminary (New York, N.Y.). Society of Inquiry",http://id.loc.gov/authorities/names/no2014158055,naf,corporate,Addressee,http://id.loc.gov/vocabulary/relators/rcp,marcrelator,,,,,,,,,,,,,,,,
,UTS_014.jpg,filename,asset,quran_kow_001,quran_kow_000,Koordish warior,,,,6127,https://exhibitions.cul.columbia.edu/exhibits/show/quran/perkins/people,,,,,,,,,,,,,,,,,,,,,,,,,,,,,,,Public Access,No Copyright - United States,http://rightsstatements.org/vocab/NoC-US/1.0/,rightsstatements,,,,,,,,,,,,,,,,,,,,,,,,,,,,,,,,,,,,,,,,,,,,,,,,,,,,,,,,,,
,,,item,quran_kam_000,,"Koran, commonly called the Alcoran of Mohammed",,4561630,Physical Dimensions: 26 x 21 x 5.75 cm,,,books,http://vocab.getty.edu/aat/300028051,aat,text,English,iso639-2b,http://id.loc.gov/vocabulary/iso639-2/eng,,,,Original Format: books,"Physical description of book from which images were taken: the unidentified French engraving used as frontispiece in a copy in the Houghton Library (f EC7.Sa324.733ka) was added by one of its previous owners the ""Preliminary Discourse"" is illustrated with 5 plates, two of which are maps","References: ESTC T146975; Arnoud Vrolijk, ""Sale, George (b. in or after 1696, d. 1736),"" in: Oxford Dictionary of National Biography, 2010, available online: http://www.oxforddnb.com/view/article/24529 (accessed 10 June 2011)",,,,,,,,"Burke Library at Union Theological Seminary, Columbia University",http://id.library.columbia.edu/term/4f175cc6-1394-49b9-a411-2fe143265d43,Union Rare OT43 S16 1734,London,,,J. Wilcox,,reformatted digital,The first English translation of the complete Quran from the Arabic text with an English commentary,,No Copyright - United States,http://rightsstatements.org/vocab/NoC-US/1.0/,rightsstatements,1734,1734,TRUE,,,Islam,http://id.worldcat.org/fast/979776,fast,,,,Qur’an,http://id.worldcat.org/fast/1842877,fast,,,,,,,,,,,"Sale, George, 1697?-1736",http://id.loc.gov/authorities/names/n79046118,naf,personal,TRUE,Translator,http://id.loc.gov/vocabulary/relators/trl,marcrelator,,,,,,,,,,,,,,,,,,,,,,,,,,
,http://ldpd.lampdev.columbia.edu/o/Sale_Koran_Commonly_called_the_Alcoran_of_Mohammed.jpg,filename,asset,quran_kam_001,quran_kam_000,Title page,,,,6104,https://exhibitions.cul.columbia.edu/exhibits/show/quran/qurans/printed,,,,,,,,,,,,,,,,,,,,,,,,,,,,,,,Public Access,No Copyright - United States,http://rightsstatements.org/vocab/NoC-US/1.0/,rightsstatements,,,,,,,,,,,,,,,,,,,,,,,,,,,,,,,,,,,,,,,,,,,,,,,,,,,,,,,,,,
,,,item,quran_msp_000,,"Machumetis, Saracenorum principis, eiuśque successorum uitae, doctrina, ac ipse Alcoran",,4561626,Physical Dimensions: 30 x 21.25 x 5.75 cm,,,books,http://vocab.getty.edu/aat/300028051,aat,text,Latin,iso639-2b,http://id.loc.gov/vocabulary/iso639-2/lat,,,,Original Format: book,"In 1543 Oporinus printed the 1st edition of which at least 6 different versions are known (cf. Hartmut Bobzin, ""Zur Anzahl der Drucke von Biblianders Koranausgabe im Jahr 1543,"" Basler Zeitschrift für Geschichte und Altertumskunde 85, 1985, pp. 213-219). In the same year, Oporinus also printed ""De humani corporis fabrica  libri VII"" by Andreas Vesalius","References: VD16 K 2586; Kurt Guggisberg, ""Bibliander, Theodor,"" in: Neue Deutsche Biographie 2, 1955, p. 215, available online: http://www.deutsche-biographie.de/sfz4368.html (accessed 11 June 2011) Theodorus Bibliander, Le Coran à la Renaissance: Plaidoyer pour une traduction, tr. and notes by Henri Lamarque, Toulouse 2007 Charles Burnett, ""Ketton, Robert of (fl. 1141-1157),"" in: Oxford Dictionary of National Biography, 2004, available online: http://www.oxforddnb.com/view/article/24529 (accessed 11 June 2011) Hans Jürgen Rieckenberg, ""Hermann von Kärnten,“ in: Neue Deutsche Biographie 8, 1969, pp. 646-647, available online: http://www.deutsche-biographie.de/sfz30113.html (accessed 11 June 2011)",,,,,,,,"Burke Library at Union Theological Seminary, Columbia University",http://id.library.columbia.edu/term/4f175cc6-1394-49b9-a411-2fe143265d43,Union Rare Folio OT41 P49 1550,Basle,,,"Oporinus, Joannes, 1507-1568",,reformatted digital,"2nd edition of the revised version of the twelfth-century Latin Quran translation, accompanied by Latin translations of Islamic theological literature",,No Copyright - United States,http://rightsstatements.org/vocab/NoC-US/1.0/,rightsstatements,1550,1550,TRUE,,,Islam,http://id.worldcat.org/fast/979776,fast,,,,Qur’an,http://id.worldcat.org/fast/1842877,fast,,,,,,,,,,,"Robert, of Chester, active 1143",http://id.loc.gov/authorities/names/nr89009733,naf,personal,TRUE,Translator,http://id.loc.gov/vocabulary/relators/trl,marcrelator,,,,"Bibliander, Theodorus, approximately 1504-1564",http://id.loc.gov/authorities/names/n91002076,naf,personal,Contributor,http://id.loc.gov/vocabulary/relators/ctb,marcrelator,"Hermann, of Carinthia",http://id.loc.gov/authorities/names/n84050077,naf,personal,Contributor,http://id.loc.gov/vocabulary/relators/ctb,marcrelator,,,,,,,,,
,http://ldpd.lampdev.columbia.edu/o/machumetis_08.jpg,filename,asset,quran_msp_001,quran_msp_000,Page 8,,,,6103,https://exhibitions.cul.columbia.edu/exhibits/show/quran/qurans/printed,,,,,,,,,,,,,,,,,,,,,,,,,,,,,,,Public Access,No Copyright - United States,http://rightsstatements.org/vocab/NoC-US/1.0/,rightsstatements,,,,,,,,,,,,,,,,,,,,,,,,,,,,,,,,,,,,,,,,,,,,,,,,,,,,,,,,,,
,http://ldpd.lampdev.columbia.edu/o/machumetis_09.jpg,filename,asset,quran_msp_002,quran_msp_000,Page 9,,,,6103,https://exhibitions.cul.columbia.edu/exhibits/show/quran/qurans/printed,,,,,,,,,,,,,,,,,,,,,,,,,,,,,,,Public Access,No Copyright - United States,http://rightsstatements.org/vocab/NoC-US/1.0/,rightsstatements,,,,,,,,,,,,,,,,,,,,,,,,,,,,,,,,,,,,,,,,,,,,,,,,,,,,,,,,,,
,,,item,quran_maf_000,,Mahometis Abdallae filii theologia dialogo explicata,,4528938,Physical Dimensions: 20.5 x 15.25 x 1 cm,,,books,http://vocab.getty.edu/aat/300028051,aat,text,Latin,iso639-2b,http://id.loc.gov/vocabulary/iso639-2/lat,,,,Original Format: book,"in 1543 Petreius printed ""De revolutionibus orbium coelestium libri VI"" by Nicolaus Copernicus; For whole item from which this image was taken: no binding.","References: VD16 ZV 10260; Sigmund von Riezler, ""Widmanstetter, Johann Albrecht,"" in: Allgemeine Deutsche Biographie 42, 1897, pp. 357-361, available online: http://www.deutsche-biographie.de/sfz85377.html (accessed 11 June 2011); Charles Burnett, ""Ketton, Robert of (fl. 1141-1157),"" in: Oxford Dictionary of National Biography, 2004, available online: http://www.oxforddnb.com/view/article/24529 (accessed 11 June 2011)",,,Leander van Ess (1772-1847),provenance,,,,"Burke Library at Union Theological Seminary, Columbia University",http://id.library.columbia.edu/term/4f175cc6-1394-49b9-a411-2fe143265d43,Van Ess 1,Nuremberg,,,"Petrejus, Johannes, 1497-1550",,reformatted digital,Summary of the twelfth-century Latin Quran translation,,No Copyright - United States,http://rightsstatements.org/vocab/NoC-US/1.0/,rightsstatements,1543,1543,TRUE,,,Islam,http://id.worldcat.org/fast/979776,fast,,,,Qur’an,http://id.worldcat.org/fast/1842877,fast,,,,,,,,,,,"Widmanstetter, Johann Albrecht, 1506?-1557",http://id.loc.gov/authorities/names/no00008512,naf,personal,TRUE,Editor,http://id.loc.gov/vocabulary/relators/edt,marcrelator,,,,"Hermann, of Carinthia",http://id.loc.gov/authorities/names/n84050077,naf,personal,Translator,http://id.loc.gov/vocabulary/relators/trl,marcrelator,"Robert, of Ketton, fl. 1141-1157",,,personal,Translator,http://id.loc.gov/vocabulary/relators/trl,marcrelator,"Ess, Leander van, 1772-1847",http://id.loc.gov/authorities/names/no92013806,naf,personal,Former owner,http://id.loc.gov/vocabulary/relators/fmo,marcrelator,,
,http://ldpd.lampdev.columbia.edu/o/mahometis_01.jpg,filename,asset,quran_maf_001,quran_maf_000,Page 1,,,,6098,https://exhibitions.cul.columbia.edu/exhibits/show/quran/qurans/printed,,,,,,,,,,,,,,,,,,,,,,,,,,,,,,,Public Access,No Copyright - United States,http://rightsstatements.org/vocab/NoC-US/1.0/,rightsstatements,,,,,,,,,,,,,,,,,,,,,,,,,,,,,,,,,,,,,,,,,,,,,,,,,,,,,,,,,,
,http://ldpd.lampdev.columbia.edu/o/mahometis_02.jpg,filename,asset,quran_maf_002,quran_maf_000,Page 2,,,,6098,https://exhibitions.cul.columbia.edu/exhibits/show/quran/qurans/printed,,,,,,,,,,,,,,,,,,,,,,,,,,,,,,,Public Access,No Copyright - United States,http://rightsstatements.org/vocab/NoC-US/1.0/,rightsstatements,,,,,,,,,,,,,,,,,,,,,,,,,,,,,,,,,,,,,,,,,,,,,,,,,,,,,,,,,,
,,,item,quran_neb_000,,Nestorian bishop,,,Physical Dimensions: 21 x 33 cm,,,Paintings,http://id.loc.gov/vocabulary/graphicMaterials/tgm007393,gmgpc,still image,,,,,,,Original Format: gouache sent as a letter,uncatalogued as of June 2011,,,,Inquiring Society at Union Theological Seminary,provenance,opaque colors and ink on paper,,,"Burke Library at Union Theological Seminary, Columbia University",http://id.library.columbia.edu/term/4f175cc6-1394-49b9-a411-2fe143265d43,,Urūmīyah (Iran),,,,,reformatted digital,"Part of a letter sent to the Inquiring Society at Union Theological Seminary, New York City, from Justin Perkins",,No Copyright - United States,http://rightsstatements.org/vocab/NoC-US/1.0/,rightsstatements,1839,1839,TRUE,,,Church of the East members,http://id.worldcat.org/fast/1761956,fast,Bishops,http://id.worldcat.org/fast/833378,fast,,,,,,,,Urūmīyah (Iran),http://id.loc.gov/authorities/names/n91047104,naf,Azerbaijan,http://id.loc.gov/authorities/names/n92000010,naf,"Perkins, Justin, 1805-1869",http://id.loc.gov/authorities/names/n91126835,naf,personal,TRUE,Illustrator,http://id.loc.gov/vocabulary/relators/ill,marcrelator,Correspondent,http://id.loc.gov/vocabulary/relators/crp,marcrelator,"Union Theological Seminary (New York, N.Y.). Society of Inquiry",http://id.loc.gov/authorities/names/no2014158055,naf,corporate,Addressee,http://id.loc.gov/vocabulary/relators/rcp,marcrelator,,,,,,,,,,,,,,,,
,UTS_004.jpg,filename,asset,quran_neb_001,quran_neb_000,Nestorian bishop,,,,6113,https://exhibitions.cul.columbia.edu/exhibits/show/quran/perkins/people,,,,,,,,,,,,,,,,,,,,,,,,,,,,,,,Public Access,No Copyright - United States,http://rightsstatements.org/vocab/NoC-US/1.0/,rightsstatements,,,,,,,,,,,,,,,,,,,,,,,,,,,,,,,,,,,,,,,,,,,,,,,,,,,,,,,,,,
,,,item,quran_ngc_000,,Nestorian girl carrying water,,,Physical Dimensions: 21 x 31 cm,,,Paintings,http://id.loc.gov/vocabulary/graphicMaterials/tgm007393,gmgpc,still image,,,,,,,Original Format: gouache sent as a letter,uncatalogued as of June 2011,,,,Inquiring Society at Union Theological Seminary,provenance,opaque colors and ink on paper,,,"Burke Library at Union Theological Seminary, Columbia University",http://id.library.columbia.edu/term/4f175cc6-1394-49b9-a411-2fe143265d43,,Urūmīyah (Iran),,,,,reformatted digital,"Part of a letter sent to the Inquiring Society at Union Theological Seminary, New York City, from Justin Perkins",,No Copyright - United States,http://rightsstatements.org/vocab/NoC-US/1.0/,rightsstatements,1839,1839,TRUE,,,Church of the East members,http://id.worldcat.org/fast/1761956,fast,,,,,,,,,,,Urūmīyah (Iran),http://id.loc.gov/authorities/names/n91047104,naf,Azerbaijan,http://id.loc.gov/authorities/names/n92000010,naf,"Perkins, Justin, 1805-1869",http://id.loc.gov/authorities/names/n91126835,naf,personal,TRUE,Illustrator,http://id.loc.gov/vocabulary/relators/ill,marcrelator,Correspondent,http://id.loc.gov/vocabulary/relators/crp,marcrelator,"Union Theological Seminary (New York, N.Y.). Society of Inquiry",http://id.loc.gov/authorities/names/no2014158055,naf,corporate,Addressee,http://id.loc.gov/vocabulary/relators/rcp,marcrelator,,,,,,,,,,,,,,,,
,UTS_012.jpg,filename,asset,quran_ngc_001,quran_ngc_000,Nestorian girl carrying water,,,,6125,https://exhibitions.cul.columbia.edu/exhibits/show/quran/perkins/people,,,,,,,,,,,,,,,,,,,,,,,,,,,,,,,Public Access,No Copyright - United States,http://rightsstatements.org/vocab/NoC-US/1.0/,rightsstatements,,,,,,,,,,,,,,,,,,,,,,,,,,,,,,,,,,,,,,,,,,,,,,,,,,,,,,,,,,
,,,item,quran_ngp_000,,Nestorian girl with a profusion of ornaments,,,Physical Dimensions: 21 x 29 cm,,,Paintings,http://id.loc.gov/vocabulary/graphicMaterials/tgm007393,gmgpc,still image,,,,,,,Original Format: gouache sent as a letter,uncatalogued as of June 2011,,,,Inquiring Society at Union Theological Seminary,provenance,opaque colors and ink on paper,,,"Burke Library at Union Theological Seminary, Columbia University",http://id.library.columbia.edu/term/4f175cc6-1394-49b9-a411-2fe143265d43,,Urūmīyah (Iran),,,,,reformatted digital,"Part of a letter sent to the Inquiring Society at Union Theological Seminary, New York City, from Justin Perkins",,No Copyright - United States,http://rightsstatements.org/vocab/NoC-US/1.0/,rightsstatements,1839,1839,TRUE,,,Church of the East members,http://id.worldcat.org/fast/1761956,fast,,,,,,,,,,,Urūmīyah (Iran),http://id.loc.gov/authorities/names/n91047104,naf,Azerbaijan,http://id.loc.gov/authorities/names/n92000010,naf,"Perkins, Justin, 1805-1869",http://id.loc.gov/authorities/names/n91126835,naf,personal,TRUE,Illustrator,http://id.loc.gov/vocabulary/relators/ill,marcrelator,Correspondent,http://id.loc.gov/vocabulary/relators/crp,marcrelator,"Union Theological Seminary (New York, N.Y.). Society of Inquiry",http://id.loc.gov/authorities/names/no2014158055,naf,corporate,Addressee,http://id.loc.gov/vocabulary/relators/rcp,marcrelator,,,,,,,,,,,,,,,,
,UTS_002.jpg,filename,asset,quran_ngp_001,quran_ngp_000,Nestorian girl with a profusion of ornaments,,,,6118,https://exhibitions.cul.columbia.edu/exhibits/show/quran/perkins/people,,,,,,,,,,,,,,,,,,,,,,,,,,,,,,,Public Access,No Copyright - United States,http://rightsstatements.org/vocab/NoC-US/1.0/,rightsstatements,,,,,,,,,,,,,,,,,,,,,,,,,,,,,,,,,,,,,,,,,,,,,,,,,,,,,,,,,,
,,,item,quran_nmh_000,,Nestorian mother and her little girl,,,Physical Dimensions: 21 x 28 cm,,,Paintings,http://id.loc.gov/vocabulary/graphicMaterials/tgm007393,gmgpc,still image,,,,,,,Original Format: gouache sent as a letter,uncatalogued as of June 2011,,,,Inquiring Society at Union Theological Seminary,provenance,opaque colors and ink on paper,,,"Burke Library at Union Theological Seminary, Columbia University",http://id.library.columbia.edu/term/4f175cc6-1394-49b9-a411-2fe143265d43,,Urūmīyah (Iran),,,,,reformatted digital,"Part of a letter sent to the Inquiring Society at Union Theological Seminary, New York City, from Justin Perkins",,No Copyright - United States,http://rightsstatements.org/vocab/NoC-US/1.0/,rightsstatements,1839,1839,TRUE,,,Church of the East members,http://id.worldcat.org/fast/1761956,fast,,,,,,,,,,,Urūmīyah (Iran),http://id.loc.gov/authorities/names/n91047104,naf,Azerbaijan,http://id.loc.gov/authorities/names/n92000010,naf,"Perkins, Justin, 1805-1869",http://id.loc.gov/authorities/names/n91126835,naf,personal,TRUE,Illustrator,http://id.loc.gov/vocabulary/relators/ill,marcrelator,Correspondent,http://id.loc.gov/vocabulary/relators/crp,marcrelator,"Union Theological Seminary (New York, N.Y.). Society of Inquiry",http://id.loc.gov/authorities/names/no2014158055,naf,corporate,Addressee,http://id.loc.gov/vocabulary/relators/rcp,marcrelator,,,,,,,,,,,,,,,,
,UTS_010.jpg,filename,asset,quran_nmh_001,quran_nmh_000,Nestorian mother and her little girl,,,,6123,https://exhibitions.cul.columbia.edu/exhibits/show/quran/perkins/people,,,,,,,,,,,,,,,,,,,,,,,,,,,,,,,Public Access,No Copyright - United States,http://rightsstatements.org/vocab/NoC-US/1.0/,rightsstatements,,,,,,,,,,,,,,,,,,,,,,,,,,,,,,,,,,,,,,,,,,,,,,,,,,,,,,,,,,
,,,item,quran_noo_000,,Nestorian of Oroomiah,,,Physical Dimensions: 21 x 34 cm,,,Paintings,http://id.loc.gov/vocabulary/graphicMaterials/tgm007393,gmgpc,still image,,,,,,,Original Format: gouache sent as a letter,uncatalogued as of June 2011,,,,Inquiring Society at Union Theological Seminary,provenance,opaque colors and ink on paper,,,"Burke Library at Union Theological Seminary, Columbia University",http://id.library.columbia.edu/term/4f175cc6-1394-49b9-a411-2fe143265d43,,Urūmīyah (Iran),,,,,reformatted digital,"Part of a letter sent to the Inquiring Society at Union Theological Seminary, New York City, from Justin Perkins",,No Copyright - United States,http://rightsstatements.org/vocab/NoC-US/1.0/,rightsstatements,1839,1839,TRUE,,,Church of the East members,http://id.worldcat.org/fast/1761956,fast,,,,,,,,,,,Urūmīyah (Iran),http://id.loc.gov/authorities/names/n91047104,naf,Azerbaijan,http://id.loc.gov/authorities/names/n92000010,naf,"Perkins, Justin, 1805-1869",http://id.loc.gov/authorities/names/n91126835,naf,personal,TRUE,Illustrator,http://id.loc.gov/vocabulary/relators/ill,marcrelator,Correspondent,http://id.loc.gov/vocabulary/relators/crp,marcrelator,"Union Theological Seminary (New York, N.Y.). Society of Inquiry",http://id.loc.gov/authorities/names/no2014158055,naf,corporate,Addressee,http://id.loc.gov/vocabulary/relators/rcp,marcrelator,,,,,,,,,,,,,,,,
,UTS_005.jpg,filename,asset,quran_noo_001,quran_noo_000,Nestorian of Oroomiah,,,,6114,https://exhibitions.cul.columbia.edu/exhibits/show/quran/perkins/people,,,,,,,,,,,,,,,,,,,,,,,,,,,,,,,Public Access,No Copyright - United States,http://rightsstatements.org/vocab/NoC-US/1.0/,rightsstatements,,,,,,,,,,,,,,,,,,,,,,,,,,,,,,,,,,,,,,,,,,,,,,,,,,,,,,,,,,
,,,item,quran_nom_000,,Nestorian of the mountains,,,Physical Dimensions: 21 x 33 cm,,,Paintings,http://id.loc.gov/vocabulary/graphicMaterials/tgm007393,gmgpc,still image,,,,,,,Original Format: gouache sent as a letter,uncatalogued as of June 2011,,,,Inquiring Society at Union Theological Seminary,provenance,opaque colors and ink on paper,,,"Burke Library at Union Theological Seminary, Columbia University",http://id.library.columbia.edu/term/4f175cc6-1394-49b9-a411-2fe143265d43,,Urūmīyah (Iran),,,,,reformatted digital,"Part of a letter sent to the Inquiring Society at Union Theological Seminary, New York City, from Justin Perkins",,No Copyright - United States,http://rightsstatements.org/vocab/NoC-US/1.0/,rightsstatements,1839,1839,TRUE,,,Church of the East members,http://id.worldcat.org/fast/1761956,fast,,,,,,,,,,,Urūmīyah (Iran),http://id.loc.gov/authorities/names/n91047104,naf,Azerbaijan,http://id.loc.gov/authorities/names/n92000010,naf,"Perkins, Justin, 1805-1869",http://id.loc.gov/authorities/names/n91126835,naf,personal,TRUE,Illustrator,http://id.loc.gov/vocabulary/relators/ill,marcrelator,Correspondent,http://id.loc.gov/vocabulary/relators/crp,marcrelator,"Union Theological Seminary (New York, N.Y.). Society of Inquiry",http://id.loc.gov/authorities/names/no2014158055,naf,corporate,Addressee,http://id.loc.gov/vocabulary/relators/rcp,marcrelator,,,,,,,,,,,,,,,,
,UTS_007.jpg,filename,asset,quran_nom_001,quran_nom_000,Nestorian of the mountains,,,,6120,https://exhibitions.cul.columbia.edu/exhibits/show/quran/perkins/people,,,,,,,,,,,,,,,,,,,,,,,,,,,,,,,Public Access,No Copyright - United States,http://rightsstatements.org/vocab/NoC-US/1.0/,rightsstatements,,,,,,,,,,,,,,,,,,,,,,,,,,,,,,,,,,,,,,,,,,,,,,,,,,,,,,,,,,
,,,item,quran_pde_000,,Persian dervish,,,Physical Dimensions: 21 x 31 cm,,,Paintings,http://id.loc.gov/vocabulary/graphicMaterials/tgm007393,gmgpc,still image,,,,,,,Original Format: gouache sent as a letter,uncatalogued as of June 2011,,,,Inquiring Society at Union Theological Seminary,provenance,opaque colors and ink on paper,,,"Burke Library at Union Theological Seminary, Columbia University",http://id.library.columbia.edu/term/4f175cc6-1394-49b9-a411-2fe143265d43,,Urūmīyah (Iran),,,,,reformatted digital,"Part of a letter sent to the Inquiring Society at Union Theological Seminary, New York City, from Justin Perkins",,No Copyright - United States,http://rightsstatements.org/vocab/NoC-US/1.0/,rightsstatements,1839,1839,TRUE,,,Dervishes,http://id.worldcat.org/fast/891104,fast,,,,,,,,,,,Urūmīyah (Iran),http://id.loc.gov/authorities/names/n91047104,naf,Azerbaijan,http://id.loc.gov/authorities/names/n92000010,naf,"Perkins, Justin, 1805-1869",http://id.loc.gov/authorities/names/n91126835,naf,personal,TRUE,Illustrator,http://id.loc.gov/vocabulary/relators/ill,marcrelator,Correspondent,http://id.loc.gov/vocabulary/relators/crp,marcrelator,"Union Theological Seminary (New York, N.Y.). Society of Inquiry",http://id.loc.gov/authorities/names/no2014158055,naf,corporate,Addressee,http://id.loc.gov/vocabulary/relators/rcp,marcrelator,,,,,,,,,,,,,,,,
,UTS_008.jpg,filename,asset,quran_pde_001,quran_pde_000,Persian dervish,,,,6121,https://exhibitions.cul.columbia.edu/exhibits/show/quran/perkins/people,,,,,,,,,,,,,,,,,,,,,,,,,,,,,,,Public Access,No Copyright - United States,http://rightsstatements.org/vocab/NoC-US/1.0/,rightsstatements,,,,,,,,,,,,,,,,,,,,,,,,,,,,,,,,,,,,,,,,,,,,,,,,,,,,,,,,,,
,,,item,quran_pla_000,,Persian lady,,,Physical Dimensions: 21 x 34 cm,,,Paintings,http://id.loc.gov/vocabulary/graphicMaterials/tgm007393,gmgpc,still image,,,,,,,Original Format: gouache sent as a letter,uncatalogued as of June 2011,,,,Inquiring Society at Union Theological Seminary,provenance,opaque colors and ink on paper,,,"Burke Library at Union Theological Seminary, Columbia University",http://id.library.columbia.edu/term/4f175cc6-1394-49b9-a411-2fe143265d43,,Urūmīyah (Iran),,,,,reformatted digital,"Part of a letter sent to the Inquiring Society at Union Theological Seminary, New York City, from Justin Perkins",,No Copyright - United States,http://rightsstatements.org/vocab/NoC-US/1.0/,rightsstatements,1839,1839,TRUE,,,,,,,,,,,,,,,,Urūmīyah (Iran),http://id.loc.gov/authorities/names/n91047104,naf,Azerbaijan,http://id.loc.gov/authorities/names/n92000010,naf,"Perkins, Justin, 1805-1869",http://id.loc.gov/authorities/names/n91126835,naf,personal,TRUE,Illustrator,http://id.loc.gov/vocabulary/relators/ill,marcrelator,Correspondent,http://id.loc.gov/vocabulary/relators/crp,marcrelator,"Union Theological Seminary (New York, N.Y.). Society of Inquiry",http://id.loc.gov/authorities/names/no2014158055,naf,corporate,Addressee,http://id.loc.gov/vocabulary/relators/rcp,marcrelator,,,,,,,,,,,,,,,,
,UTS_003.jpg,filename,asset,quran_pla_001,quran_pla_000,Persian lady,,,,6119,https://exhibitions.cul.columbia.edu/exhibits/show/quran/perkins/people,,,,,,,,,,,,,,,,,,,,,,,,,,,,,,,Public Access,No Copyright - United States,http://rightsstatements.org/vocab/NoC-US/1.0/,rightsstatements,,,,,,,,,,,,,,,,,,,,,,,,,,,,,,,,,,,,,,,,,,,,,,,,,,,,,,,,,,
,,,item,quran_plv_000,,Persian lady veiled to go abroad,,,Physical Dimensions: 21 x 30 cm,,,Paintings,http://id.loc.gov/vocabulary/graphicMaterials/tgm007393,gmgpc,still image,,,,,,,Original Format: gouache sent as a letter,uncatalogued as of June 2011,,,,Inquiring Society at Union Theological Seminary,provenance,opaque colors and ink on paper,,,"Burke Library at Union Theological Seminary, Columbia University",http://id.library.columbia.edu/term/4f175cc6-1394-49b9-a411-2fe143265d43,,Urūmīyah (Iran),,,,,reformatted digital,"Part of a letter sent to the Inquiring Society at Union Theological Seminary, New York City, from Justin Perkins",,No Copyright - United States,http://rightsstatements.org/vocab/NoC-US/1.0/,rightsstatements,1839,1839,TRUE,,,,,,,,,,,,,,,,Urūmīyah (Iran),http://id.loc.gov/authorities/names/n91047104,naf,Azerbaijan,http://id.loc.gov/authorities/names/n92000010,naf,"Perkins, Justin, 1805-1869",http://id.loc.gov/authorities/names/n91126835,naf,personal,TRUE,Illustrator,http://id.loc.gov/vocabulary/relators/ill,marcrelator,Correspondent,http://id.loc.gov/vocabulary/relators/crp,marcrelator,"Union Theological Seminary (New York, N.Y.). Society of Inquiry",http://id.loc.gov/authorities/names/no2014158055,naf,corporate,Addressee,http://id.loc.gov/vocabulary/relators/rcp,marcrelator,,,,,,,,,,,,,,,,
,UTS_011.jpg,filename,asset,quran_plv_001,quran_plv_000,Persian lady veiled to go abroad,,,,6124,https://exhibitions.cul.columbia.edu/exhibits/show/quran/perkins/people,,,,,,,,,,,,,,,,,,,,,,,,,,,,,,,Public Access,No Copyright - United States,http://rightsstatements.org/vocab/NoC-US/1.0/,rightsstatements,,,,,,,,,,,,,,,,,,,,,,,,,,,,,,,,,,,,,,,,,,,,,,,,,,,,,,,,,,
,,,item,quran_pmo_000,,Persian magistrate in his official attitude,,,Physical Dimensions: 21 x 31 cm,,,Paintings,http://id.loc.gov/vocabulary/graphicMaterials/tgm007393,gmgpc,still image,,,,,,,Original Format: gouache sent as a letter,uncatalogued as of June 2011,,,,Inquiring Society at Union Theological Seminary,provenance,opaque colors and ink on paper,,,"Burke Library at Union Theological Seminary, Columbia University",http://id.library.columbia.edu/term/4f175cc6-1394-49b9-a411-2fe143265d43,,Urūmīyah (Iran),,,,,reformatted digital,"Part of a letter sent to the Inquiring Society at Union Theological Seminary, New York City, from Justin Perkins",,No Copyright - United States,http://rightsstatements.org/vocab/NoC-US/1.0/,rightsstatements,1839,1839,TRUE,,,,,,,,,,,,,,,,Urūmīyah (Iran),http://id.loc.gov/authorities/names/n91047104,naf,Azerbaijan,http://id.loc.gov/authorities/names/n92000010,naf,"Perkins, Justin, 1805-1869",http://id.loc.gov/authorities/names/n91126835,naf,personal,TRUE,Illustrator,http://id.loc.gov/vocabulary/relators/ill,marcrelator,Correspondent,http://id.loc.gov/vocabulary/relators/crp,marcrelator,"Union Theological Seminary (New York, N.Y.). Society of Inquiry",http://id.loc.gov/authorities/names/no2014158055,naf,corporate,Addressee,http://id.loc.gov/vocabulary/relators/rcp,marcrelator,,,,,,,,,,,,,,,,
,UTS_009.jpg,filename,asset,quran_pmo_001,quran_pmo_000,Persian magistrate in his official attitude,,,,6122,https://exhibitions.cul.columbia.edu/exhibits/show/quran/perkins/people,,,,,,,,,,,,,,,,,,,,,,,,,,,,,,,Public Access,No Copyright - United States,http://rightsstatements.org/vocab/NoC-US/1.0/,rightsstatements,,,,,,,,,,,,,,,,,,,,,,,,,,,,,,,,,,,,,,,,,,,,,,,,,,,,,,,,,,
,,,item,quran_pme_000,,Persian merchant,,,Physical Dimensions: 21 x 34 cm,,,Paintings,http://id.loc.gov/vocabulary/graphicMaterials/tgm007393,gmgpc,still image,,,,,,,Original Format: gouache sent as a letter,uncatalogued as of June 2011,,,,Inquiring Society at Union Theological Seminary,provenance,opaque colors and ink on paper,,,"Burke Library at Union Theological Seminary, Columbia University",http://id.library.columbia.edu/term/4f175cc6-1394-49b9-a411-2fe143265d43,,Urūmīyah (Iran),,,,,reformatted digital,"Part of a letter sent to the Inquiring Society at Union Theological Seminary, New York City, from Justin Perkins",,No Copyright - United States,http://rightsstatements.org/vocab/NoC-US/1.0/,rightsstatements,1839,1839,TRUE,,,,,,,,,,,,,,,,Urūmīyah (Iran),http://id.loc.gov/authorities/names/n91047104,naf,Azerbaijan,http://id.loc.gov/authorities/names/n92000010,naf,"Perkins, Justin, 1805-1869",http://id.loc.gov/authorities/names/n91126835,naf,personal,TRUE,Illustrator,http://id.loc.gov/vocabulary/relators/ill,marcrelator,Correspondent,http://id.loc.gov/vocabulary/relators/crp,marcrelator,"Union Theological Seminary (New York, N.Y.). Society of Inquiry",http://id.loc.gov/authorities/names/no2014158055,naf,corporate,Addressee,http://id.loc.gov/vocabulary/relators/rcp,marcrelator,,,,,,,,,,,,,,,,
,UTS_001.jpg,filename,asset,quran_pme_001,quran_pme_000,Persian merchant,,,,6112,https://exhibitions.cul.columbia.edu/exhibits/show/quran/perkins/people,,,,,,,,,,,,,,,,,,,,,,,,,,,,,,,Public Access,No Copyright - United States,http://rightsstatements.org/vocab/NoC-US/1.0/,rightsstatements,,,,,,,,,,,,,,,,,,,,,,,,,,,,,,,,,,,,,,,,,,,,,,,,,,,,,,,,,,
,,,item,quran_pma_000,,Persian moolah in the attitude of teaching,,,Physical Dimensions: 21 x 34 cm,,,Paintings,http://id.loc.gov/vocabulary/graphicMaterials/tgm007393,gmgpc,still image,,,,,,,Original Format: gouache sent as a letter,uncatalogued as of June 2011,,,,Inquiring Society at Union Theological Seminary,provenance,opaque colors and ink on paper,,,"Burke Library at Union Theological Seminary, Columbia University",http://id.library.columbia.edu/term/4f175cc6-1394-49b9-a411-2fe143265d43,,Urūmīyah (Iran),,,,,reformatted digital,Part of a letter sent to New York City,,No Copyright - United States,http://rightsstatements.org/vocab/NoC-US/1.0/,rightsstatements,1839,1839,TRUE,,,,,,,,,,,,,,,,Urūmīyah (Iran),http://id.loc.gov/authorities/names/n91047104,naf,Azerbaijan,http://id.loc.gov/authorities/names/n92000010,naf,"Perkins, Justin, 1805-1869",http://id.loc.gov/authorities/names/n91126835,naf,personal,TRUE,Illustrator,http://id.loc.gov/vocabulary/relators/ill,marcrelator,Correspondent,http://id.loc.gov/vocabulary/relators/crp,marcrelator,"Union Theological Seminary (New York, N.Y.). Society of Inquiry",http://id.loc.gov/authorities/names/no2014158055,naf,corporate,Addressee,http://id.loc.gov/vocabulary/relators/rcp,marcrelator,,,,,,,,,,,,,,,,
,UTS_006.jpg,filename,asset,quran_pma_001,quran_pma_000,Persian moolah in the attitude of teaching,,,,6115,https://exhibitions.cul.columbia.edu/exhibits/show/quran/bibliography/bib,,,,,,,,,,,,,,,,,,,,,,,,,,,,,,,Public Access,No Copyright - United States,http://rightsstatements.org/vocab/NoC-US/1.0/,rightsstatements,,,,,,,,,,,,,,,,,,,,,,,,,,,,,,,,,,,,,,,,,,,,,,,,,,,,,,,,,,
,,,item,quran_qur_000,,Handwritten note in Qur'an,,,Physical Dimensions: 27 x 18 cm (board),,,Manuscripts,http://id.loc.gov/vocabulary/graphicMaterials/tgm012286,gmgpc,text,English,iso639-2b,http://id.loc.gov/vocabulary/iso639-2/eng,,,,Original Format: book with envelope binding,"The note is dated 9 June 1868, and was written by Tillman C. Howbridge, an American missionary, in Istanbul. Howbridge recorded that he had received this Quran manuscript from his Turkish teacher Arif Bey, when he was living in Erzurum, in eastern Anatolia while Howbridge's Turkish teacher could not give him an approximate date for the manuscript, a Turkish acquaintance told him in Istanbul that the manuscript was about 300 years old. Unpublished.","Manuscript is from between 1600 and 1800. Handwritten note is from June 9, 1868.",date,,"In the bottom right corner, there is a second note, dated 20 May 1883 and stating that Howbridge's nephew - his name is illegible - sold the Quran manuscript to the library of Union Theological Seminary",provenance,piece of paper pasted into the cover of Burke Arabic MS 3,Arabic manuscripts collection,http://id.library.columbia.edu/term/9190d10f-fcfc-4fba-9032-1c2a391fcdc5,"Burke Library at Union Theological Seminary, Columbia University",http://id.library.columbia.edu/term/4f175cc6-1394-49b9-a411-2fe143265d43,Burke Arabic MS 3,Constantinople,,,,,reformatted digital,Contains information on Qur'an circulation: Information about the previous owner and the approximate age of Qur'an manuscript.,,No Copyright - United States,http://rightsstatements.org/vocab/NoC-US/1.0/,rightsstatements,"June 9, 1868",1868-06-09,TRUE,,,Religious literature--Publishing,http://id.worldcat.org/fast/1094151,fast,Religious literature--Distribution,http://id.worldcat.org/fast/1094144,fast,Qur’an,http://id.worldcat.org/fast/1842877,fast,,,,,Turkey,http://id.loc.gov/authorities/names/n80070818,naf,,,,"Howbridge, Tillman C.",,,personal,TRUE,Author,http://id.loc.gov/vocabulary/relators/aut,marcrelator,,,,,,,,,,,,,,,,,,,,,,,,,,
,6f0e316f57c9ebacb62860fe8322135f.jpg,filename,asset,quran_qur_001,quran_qur_000,"Cover, inside front cover note",,,,6169,https://exhibitions.cul.columbia.edu/exhibits/show/quran/circulation/gift,,,,,,,,,,,,,,,,,,,,,,,,,,,,,,,Public Access,No Copyright - United States,http://rightsstatements.org/vocab/NoC-US/1.0/,rightsstatements,,,,,,,,,,,,,,,,,,,,,,,,,,,,,,,,,,,,,,,,,,,,,,,,,,,,,,,,,,
,,,item,quran_quz_000,,Qur’an,Quran,,Physical Dimensions: 27 x 18 cm (board),,,Manuscripts,http://id.loc.gov/vocabulary/graphicMaterials/tgm012286,gmgpc,text,Arabic,iso639-2b,http://id.loc.gov/vocabulary/iso639-2/ara,,,,Original Format: book with envelope binding,The label on the fore-edge section of the flap bears the rhyming title: “kalām Allāh al-qadīm wa’l-kitāb al-ʿaẓīm” (lit. an old copy of the word of God and the glorious book) its position reflects that in the Islamic lands books were shelved lying flat with their fore edge outward for preservation reasons it was impossible to photograph the complete binding.,"M. Krek, ""Islamic Manuscripts in North American Libraries: Part 5 - Union Theological Seminary Library,"" MELA Notes, no. 36 (Fall 1985), p. 5 s.v. 4",,,Purchased in May 1883 from the nephew of the American missionary Tillman C. Howbridge for the library of Union Theological Seminary,provenance,,Arabic manuscripts collection,http://id.library.columbia.edu/term/9190d10f-fcfc-4fba-9032-1c2a391fcdc5,"Burke Library at Union Theological Seminary, Columbia University",http://id.library.columbia.edu/term/4f175cc6-1394-49b9-a411-2fe143265d43,Burke Arabic MS 3,Anatolia or Syria,,,,,reformatted digital,Blind-tooled leather binding with flap,,No Copyright - United States,http://rightsstatements.org/vocab/NoC-US/1.0/,rightsstatements,between 1600 and 1800,1600,TRUE,1800,inferred,Islam,http://id.worldcat.org/fast/979776,fast,Sacred books,http://id.worldcat.org/fast/1103109,fast,,,,,,,,Turkey,http://id.loc.gov/authorities/names/n80070818,naf,,,,,,,,,,,,,,,,,,,,,,,,,,,,,,,,,,,,,
,bfbc5c5a2b67eaa6d824ce48e4b5da50.jpg,filename,asset,quran_quz_001,quran_quz_000,Front cover,,,,6164,https://exhibitions.cul.columbia.edu/exhibits/show/quran/qurans/bindings,,,,,,,,,,,,,,,,,,,,,,,,,,,,,,,Public Access,No Copyright - United States,http://rightsstatements.org/vocab/NoC-US/1.0/,rightsstatements,,,,,,,,,,,,,,,,,,,,,,,,,,,,,,,,,,,,,,,,,,,,,,,,,,,,,,,,,,
,473000a8947f5556618445ae399fad4c.jpg,filename,asset,quran_quz_002,quran_quz_000,Back cover and flap,,,,6163,https://exhibitions.cul.columbia.edu/exhibits/show/quran/qurans/bindings,,,,,,,,,,,,,,,,,,,,,,,,,,,,,,,Public Access,No Copyright - United States,http://rightsstatements.org/vocab/NoC-US/1.0/,rightsstatements,,,,,,,,,,,,,,,,,,,,,,,,,,,,,,,,,,,,,,,,,,,,,,,,,,,,,,,,,,
,,,item,quran_qux_000,,Qur'an,Quran,4584023,"Physical Dimensions: 19 x 12 cm (board), 19 x 35 cm (complete binding)",,,books,http://vocab.getty.edu/aat/300028051,aat,text,Arabic,iso639-2b,http://id.loc.gov/vocabulary/iso639-2/ara,,,,Original Format: printed book with envelope binding,Neither seal impressions nor ownership notes the crowns in the Occidentalist design of the binding seem to reflect the Qajar interest in the regal symbols of the mythical Kayanid dynasty.,"Reference: Stephen Vernoit, Occidentalism: Islamic Art in the 19th Century, London 1997",,unpublished,"Presented to the library of Union Theological Seminary by the children of Henry Preserved Smith (1847-1927). The UTS library stamp is dated 20 February 1935. Smith was a clergyman and influential biblical scholar who from 1913 until 1925 served as the Librarian of Union Theological Seminary; cf. John L. Farthing, ""Smith, Henry Preserved,"" in: American National Biography Online, Feb. 2000.",provenance,"lithograph, brittle machine-made wove paper",,,"Burke Library at Union Theological Seminary, Columbia University",http://id.library.columbia.edu/term/4f175cc6-1394-49b9-a411-2fe143265d43,OT40 1800+,Iran,,,,,reformatted digital,Blind-tooled leather binding with flap; Images from complete copy of the Quran,,No Copyright - United States,http://rightsstatements.org/vocab/NoC-US/1.0/,rightsstatements,between 1850 and 1899,1850,TRUE,1899,inferred,Islam,http://id.worldcat.org/fast/979776,fast,Sacred books,http://id.worldcat.org/fast/1103109,fast,,,,,,,,,,,,,,,,,,,,,,,,,,,,,,,,,,,,,,,,,,,,,,,
,bdce187eff9ced097aae381857e088fa.jpg,filename,asset,quran_qux_001,quran_qux_000,Cover,,,,6168,https://exhibitions.cul.columbia.edu/exhibits/show/quran/qurans/bindings,,,,,,,,,,,,,,,,,,,,,,,,,,,,,,,Public Access,No Copyright - United States,http://rightsstatements.org/vocab/NoC-US/1.0/,rightsstatements,,,,,,,,,,,,,,,,,,,,,,,,,,,,,,,,,,,,,,,,,,,,,,,,,,,,,,,,,,
,4503df0909828b99c232765cf55ccbda.jpg,filename,asset,quran_qux_002,quran_qux_000,Cover and flap,,,,6167,https://exhibitions.cul.columbia.edu/exhibits/show/quran/qurans/bindings,,,,,,,,,,,,,,,,,,,,,,,,,,,,,,,Public Access,No Copyright - United States,http://rightsstatements.org/vocab/NoC-US/1.0/,rightsstatements,,,,,,,,,,,,,,,,,,,,,,,,,,,,,,,,,,,,,,,,,,,,,,,,,,,,,,,,,,
,4a69a144f525d6bc8163f8533002714a.jpg,filename,asset,quran_qux_003,quran_qux_000,Two pages,,,,6162,https://exhibitions.cul.columbia.edu/exhibits/show/quran/qurans/printed,,,,,,,,,,,,,,,,,,,,,,,,,,,,,,,Public Access,No Copyright - United States,http://rightsstatements.org/vocab/NoC-US/1.0/,rightsstatements,,,,,,,,,,,,,,,,,,,,,,,,,,,,,,,,,,,,,,,,,,,,,,,,,,,,,,,,,,
,Burke lithographed Quran binding.jpg,filename,asset,quran_qux_004,quran_qux_000,Lithographed binding,,,,6162,https://exhibitions.cul.columbia.edu/exhibits/show/quran/qurans/printed,,,,,,,,,,,,,,,,,,,,,,,,,,,,,,,Public Access,No Copyright - United States,http://rightsstatements.org/vocab/NoC-US/1.0/,rightsstatements,,,,,,,,,,,,,,,,,,,,,,,,,,,,,,,,,,,,,,,,,,,,,,,,,,,,,,,,,,
,Burke lithographed Quran board.jpg,filename,asset,quran_qux_005,quran_qux_000,Lithographed board,,,,6162,https://exhibitions.cul.columbia.edu/exhibits/show/quran/qurans/printed,,,,,,,,,,,,,,,,,,,,,,,,,,,,,,,Public Access,No Copyright - United States,http://rightsstatements.org/vocab/NoC-US/1.0/,rightsstatements,,,,,,,,,,,,,,,,,,,,,,,,,,,,,,,,,,,,,,,,,,,,,,,,,,,,,,,,,,
,,,item,quran_qua_000,,Qur’an,Quran,,Physical Dimensions: 18 x 12 cm (board),,,Manuscripts,http://id.loc.gov/vocabulary/graphicMaterials/tgm012286,gmgpc,text,Arabic,iso639-2b,http://id.loc.gov/vocabulary/iso639-2/ara,,,,Original Format: book with envelope binding,"M. Krek, ""Islamic Manuscripts in North American Libraries: Part 5 - Union Theological Seminary Library,"" MELA Notes, no. 36 (Fall 1985), p. 4 s.v. 2",,,,,,,Arabic manuscripts collection,http://id.library.columbia.edu/term/9190d10f-fcfc-4fba-9032-1c2a391fcdc5,"Burke Library at Union Theological Seminary, Columbia University",http://id.library.columbia.edu/term/4f175cc6-1394-49b9-a411-2fe143265d43,Burke Arabic MS 5,Ottoman Empire,,,,,reformatted digital,Blind-tooled and gilt-painted leather binding with flap,,No Copyright - United States,http://rightsstatements.org/vocab/NoC-US/1.0/,rightsstatements,1849 to 1850 (1266 HIJRA),1849,TRUE,1850,approximate,Islam,http://id.worldcat.org/fast/979776,fast,Sacred books,http://id.worldcat.org/fast/1103109,fast,,,,,,,,Turkey,http://id.loc.gov/authorities/names/n80070818,naf,,,,"Al-Qunawī, Muṣṭafā Ṣifat",,,personal,TRUE,Contributor,http://id.loc.gov/vocabulary/relators/ctb,marcrelator,,,,,,,,,,,,,,,,,,,,,,,,,,
,a40d645c900ebcd702a20e4bc3e4c4d4.jpg,filename,asset,quran_qua_001,quran_qua_000,Front cover,,,,6166,https://exhibitions.cul.columbia.edu/exhibits/show/quran/qurans/bindings,,,,,,,,,,,,,,,,,,,,,,,,,,,,,,,Public Access,No Copyright - United States,http://rightsstatements.org/vocab/NoC-US/1.0/,rightsstatements,,,,,,,,,,,,,,,,,,,,,,,,,,,,,,,,,,,,,,,,,,,,,,,,,,,,,,,,,,
,1861cdcdbea06181cc448e6901118463.jpg,filename,asset,quran_qua_002,quran_qua_000,Cover and flap,,,,6165,https://exhibitions.cul.columbia.edu/exhibits/show/quran/qurans/bindings,,,,,,,,,,,,,,,,,,,,,,,,,,,,,,,Public Access,No Copyright - United States,http://rightsstatements.org/vocab/NoC-US/1.0/,rightsstatements,,,,,,,,,,,,,,,,,,,,,,,,,,,,,,,,,,,,,,,,,,,,,,,,,,,,,,,,,,
,,,item,quran_xqu_000,,Qur’an,Quran,,Physical Dimensions: 24 x 15 cm,,,Manuscripts,http://id.loc.gov/vocabulary/graphicMaterials/tgm012286,gmgpc,text,Arabic,iso639-2b,http://id.loc.gov/vocabulary/iso639-2/ara,,,,Original Format: book,"The scribe names himself in the dated colophon; marginal notes in Persian; dated ownership note with accompanying seal impressions from the early 19th century. Physical description for item from which digital images are taken: no endpapers; 7 flyleaves: 4 at the beginning and 3 at the end; 392 fols. constitute the original Quran manuscript; neither foliation nor pagination; manuscript is too tightly bound to confirm gatherings of 4 bifolia; the Quran is written on thin transparent laid paper without visible chainlines, but the flyleaves are machine-made wove paper; 24 x 15 cm; rubrication; illumination; the boards of the lacquer binding, which does not flush with the textblock, show a flower bouquet on the outside and flowering vines on the inside","References: for the oldest extant manuscripts with Persian Quran translations from the tenth century CE, see Gilbert Lazard, La langue des plus anciennes monuments de la prose persane, Paris 1963, esp. pp. 33-35, 41-45, and 56-58; cf. Storey 1/1, pp. 1-3 s.v. 1-2; and Storey-Bregel 1, pp. 99-103 s.v. 1-2; Qurʾān-i Quds: Kuhan'tarīn bargardān-i Qurʾān bih fārsī, ed. ʻAlī Ravāqī, 2 vols., Tehran 1364 Sh/1985 (facsimile of Arabic-Persian MS - Mashad, Kitābkhānah-i Āstān-i quds-i riḍavī, no. 54 - with Persian tr.); cf. G. Lazard, ""Lumières nouvelles sur la formation de la langue persane,"" in: idem, La formation de la langue; persane, Paris 1995, pp. 184-198; for the 18th century use of the same symmetrical page design for the beginning of the Quran text, cf. two Indian manuscripts in the Nasser D. Khalili Collection of Islamic Art in: Manijeh Bayani et al., The Decorated Word: Qurʾans of the 17th to 19th Centuries, London 1999, pp. 208-219 s.v. 68-69",,Unpublished.,"Donated by David E. Smith, 1931",provenance,,,,"Rare Book & Manuscript Library, Columbia University",http://id.library.columbia.edu/term/d2142d01-deaa-4a39-8dbd-72c4f148353f,Smith MS oriental 222,Iranian lands,,,,,reformatted digital,"Opening pages of the complete copy of the Quran with Persian interlinear translation.  Colophon signed by Muḥammad Muḥsin al-Iṣfahānī, dated Ramaḍān 1154/November 1741",,No Copyright - United States,http://rightsstatements.org/vocab/NoC-US/1.0/,rightsstatements,November 1741 (Ramadan 1154 HIJRA),1741-11,TRUE,,,Islam,http://id.worldcat.org/fast/979776,fast,,,,,,,,,,,,,,,,,"Al-Iṣfahānī, Muḥammad Muḥsin",,,personal,TRUE,Autographer,http://id.loc.gov/vocabulary/relators/ato,marcrelator,,,,,,,,,,,,,,,,,,,,,,,,,,
,http://ldpd.lampdev.columbia.edu/o/110044001.jpg,filename,asset,quran_xqu_001,quran_xqu_000,Sūrat al-Fatīḥa and sūrat al-Baqara (sura 1 and sura 2),,,,6111,https://exhibitions.cul.columbia.edu/exhibits/show/quran/qurans/mss,,,,,,,,,,,,,,,,,,,,,,,,,,,,,,,Public Access,No Copyright - United States,http://rightsstatements.org/vocab/NoC-US/1.0/,rightsstatements,,,,,,,,,,,,,,,,,,,,,,,,,,,,,,,,,,,,,,,,,,,,,,,,,,,,,,,,,,
,,,item,quran_quu_000,,Qur’an,Quran,,"Physical Dimensions: 18 x 12 x 3 cm (textblock), 18 x 12 cm (board) and 18 x 35 cm (complete binding)",,,Manuscripts,http://id.loc.gov/vocabulary/graphicMaterials/tgm012286,gmgpc,text,Arabic,iso639-2b,http://id.loc.gov/vocabulary/iso639-2/ara,,,,Original Format: book with envelope binding,The scribe names himself in the dated colophon. There are no marginal notes and neither seal impressions nor ownership notes; Physical Description of item from which images are taken: no endpapers; 3 detached flyleaves: 1 at the beginning and 2 at the end; 301 fols. with pencilled foliation in western numerals; at least 2 fols. of the original textblock are missing at the beginning (that is: verses 1:1 - 2:16); manuscript is too tightly bound to determine the gatherings; machine-made wove paper; 17.8 x 11.8 cm; rubrication; illumination; blind-tooled and gilt-painted leather binding with flap that is contemporary with the textblock,"Reference: Christopher de Hamel, Cutting up Manuscripts for Pleasure and Profit, Charlottesville, Va. 2000; M. Krek, ""Islamic Manuscripts in North American Libraries: Part 5 - Union Theological Seminary Library,"" MELA Notes, no. 36 (Fall 1985), p. 4 s.v. 2",,,,,,Arabic manuscripts collection,http://id.library.columbia.edu/term/9190d10f-fcfc-4fba-9032-1c2a391fcdc5,"Burke Library at Union Theological Seminary, Columbia University",http://id.library.columbia.edu/term/4f175cc6-1394-49b9-a411-2fe143265d43,Burke Arabic MS 5,Ottoman Empire,,,,,reformatted digital,Incomplete copy of the Quran that begins with verse 2:17,,No Copyright - United States,http://rightsstatements.org/vocab/NoC-US/1.0/,rightsstatements,1849 to 1850 (1266 HIJRA),1849,TRUE,1850,approximate,Islam,http://id.worldcat.org/fast/979776,fast,,,,,,,,,,,Turkey,http://id.loc.gov/authorities/names/n80070818,naf,,,,"Al-Qunawī, Muṣṭafā Ṣifat",,,personal,TRUE,Contributor,http://id.loc.gov/vocabulary/relators/ctb,marcrelator,,,,,,,,,,,,,,,,,,,,,,,,,,
,2dcd8905ac0378439aa215be919e3dd5.jpg,filename,asset,quran_quu_001,quran_quu_000,Double page section from the sūrat al-Naḥl,,,,6097,https://exhibitions.cul.columbia.edu/exhibits/show/quran/qurans/mss,,,,,,,,,,,,,,,,,,,,,,,,,,,,,,,Public Access,No Copyright - United States,http://rightsstatements.org/vocab/NoC-US/1.0/,rightsstatements,,,,,,,,,,,,,,,,,,,,,,,,,,,,,,,,,,,,,,,,,,,,,,,,,,,,,,,,,,
,http://ldpd.lampdev.columbia.edu/o/ms5_colophon.jpg,filename,asset,quran_quu_002,quran_quu_000,Colophon,,,,6097,https://exhibitions.cul.columbia.edu/exhibits/show/quran/qurans/mss,,,,,,,,,,,,,,,,,,,,,,,,,,,,,,,Public Access,No Copyright - United States,http://rightsstatements.org/vocab/NoC-US/1.0/,rightsstatements,,,,,,,,,,,,,,,,,,,,,,,,,,,,,,,,,,,,,,,,,,,,,,,,,,,,,,,,,,
,Burke Arabic MS 5 binding.jpg,filename,asset,quran_quu_003,quran_quu_000,Cover binding,,,,6097,https://exhibitions.cul.columbia.edu/exhibits/show/quran/qurans/mss,,,,,,,,,,,,,,,,,,,,,,,,,,,,,,,Public Access,No Copyright - United States,http://rightsstatements.org/vocab/NoC-US/1.0/,rightsstatements,,,,,,,,,,,,,,,,,,,,,,,,,,,,,,,,,,,,,,,,,,,,,,,,,,,,,,,,,,
,Burke Arabic MS 5 board.jpg,filename,asset,quran_quu_004,quran_quu_000,Cover board,,,,6097,https://exhibitions.cul.columbia.edu/exhibits/show/quran/qurans/mss,,,,,,,,,,,,,,,,,,,,,,,,,,,,,,,Public Access,No Copyright - United States,http://rightsstatements.org/vocab/NoC-US/1.0/,rightsstatements,,,,,,,,,,,,,,,,,,,,,,,,,,,,,,,,,,,,,,,,,,,,,,,,,,,,,,,,,,
,,,item,quran_qub_000,,Qur’an,Quran,,Physical Dimensions: 19.25 x 14 x 4.5 cm,,,Manuscripts,http://id.loc.gov/vocabulary/graphicMaterials/tgm012286,gmgpc,text,Arabic,iso639-2b,http://id.loc.gov/vocabulary/iso639-2/ara,,,,Original Format: book,"The scribe names himself in the dated colophon that follows the concluding prayer. There are no marginal notes, neither seal impressions nor ownership notes, and the cut-off date 1830-1831 (1246 HIJRA)  for the binding is provided by a note on the flyfleaves at the end.","Physical Description for item from which digital images are taken: 2 endpapers; 6 flyleaves: 3 at the beginning and 3 at the end; neither foliation nor pagination; the Quran is written on laid paper with visible regular chainlines, but the flyleaves are machine-made wove paper; 19 x 13 cm; rubrication; illumination; green cloth binding with envelope flap",,"M. Krek, ""Islamic Manuscripts in North American Libraries: Part 5 - Union Theological Seminary Library,"" MELA Notes, no. 36 (Fall 1985), p. 4 s.v. 1","According to note on a piece of paper, found by M. Krek in 1983 in the manuscript, presented to the Missionary Research Library (MRL) by Rev. W. S. Nelson, D.D., of Tripoli, Syria, on 27 May 1930. William Shedd Nelson and his wife were members of the American Presbyterian Mission.",provenance,,Arabic manuscripts collection,http://id.library.columbia.edu/term/9190d10f-fcfc-4fba-9032-1c2a391fcdc5,"Burke Library at Union Theological Seminary, Columbia University",http://id.library.columbia.edu/term/4f175cc6-1394-49b9-a411-2fe143265d43,Burke Arabic MS 4,Ottoman Empire,,,,,reformatted digital,Complete copy of the Quran. In this eighteenth century Ottoman manuscript the text distribution of the beginning follows the model discussed above for the Quran with a Persian interlinear translation: sura 1 on the right page and the first verses of sura 2 on the left page.,,No Copyright - United States,http://rightsstatements.org/vocab/NoC-US/1.0/,rightsstatements,1761 to 1762 (1175 HIJRA),1761,TRUE,1762,approximate,Islam,http://id.worldcat.org/fast/979776,fast,,,,,,,,,,,Turkey,http://id.loc.gov/authorities/names/n80070818,naf,,,,"Ibn Ibrāhīm, Ismāʻīl",,,personal,TRUE,Contributor,http://id.loc.gov/vocabulary/relators/ctb,marcrelator,,,,,,,,,,,,,,,,,,,,,,,,,,
,9fe83050782559912dc0c932feaa3295.jpg,filename,asset,quran_qub_001,quran_qub_000,Colophon,,,,6096,https://exhibitions.cul.columbia.edu/exhibits/show/quran/qurans/mss,,,,,,,,,,,,,,,,,,,,,,,,,,,,,,,Public Access,No Copyright - United States,http://rightsstatements.org/vocab/NoC-US/1.0/,rightsstatements,,,,,,,,,,,,,,,,,,,,,,,,,,,,,,,,,,,,,,,,,,,,,,,,,,,,,,,,,,
,6353189268852209f60f3b36856904aa.jpg,filename,asset,quran_qub_002,quran_qub_000,Section of the surat al-Kahf,,,,6096,https://exhibitions.cul.columbia.edu/exhibits/show/quran/qurans/mss,,,,,,,,,,,,,,,,,,,,,,,,,,,,,,,Public Access,No Copyright - United States,http://rightsstatements.org/vocab/NoC-US/1.0/,rightsstatements,,,,,,,,,,,,,,,,,,,,,,,,,,,,,,,,,,,,,,,,,,,,,,,,,,,,,,,,,,
,http://ldpd.lampdev.columbia.edu/o/arabic_ms_04.jpg,filename,asset,quran_qub_003,quran_qub_000,Sura 1 and Sura 2,,,,6096,https://exhibitions.cul.columbia.edu/exhibits/show/quran/qurans/mss,,,,,,,,,,,,,,,,,,,,,,,,,,,,,,,Public Access,No Copyright - United States,http://rightsstatements.org/vocab/NoC-US/1.0/,rightsstatements,,,,,,,,,,,,,,,,,,,,,,,,,,,,,,,,,,,,,,,,,,,,,,,,,,,,,,,,,,
,,,item,quran_qun_000,,Qur’an,Quran,,"Physical Dimensions: 27 x 18 x 5.5 cm (textblock), 27 x 18 cm (board) and 27 x 56 cm (complete binding)",,,Manuscripts,http://id.loc.gov/vocabulary/graphicMaterials/tgm012286,gmgpc,text,Arabic,iso639-2b,http://id.loc.gov/vocabulary/iso639-2/ara,,,,Original Format: book with envelope binding,"There is no colophon, marginal notes in Arabic; a single marginal note in Latin on folio 28b;   no seal impression or ownership note.","Physical Description of Qu'ran from which digital images were taken: stump of a removed endpaper is visible only at the end of the textblock; 335 fols. with pencilled foliation in western numerals; 18 fols. are later replacements: fols. 1-10, 242, 310, 323, and 331-335; manuscript is too tightly bound to determine the gatherings; the original manuscript is written on thick laid paper with visible regular chainlines; the replacement leaves look very similar, but they are much thinner; 25 x 16.5-18 cm, because the replacement leaves vary in width; functional rubrication that is missing on the replacement leaves; blind-tooled leather binding with flap",,"Reference: For rubricated sura headings and the absence of text frames as features that point toward Syria, cf. a 17th century Quran in the Nasser D. Khalili Collection of Islamic Art in: Manijeh Bayani et al., The Decorated Word: Qurʾans of the 17th to 19th Centuries, London 1999, pp. 57-59 s.v. 14; M. Krek, ""Islamic Manuscripts in North American Libraries: Part 5 - Union Theological Seminary Library,"" MELA Notes, no. 36 (Fall 1985), p. 5 s.v. 4",Purchased in May 1883 from the nephew of the American missionary Tillman C. Howbridge for the library of Union Theological Seminary,provenance,Arabic manuscripts collection,Arabic manuscripts collection,http://id.library.columbia.edu/term/9190d10f-fcfc-4fba-9032-1c2a391fcdc5,"Burke Library at Union Theological Seminary, Columbia University",http://id.library.columbia.edu/term/4f175cc6-1394-49b9-a411-2fe143265d43,Burke Arabic MS 3,Anatolia or Syria,,,,,reformatted digital,Complete copy of the Quran,,No Copyright - United States,http://rightsstatements.org/vocab/NoC-US/1.0/,rightsstatements,between 1600 and 1800,1600,TRUE,1800,inferred,Islam,http://id.worldcat.org/fast/979776,fast,,,,,,,,,,,Turkey,http://id.loc.gov/authorities/names/n80070818,naf,,,,,,,,,,,,,,,,,,,,,,,,,,,,,,,,,,,,,
,1a3c3ee2e0b940e0abfa4b6d50fb43b8.jpg,filename,asset,quran_qun_001,quran_qun_000,Page 311 verso and recto,,,,6095,https://exhibitions.cul.columbia.edu/exhibits/show/quran/qurans/mss,,,,,,,,,,,,,,,,,,,,,,,,,,,,,,,Public Access,No Copyright - United States,http://rightsstatements.org/vocab/NoC-US/1.0/,rightsstatements,,,,,,,,,,,,,,,,,,,,,,,,,,,,,,,,,,,,,,,,,,,,,,,,,,,,,,,,,,
,6ec7a5f57fd893aa5f12ce9d67686407.jpg,filename,asset,quran_qun_002,quran_qun_000,Page 310,,,,6095,https://exhibitions.cul.columbia.edu/exhibits/show/quran/qurans/mss,,,,,,,,,,,,,,,,,,,,,,,,,,,,,,,Public Access,No Copyright - United States,http://rightsstatements.org/vocab/NoC-US/1.0/,rightsstatements,,,,,,,,,,,,,,,,,,,,,,,,,,,,,,,,,,,,,,,,,,,,,,,,,,,,,,,,,,
,1e2037521865c08403bdde28709ead66.jpg,filename,asset,quran_qun_003,quran_qun_000,Page 311 verso,,,,6095,https://exhibitions.cul.columbia.edu/exhibits/show/quran/qurans/mss,,,,,,,,,,,,,,,,,,,,,,,,,,,,,,,Public Access,No Copyright - United States,http://rightsstatements.org/vocab/NoC-US/1.0/,rightsstatements,,,,,,,,,,,,,,,,,,,,,,,,,,,,,,,,,,,,,,,,,,,,,,,,,,,,,,,,,,
,d0fe2295662bd6fa5a1430faad60e558.jpg,filename,asset,quran_qun_004,quran_qun_000,Page 311 recto,,,,6095,https://exhibitions.cul.columbia.edu/exhibits/show/quran/qurans/mss,,,,,,,,,,,,,,,,,,,,,,,,,,,,,,,Public Access,No Copyright - United States,http://rightsstatements.org/vocab/NoC-US/1.0/,rightsstatements,,,,,,,,,,,,,,,,,,,,,,,,,,,,,,,,,,,,,,,,,,,,,,,,,,,,,,,,,,
,0e1047269b4cf81cf456de8b4f619753.jpg,filename,asset,quran_qun_005,quran_qun_000,Page 312 recto,,,,6095,https://exhibitions.cul.columbia.edu/exhibits/show/quran/qurans/mss,,,,,,,,,,,,,,,,,,,,,,,,,,,,,,,Public Access,No Copyright - United States,http://rightsstatements.org/vocab/NoC-US/1.0/,rightsstatements,,,,,,,,,,,,,,,,,,,,,,,,,,,,,,,,,,,,,,,,,,,,,,,,,,,,,,,,,,
,Burke Arabic MS 3 flap.jpg,filename,asset,quran_qun_006,quran_qun_000,Flap,,,,6095,https://exhibitions.cul.columbia.edu/exhibits/show/quran/qurans/mss,,,,,,,,,,,,,,,,,,,,,,,,,,,,,,,Public Access,No Copyright - United States,http://rightsstatements.org/vocab/NoC-US/1.0/,rightsstatements,,,,,,,,,,,,,,,,,,,,,,,,,,,,,,,,,,,,,,,,,,,,,,,,,,,,,,,,,,
,Burke Arabic MS 3 board.jpg,filename,asset,quran_qun_007,quran_qun_000,Board,,,,6095,https://exhibitions.cul.columbia.edu/exhibits/show/quran/qurans/mss,,,,,,,,,,,,,,,,,,,,,,,,,,,,,,,Public Access,No Copyright - United States,http://rightsstatements.org/vocab/NoC-US/1.0/,rightsstatements,,,,,,,,,,,,,,,,,,,,,,,,,,,,,,,,,,,,,,,,,,,,,,,,,,,,,,,,,,
,Burke Arabic MS 3 letter new.jpg,filename,asset,quran_qun_008,quran_qun_000,Inside letter,,,,6095,https://exhibitions.cul.columbia.edu/exhibits/show/quran/qurans/mss,,,,,,,,,,,,,,,,,,,,,,,,,,,,,,,Public Access,No Copyright - United States,http://rightsstatements.org/vocab/NoC-US/1.0/,rightsstatements,,,,,,,,,,,,,,,,,,,,,,,,,,,,,,,,,,,,,,,,,,,,,,,,,,,,,,,,,,
,,,item,quran_quc_000,,Qur’an,Quran,,Physical Dimensions: 22.75 x 14.75 x 5 cm,,,Manuscripts,http://id.loc.gov/vocabulary/graphicMaterials/tgm012286,gmgpc,text,Arabic,iso639-2b,http://id.loc.gov/vocabulary/iso639-2/ara,,,,Original Format: book,"No colophon; marginal notes in Persian; illegible impression of square seal; the later added pages contain four chapters of a Persian theological treatise, a prayer, and a chart.","Physical Description for item from which digital images are taken: 2 endpapers; 413 fols. with pencilled foliation in western numerals; fol. 405 was counted twice; fols. 2-405i constitute the original Quran manuscript; gatherings of 4 bifolia, but the first two gatherings (fols. 1-11) are irregular; fols. 2-405i are thin transparent laid paper without visible chainlines, while fols. 1 and 405ii-413 are different laid papers with visible regular chainlines; 22.2 x 13.4 cm, but the textblock was cropped for the binding; rubrication; illumination; detached leather binding with flap",,"M. Krek, ""Islamic Manuscripts in North American Libraries: Part 5 - Union Theological Seminary Library,"" MELA Notes, no. 36 (Fall 1985), p. 4 s.v. 3",,,,Arabic manuscripts collection,http://id.library.columbia.edu/term/9190d10f-fcfc-4fba-9032-1c2a391fcdc5,"Burke Library at Union Theological Seminary, Columbia University",http://id.library.columbia.edu/term/4f175cc6-1394-49b9-a411-2fe143265d43,Burke Arabic MS 2,India,,,,,reformatted digital,Complete copy of the Quran,,No Copyright - United States,http://rightsstatements.org/vocab/NoC-US/1.0/,rightsstatements,between 1600 and 1800,1600,TRUE,1800,inferred,Islam,http://id.worldcat.org/fast/979776,fast,,,,,,,,,,,,,,,,,,,,,,,,,,,,,,,,,,,,,,,,,,,,,,,,,,
,797600413702b943371ea86cd720247c.jpg,filename,asset,quran_quc_001,quran_quc_000,Sura 1 opening pages,,,,6094,https://exhibitions.cul.columbia.edu/exhibits/show/quran/qurans/mss,,,,,,,,,,,,,,,,,,,,,,,,,,,,,,,Public Access,No Copyright - United States,http://rightsstatements.org/vocab/NoC-US/1.0/,rightsstatements,,,,,,,,,,,,,,,,,,,,,,,,,,,,,,,,,,,,,,,,,,,,,,,,,,,,,,,,,,
,e45a324fd03cc002107c2c08f61e0660.jpg,filename,asset,quran_quc_002,quran_quc_000,Sura 2 opening pages,,,,6094,https://exhibitions.cul.columbia.edu/exhibits/show/quran/qurans/mss,,,,,,,,,,,,,,,,,,,,,,,,,,,,,,,Public Access,No Copyright - United States,http://rightsstatements.org/vocab/NoC-US/1.0/,rightsstatements,,,,,,,,,,,,,,,,,,,,,,,,,,,,,,,,,,,,,,,,,,,,,,,,,,,,,,,,,,
,,,item,quran_qud_000,,Qur’an,Quran,,Physical Dimensions: 13.75 x 10 x 3 cm,,,Manuscripts,http://id.loc.gov/vocabulary/graphicMaterials/tgm012286,gmgpc,text,Arabic,iso639-2b,http://id.loc.gov/vocabulary/iso639-2/ara,,,,Original Format: manuscripts,"Since the finispiece directly follows the last sura, information about workshop or patron might have been stated in the missing opening folios. There are marginal notes in Arabic; impressions of 2 different seals; dated ownership notes from the first half of the 19th century.","Physical Description for item from which digital images are taken: 2 endpapers; 116 fols. with pencilled foliation in western numerals; the endpapers and fol. [1] are later replacements; gatherings of 3 and 4 bifolia alternate in no recognizable order, but the first gathering of 3 bifolia is missing 2 folios; fols. 2-116 are thick brownish laid paper without visible chainlines, while fol. 1 and the endpapers are different laid papers with visible regular chainlines; 13.5 x 9 cm, but the textblock was cropped for the binding; rubrication; illumination; blind-tooled leather binding with flap that is not contemporary with the textblock",,"Reference: For Qurans of similar size and illumination and with the same text distribution at the beginning, cf. two manuscripts in the Nasser D. Khalili Collection of Islamic Art in: David James, The Master Scribes: Qurʾans of the 10th to 14th Centuries AD, London 1992, pp. 24-29 s.v. 1-2","M. Krek, ""Islamic Manuscripts in North American Libraries: Part 5 - Union Theological Seminary Library,"" MELA Notes, no. 36 (Fall 1985), p. 5 s.v. 5",,,Arabic manuscripts collection,http://id.library.columbia.edu/term/9190d10f-fcfc-4fba-9032-1c2a391fcdc5,"Burke Library at Union Theological Seminary, Columbia University",http://id.library.columbia.edu/term/4f175cc6-1394-49b9-a411-2fe143265d43,Burke Arabic MS 1,Iraq or Iran,,,,,reformatted digital,"Complete copy of the Quran, oldest copy in Burke Library",,No Copyright - United States,http://rightsstatements.org/vocab/NoC-US/1.0/,rightsstatements,undated (before 1300),1000,TRUE,1300,inferred,Islam,http://id.worldcat.org/fast/979776,fast,,,,,,,,,,,Mesopotamia,http://id.loc.gov/authorities/names/n93025557,naf,,,,,,,,,,,,,,,,,,,,,,,,,,,,,,,,,,,,,
,e3cc5f7e638d2be6fbdd34bd1969fe99.jpg,filename,asset,quran_qud_001,quran_qud_000,Sura 1 and Sura 2,,,,6093,https://exhibitions.cul.columbia.edu/exhibits/show/quran/qurans/mss,,,,,,,,,,,,,,,,,,,,,,,,,,,,,,,Public Access,No Copyright - United States,http://rightsstatements.org/vocab/NoC-US/1.0/,rightsstatements,,,,,,,,,,,,,,,,,,,,,,,,,,,,,,,,,,,,,,,,,,,,,,,,,,,,,,,,,,
,bb376c38b6e46fb8cbc16e011c5c276b.jpg,filename,asset,quran_qud_002,quran_qud_000,Opening pages,,,,6093,https://exhibitions.cul.columbia.edu/exhibits/show/quran/qurans/mss,,,,,,,,,,,,,,,,,,,,,,,,,,,,,,,Public Access,No Copyright - United States,http://rightsstatements.org/vocab/NoC-US/1.0/,rightsstatements,,,,,,,,,,,,,,,,,,,,,,,,,,,,,,,,,,,,,,,,,,,,,,,,,,,,,,,,,,
,12c29fec7aadc0d360a48e1278ef6afc.jpg,filename,asset,quran_qud_003,quran_qud_000,End pages,,,,6093,https://exhibitions.cul.columbia.edu/exhibits/show/quran/qurans/mss,,,,,,,,,,,,,,,,,,,,,,,,,,,,,,,Public Access,No Copyright - United States,http://rightsstatements.org/vocab/NoC-US/1.0/,rightsstatements,,,,,,,,,,,,,,,,,,,,,,,,,,,,,,,,,,,,,,,,,,,,,,,,,,,,,,,,,,
,,,item,quran_rgt_000,,Religio Turcica,,4576512,Physical Dimensions: 18.75 x 16 x 3.25 cm,,,books,http://vocab.getty.edu/aat/300028051,aat,text,Arabic,iso639-2b,http://id.loc.gov/vocabulary/iso639-2/ara,,,,Original Format: book,"The complete German title reads: ""Kurtze, warhafftige gründ- und eigendliche Beschreibung türckischer Religion: Leben, Wandel und Todt des arabischen falschen Propheten Mahometis und Vergleichung beyder orientalischen und occidentalischen Antichristen""","The ""Religio Turcica"" frontispiece of the copy in the HAB Wolfenbüttel (Gv 480) is missing from the copy from which these images were taken",,Reference: VD17 39:123681W,,,,,,"Burke Library at Union Theological Seminary, Columbia University",http://id.library.columbia.edu/term/4f175cc6-1394-49b9-a411-2fe143265d43,Union Rare OT23 W21,"Stadae Suecorum (i.e., Stade, Elbe, under Swedish rule)",,,Typis Holvinianis,,reformatted digital,"Published by Holwein, Elias, who died in 1659; his widow ran the workshop until 1662.",,No Copyright - United States,http://rightsstatements.org/vocab/NoC-US/1.0/,rightsstatements,1659,1659,TRUE,,,Islam,http://id.worldcat.org/fast/979776,fast,History,http://id.worldcat.org/fast/958235,fast,,,,"Muḥammad, Prophet, -632",http://id.loc.gov/authorities/names/n79130881,naf,personal,,,,,,,"Wallich, Johann Ulrich",,,personal,TRUE,Author,http://id.loc.gov/vocabulary/relators/aut,marcrelator,,,,,,,,,,,,,,,,,,,,,,,,,,
,8e9aa1388d157e349b78ff625b0c96db.jpg,filename,asset,quran_rgt_001,quran_rgt_000,Title page,,,,6106,https://exhibitions.cul.columbia.edu/exhibits/show/quran/bibcrittoworldrel/ott,,,,,,,,,,,,,,,,,,,,,,,,,,,,,,,Public Access,No Copyright - United States,http://rightsstatements.org/vocab/NoC-US/1.0/,rightsstatements,,,,,,,,,,,,,,,,,,,,,,,,,,,,,,,,,,,,,,,,,,,,,,,,,,,,,,,,,,
,b86738298d6710aa94a03acb2855d0b9.jpg,filename,asset,quran_rgt_002,quran_rgt_000,Page 101,,,,6106,https://exhibitions.cul.columbia.edu/exhibits/show/quran/bibcrittoworldrel/ott,,,,,,,,,,,,,,,,,,,,,,,,,,,,,,,Public Access,No Copyright - United States,http://rightsstatements.org/vocab/NoC-US/1.0/,rightsstatements,,,,,,,,,,,,,,,,,,,,,,,,,,,,,,,,,,,,,,,,,,,,,,,,,,,,,,,,,,
,248c35868f4db88d4b3e1f8bedd8fe01.jpg,filename,asset,quran_rgt_003,quran_rgt_000,Pages 100 to 101,,,,6106,https://exhibitions.cul.columbia.edu/exhibits/show/quran/bibcrittoworldrel/ott,,,,,,,,,,,,,,,,,,,,,,,,,,,,,,,Public Access,No Copyright - United States,http://rightsstatements.org/vocab/NoC-US/1.0/,rightsstatements,,,,,,,,,,,,,,,,,,,,,,,,,,,,,,,,,,,,,,,,,,,,,,,,,,,,,,,,,,
,bb206d3314f24836e47899a19c2095de.jpg,filename,asset,quran_rgt_004,quran_rgt_000,Plate,,,,6106,https://exhibitions.cul.columbia.edu/exhibits/show/quran/bibcrittoworldrel/ott,,,,,,,,,,,,,,,,,,,,,,,,,,,,,,,Public Access,No Copyright - United States,http://rightsstatements.org/vocab/NoC-US/1.0/,rightsstatements,,,,,,,,,,,,,,,,,,,,,,,,,,,,,,,,,,,,,,,,,,,,,,,,,,,,,,,,,,
,,,item,quran_sel_000,,Selim the Koordish pastor of Amideah,,,Physical Dimensions: 34 x 42 cm,,,Paintings,http://id.loc.gov/vocabulary/graphicMaterials/tgm007393,gmgpc,still image,,,,,,,Original Format: gouache sent as a letter,uncatalogued as of June 2011,,,,Inquiring Society at Union Theological Seminary,provenance,opaque colors and ink on paper,,,"Burke Library at Union Theological Seminary, Columbia University",http://id.library.columbia.edu/term/4f175cc6-1394-49b9-a411-2fe143265d43,,Urūmīyah (Iran),,,,,reformatted digital,"Part of a letter sent to the Inquiring Society at Union Theological Seminary, New York City, from Justin Perkins",,No Copyright - United States,http://rightsstatements.org/vocab/NoC-US/1.0/,rightsstatements,1839,1839,TRUE,,,Kurds,http://id.worldcat.org/fast/989403,fast,,,,,,,,,,,Urūmīyah (Iran),http://id.loc.gov/authorities/names/n91047104,naf,Azerbaijan,http://id.loc.gov/authorities/names/n92000010,naf,"Perkins, Justin, 1805-1869",http://id.loc.gov/authorities/names/n91126835,naf,personal,TRUE,Illustrator,http://id.loc.gov/vocabulary/relators/ill,marcrelator,Correspondent,http://id.loc.gov/vocabulary/relators/crp,marcrelator,"Union Theological Seminary (New York, N.Y.). Society of Inquiry",http://id.loc.gov/authorities/names/no2014158055,naf,corporate,Addressee,http://id.loc.gov/vocabulary/relators/rcp,marcrelator,,,,,,,,,,,,,,,,
,UTS_013.jpg,filename,asset,quran_sel_001,quran_sel_000,Selim the Koordish pastor of Amideah,,,,6126,https://exhibitions.cul.columbia.edu/exhibits/show/quran/perkins/people,,,,,,,,,,,,,,,,,,,,,,,,,,,,,,,Public Access,No Copyright - United States,http://rightsstatements.org/vocab/NoC-US/1.0/,rightsstatements,,,,,,,,,,,,,,,,,,,,,,,,,,,,,,,,,,,,,,,,,,,,,,,,,,,,,,,,,,
,,,item,quran_tsd_000,,Tableaux synchroniques de l'histoire moderne,,4938512,Physical Dimensions: 30.5 x 22.75 x 2 cm,,,books,http://vocab.getty.edu/aat/300028051,aat,text,Arabic,iso639-2b,http://id.loc.gov/vocabulary/iso639-2/ara,,,,Original Format: book,"pamphlet with paper wrapper, bound with other historical tables","The first French edition of the ""Tableau chronologique de l'histoire moderne"" (1825) and its textbook ""Précis de l'histoire moderne"" (1827) was published by Louis Colas in Paris. After the foundation of Belgium in 1830 later editions of the textbook were also published in Brussels with the subtitle: ""Ouvrage adopté par le conseil royal de l'université de France et prescrit pour l'enseignement de l'histoire moderne, das les colléges royaux et dans les etablissements d'instruction publicque""",,"References: Michelet, ed. Roland Barthes, tr. Richard Howard, New York 1987 (original: Michelet par lui-même: Images et textes, Paris 1954); Paule Petitier, La géographie de Michelet: Territoire et modèles naturels dans les premières oeuvres de Michelet, Paris 1997",,,slides show tables 4 (1494-1501) and 3 (1484-1493); unpaginated,Gillett Collection of American History and Theology,http://id.library.columbia.edu/term/3c9524d1-77f4-4ba4-835e-ff97e58b3b98,"Burke Library at Union Theological Seminary, Columbia University",http://id.library.columbia.edu/term/4f175cc6-1394-49b9-a411-2fe143265d43,703 A7,Brussels,,,"Meline, Cans & Compagnie",,reformatted digital,"Tables for the separately printed ""Précis de l'histoire moderne: Introduction à l'histoire universelle"", covering years 1453-1648.",,No Copyright - United States,http://rightsstatements.org/vocab/NoC-US/1.0/,rightsstatements,1840,1840,TRUE,,,History,http://id.worldcat.org/fast/958235,fast,Public schools,http://id.worldcat.org/fast/1082942,fast,,,,,,,,France,http://id.loc.gov/authorities/names/n79006404,naf,,,,"Michelet, Jules, 1798-1874",http://id.loc.gov/authorities/names/n80046324,naf,personal,TRUE,Author,http://id.loc.gov/vocabulary/relators/aut,marcrelator,,,,,,,,,,,,,,,,,,,,,,,,,,
,f8f50ec4fdac5f41b1a6ede7504e64ca.jpg,filename,asset,quran_tsd_001,quran_tsd_000,Third table,,,,6108,https://exhibitions.cul.columbia.edu/exhibits/show/quran/empire/unihist,,,,,,,,,,,,,,,,,,,,,,,,,,,,,,,Public Access,No Copyright - United States,http://rightsstatements.org/vocab/NoC-US/1.0/,rightsstatements,,,,,,,,,,,,,,,,,,,,,,,,,,,,,,,,,,,,,,,,,,,,,,,,,,,,,,,,,,
,http://ldpd.lampdev.columbia.edu/o/100177004.jpg,filename,asset,quran_tsd_002,quran_tsd_000,Fourth table,,,,6108,https://exhibitions.cul.columbia.edu/exhibits/show/quran/empire/unihist,,,,,,,,,,,,,,,,,,,,,,,,,,,,,,,Public Access,No Copyright - United States,http://rightsstatements.org/vocab/NoC-US/1.0/,rightsstatements,,,,,,,,,,,,,,,,,,,,,,,,,,,,,,,,,,,,,,,,,,,,,,,,,,,,,,,,,,
