item - itemId,item - public,item - featured,item - MODS - FormGenre,item - MODS - FormGenre - Authority,item - MODS - KeyDate - Single/Start,item - MODS - KeyDate - End,item - MODS - PublicationDate,item - DublinCore - Date,item - MODS - TypeofDate,item - MODS - RepositoryName,item - MODS - RepositoryName - code,item - MODS - RepositoryName - code - Authority,item - MODS - Subrepository,item - MODS - ShelfLocation,item - DublinCore - Description 1,item - DublinCore - Description 2,item - DublinCore - Title - Display,item - DublinCore - Title - Work,item - DublinCore - Title - Work - Identifier,item - DublinCore - Title - Part,item - DublinCore - Identifier,item - DublinCore - Creator 1,item - DublinCore - Creator 1 - Authority,item - DublinCore - Creator 1 - Authority - Identifier,item - DublinCore - Creator 2,item - DublinCore - Creator 2 - Authority,item - DublinCore - Creator 2 - Authority - Identifier,item - DublinCore - Publisher 1,item - DublinCore - Publisher 2,item - MODS - PublicationPlace 1,item - MODS - PublicationPlace 2,item - MODS - PlaceofOrigin,item - MODS - PlaceofOrigin - Authority - Identifier,Subject - Name,Subject - Name - Authority,Subject - Name - Authority - Identifier,Subject 1 - Topic,Subject 1 - Topic - Authority,Subject 1 - Topic - Authority - Identifier,Subject 2 - Topic,Subject 2 - Topic - Authority,Subject 2 - Topic - Authority - Identifier,Subject - Geographic,Subject - Geographic - Authority,Subject - Geographic - Authority - Identifier,item - DublinCore - Language,item - MODS - LanguageofCataloging,item - MODS - Notes 1,item - MODS - Notes 2,item - OriginalFileLoadedIntoOmeka,item - MODS - DigitalOrigin,item - itemType,item - ItemType - text,item - MODS - PhysicalDescription,item - OmekaCollection,item in context,project URL
006677,1,0,objects,aat,1953,,1953?,1953?,approximate,"Avery Architectural & Fine Arts Library, Columbia University",NNC-A,marcorg,Avery Classics Collection,,,,Stalinallee. View of Sidewalk Café,Stalinallee,sta_011,View of Sidewalk Café,,Row-Optik Rathenow,,,,,,,,Rathenow,,Rathenow (Germany),http://id.loc.gov/authorities/names/n88165110,,,,"Karl-Marx-Allee (Berlin, Germany)",lcsh,http://id.loc.gov/authorities/subjects/sh97002779,,,,Berlin (Germany),naf,http://id.loc.gov/authorities/names/n79034972,ger,eng,,,original filename: AA9200B4Stl63_09.jpg,reformatted digital,still image,,,Avery’s Architectural Novelties,https://exhibitions.cul.columbia.edu/exhibits/show/novelties/stalinallee/stalinallee,http://www.columbia.edu/cgi-bin/cul/resolve?clio9427856
006676,1,0,objects,aat,1953,,1953?,1953?,approximate,"Avery Architectural & Fine Arts Library, Columbia University",NNC-A,marcorg,Avery Classics Collection,,,,Stalinallee. View of Man Sitting in a Garden,Stalinallee,sta_010,View of Man Sitting in a Garden,,Row-Optik Rathenow,,,,,,,,Rathenow,,Rathenow (Germany),http://id.loc.gov/authorities/names/n88165110,,,,"Karl-Marx-Allee (Berlin, Germany)",lcsh,http://id.loc.gov/authorities/subjects/sh97002779,,,,Berlin (Germany),naf,http://id.loc.gov/authorities/names/n79034972,ger,eng,,,original filename: AA9200B4Stl63_08.jpg,reformatted digital,still image,,,Avery’s Architectural Novelties,https://exhibitions.cul.columbia.edu/exhibits/show/novelties/stalinallee/stalinallee,http://www.columbia.edu/cgi-bin/cul/resolve?clio9427856
006675,1,0,objects,aat,1953,,1953?,1953?,approximate,"Avery Architectural & Fine Arts Library, Columbia University",NNC-A,marcorg,Avery Classics Collection,,,,Stalinallee. View of Flowers and Building,Stalinallee,sta_009,View of Flowers and Building,,Row-Optik Rathenow,,,,,,,,Rathenow,,Rathenow (Germany),http://id.loc.gov/authorities/names/n88165110,,,,"Karl-Marx-Allee (Berlin, Germany)",lcsh,http://id.loc.gov/authorities/subjects/sh97002779,,,,Berlin (Germany),naf,http://id.loc.gov/authorities/names/n79034972,ger,eng,,,original filename: AA9200B4Stl63_07.jpg,reformatted digital,still image,,,Avery’s Architectural Novelties,https://exhibitions.cul.columbia.edu/exhibits/show/novelties/stalinallee/stalinallee,http://www.columbia.edu/cgi-bin/cul/resolve?clio9427856
006674,1,0,objects,aat,1953,,1953?,1953?,approximate,"Avery Architectural & Fine Arts Library, Columbia University",NNC-A,marcorg,Avery Classics Collection,,,,Stalinallee. View of Outdoor Café,Stalinallee,sta_008,View of Outdoor Café,,Row-Optik Rathenow,,,,,,,,Rathenow,,Rathenow (Germany),http://id.loc.gov/authorities/names/n88165110,,,,"Karl-Marx-Allee (Berlin, Germany)",lcsh,http://id.loc.gov/authorities/subjects/sh97002779,,,,Berlin (Germany),naf,http://id.loc.gov/authorities/names/n79034972,ger,eng,,,original filename: AA9200B4Stl63_06.jpg,reformatted digital,still image,,,Avery’s Architectural Novelties,https://exhibitions.cul.columbia.edu/exhibits/show/novelties/stalinallee/stalinallee,http://www.columbia.edu/cgi-bin/cul/resolve?clio9427856
006673,1,0,objects,aat,1953,,1953?,1953?,approximate,"Avery Architectural & Fine Arts Library, Columbia University",NNC-A,marcorg,Avery Classics Collection,,,,Stalinallee. View of Flowers and Outdoor Café,Stalinallee,sta_007,View of Flowers and Outdoor Café,,Row-Optik Rathenow,,,,,,,,Rathenow,,Rathenow (Germany),http://id.loc.gov/authorities/names/n88165110,,,,"Karl-Marx-Allee (Berlin, Germany)",lcsh,http://id.loc.gov/authorities/subjects/sh97002779,,,,Berlin (Germany),naf,http://id.loc.gov/authorities/names/n79034972,ger,eng,,,original filename: AA9200B4Stl63_05.jpg,reformatted digital,still image,,,Avery’s Architectural Novelties,https://exhibitions.cul.columbia.edu/exhibits/show/novelties/stalinallee/stalinallee,http://www.columbia.edu/cgi-bin/cul/resolve?clio9427856
006672,1,0,objects,aat,1953,,1953?,1953?,approximate,"Avery Architectural & Fine Arts Library, Columbia University",NNC-A,marcorg,Avery Classics Collection,,,,"Stalinallee. View of Street, Garden and Building",Stalinallee,sta_006,"View of Street, Garden and Building",,Row-Optik Rathenow,,,,,,,,Rathenow,,Rathenow (Germany),http://id.loc.gov/authorities/names/n88165110,,,,"Karl-Marx-Allee (Berlin, Germany)",lcsh,http://id.loc.gov/authorities/subjects/sh97002779,,,,Berlin (Germany),naf,http://id.loc.gov/authorities/names/n79034972,ger,eng,,,original filename: AA9200B4Stl63_04.jpg,reformatted digital,still image,,,Avery’s Architectural Novelties,https://exhibitions.cul.columbia.edu/exhibits/show/novelties/stalinallee/stalinallee,http://www.columbia.edu/cgi-bin/cul/resolve?clio9427856
006671,1,0,objects,aat,1953,,1953?,1953?,approximate,"Avery Architectural & Fine Arts Library, Columbia University",NNC-A,marcorg,Avery Classics Collection,,,,Stalinallee. View of Building,Stalinallee,sta_005,View of Building,,Row-Optik Rathenow,,,,,,,,Rathenow,,Rathenow (Germany),http://id.loc.gov/authorities/names/n88165110,,,,"Karl-Marx-Allee (Berlin, Germany)",lcsh,http://id.loc.gov/authorities/subjects/sh97002779,,,,Berlin (Germany),naf,http://id.loc.gov/authorities/names/n79034972,ger,eng,,,original filename: AA9200B4Stl63_03.jpg,reformatted digital,still image,,,Avery’s Architectural Novelties,https://exhibitions.cul.columbia.edu/exhibits/show/novelties/stalinallee/stalinallee,http://www.columbia.edu/cgi-bin/cul/resolve?clio9427856
006670,1,0,objects,aat,1953,,1953?,1953?,approximate,"Avery Architectural & Fine Arts Library, Columbia University",NNC-A,marcorg,Avery Classics Collection,,,,"Stalinallee. View of Garden, Statue and Trees",Stalinallee,sta_004,"View of Garden, Statue and Trees",,Row-Optik Rathenow,,,,,,,,Rathenow,,Rathenow (Germany),http://id.loc.gov/authorities/names/n88165110,,,,"Karl-Marx-Allee (Berlin, Germany)",lcsh,http://id.loc.gov/authorities/subjects/sh97002779,,,,Berlin (Germany),naf,http://id.loc.gov/authorities/names/n79034972,ger,eng,,,original filename: AA9200B4Stl63_02.jpg,reformatted digital,still image,,,Avery’s Architectural Novelties,https://exhibitions.cul.columbia.edu/exhibits/show/novelties/stalinallee/stalinallee,http://www.columbia.edu/cgi-bin/cul/resolve?clio9427856
006669,1,0,objects,aat,1953,,1953?,1953?,approximate,"Avery Architectural & Fine Arts Library, Columbia University",NNC-A,marcorg,Avery Classics Collection,,,,Stalinallee. View of Cars and Building,Stalinallee,sta_003,View of Cars and Building,,Row-Optik Rathenow,,,,,,,,Rathenow,,Rathenow (Germany),http://id.loc.gov/authorities/names/n88165110,,,,"Karl-Marx-Allee (Berlin, Germany)",lcsh,http://id.loc.gov/authorities/subjects/sh97002779,,,,Berlin (Germany),naf,http://id.loc.gov/authorities/names/n79034972,ger,eng,,,original filename: AA9200B4Stl63_01.jpg,reformatted digital,still image,,,Avery’s Architectural Novelties,https://exhibitions.cul.columbia.edu/exhibits/show/novelties/stalinallee/stalinallee,http://www.columbia.edu/cgi-bin/cul/resolve?clio9427856
006668,1,0,objects,aat,1953,,1953?,1953?,approximate,"Avery Architectural & Fine Arts Library, Columbia University",NNC-A,marcorg,Avery Classics Collection,,,,Stalinallee. View of Traffic Roundabout,Stalinallee,sta_002,View of Traffic Roundabout,,Row-Optik Rathenow,,,,,,,,Rathenow,,Rathenow (Germany),http://id.loc.gov/authorities/names/n88165110,,,,"Karl-Marx-Allee (Berlin, Germany)",lcsh,http://id.loc.gov/authorities/subjects/sh97002779,,,,Berlin (Germany),naf,http://id.loc.gov/authorities/names/n79034972,ger,eng,,,original filename: AA9200B4Stl63_00.jpg,reformatted digital,still image,,,Avery’s Architectural Novelties,https://exhibitions.cul.columbia.edu/exhibits/show/novelties/stalinallee/stalinallee,http://www.columbia.edu/cgi-bin/cul/resolve?clio9427856
006667,1,0,objects,aat,1953,,1953?,1953?,approximate,"Avery Architectural & Fine Arts Library, Columbia University",NNC-A,marcorg,Avery Classics Collection,,,,"Stalinallee. Viewer, open",Stalinallee,sta_001,"Viewer, open",,Row-Optik Rathenow,,,,,,,,Rathenow,,Rathenow (Germany),http://id.loc.gov/authorities/names/n88165110,,,,"Karl-Marx-Allee (Berlin, Germany)",lcsh,http://id.loc.gov/authorities/subjects/sh97002779,,,,Berlin (Germany),naf,http://id.loc.gov/authorities/names/n79034972,ger,eng,,,original filename: 110178012.jpg,reformatted digital,still image,,,Avery’s Architectural Novelties,https://exhibitions.cul.columbia.edu/exhibits/show/novelties/stalinallee/stalinallee,http://www.columbia.edu/cgi-bin/cul/resolve?clio9427856
,,,objects,aat,1953,,1953?,1953?,approximate,"Avery Architectural & Fine Arts Library, Columbia University",NNC-A,marcorg,Avery Classics Collection,AA9200 B4 St163,"10 stereograph views of the Stalinallee, accompanied by one viewer.",,Stalinallee,Stalinallee,sta,,CLIO_6978489,Row-Optik Rathenow,,,,,,,,Rathenow,,Rathenow (Germany),http://id.loc.gov/authorities/names/n88165110,,,,"Karl-Marx-Allee (Berlin, Germany)",lcsh,http://id.loc.gov/authorities/subjects/sh97002779,,,,Berlin (Germany),naf,http://id.loc.gov/authorities/names/n79034972,ger,eng,,,,,,,"Physical Dimensions: 10 transparencies and one plastic viewer, Images 3 x 4 cm on mount, 5 x 10 cm in box, 6 x 18 x 13 cm",Avery’s Architectural Novelties,,http://www.columbia.edu/cgi-bin/cul/resolve?clio9427856
006666,1,0,objects,aat,1953,,1953?,1953?,approximate,"Avery Architectural & Fine Arts Library, Columbia University",NNC-A,marcorg,Avery Classics Collection,,,,"Stalinallee. Viewer, closed",Stalinallee,sta_000,"Viewer, closed",,Row-Optik Rathenow,,,,,,,,Rathenow,,Rathenow (Germany),http://id.loc.gov/authorities/names/n88165110,,,,"Karl-Marx-Allee (Berlin, Germany)",lcsh,http://id.loc.gov/authorities/subjects/sh97002779,,,,Berlin (Germany),naf,http://id.loc.gov/authorities/names/n79034972,ger,eng,,,original filename: 110178011.jpg,reformatted digital,still image,,,Avery’s Architectural Novelties,https://exhibitions.cul.columbia.edu/exhibits/show/novelties/stalinallee/stalinallee,http://www.columbia.edu/cgi-bin/cul/resolve?clio9427856
006665,1,0,books,aat,1825-05-01,,"May 1, 1825","May 1, 1825",,"Avery Architectural & Fine Arts Library, Columbia University",NNC-A,marcorg,Avery Classics Collection,,,,Areaorama : a view in the Regents Park. View of side of peep show showing how it is constructed,Areaorama : a view in the Regents Park,are_003,View of side of peep show showing how it is constructed,,"Fuller, S. (Samuel)",,,"Fuller, J. (Joseph)",,,,,London (34 Rathbone Place),,London (England),http://id.loc.gov/authorities/names/n79005665,,,,Parks--England--London--Pictorial works,lcsh,,"Regent's Park (London, England)",lcsh,http://id.loc.gov/authorities/subjects/sh93002692,London (England),naf,http://id.loc.gov/authorities/names/n79005665,eng,eng,,,original filename: 110178066.jpg,reformatted digital,still image,Original Format: peepshows,,Avery’s Architectural Novelties,https://exhibitions.cul.columbia.edu/exhibits/show/novelties/tunnelbooks/areaorama,http://www.columbia.edu/cgi-bin/cul/resolve?clio9427856
006664,1,0,books,aat,1825-05-01,,"May 1, 1825","May 1, 1825",,"Avery Architectural & Fine Arts Library, Columbia University",NNC-A,marcorg,Avery Classics Collection,,,,Areaorama : a view in the Regents Park. View through peep show,Areaorama : a view in the Regents Park,are_002,View through peep show,,"Fuller, S. (Samuel)",,,"Fuller, J. (Joseph)",,,,,London (34 Rathbone Place),,London (England),http://id.loc.gov/authorities/names/n79005665,,,,Parks--England--London--Pictorial works,lcsh,,"Regent's Park (London, England)",lcsh,http://id.loc.gov/authorities/subjects/sh93002692,London (England),naf,http://id.loc.gov/authorities/names/n79005665,eng,eng,,,original filename: 110178065.jpg,reformatted digital,still image,Original Format: peepshows,,Avery’s Architectural Novelties,https://exhibitions.cul.columbia.edu/exhibits/show/novelties/tunnelbooks/areaorama,http://www.columbia.edu/cgi-bin/cul/resolve?clio9427856
006663,1,0,books,aat,1825-05-01,,"May 1, 1825","May 1, 1825",,"Avery Architectural & Fine Arts Library, Columbia University",NNC-A,marcorg,Avery Classics Collection,,,,"Areaorama : a view in the Regents Park. View of case with peep show next to it, closed",Areaorama : a view in the Regents Park,are_001,"View of case with peep show next to it, closed",,"Fuller, S. (Samuel)",,,"Fuller, J. (Joseph)",,,,,London (34 Rathbone Place),,London (England),http://id.loc.gov/authorities/names/n79005665,,,,Parks--England--London--Pictorial works,lcsh,,"Regent's Park (London, England)",lcsh,http://id.loc.gov/authorities/subjects/sh93002692,London (England),naf,http://id.loc.gov/authorities/names/n79005665,eng,eng,,,original filename: 110178064.jpg,reformatted digital,still image,Original Format: peepshows,,Avery’s Architectural Novelties,https://exhibitions.cul.columbia.edu/exhibits/show/novelties/tunnelbooks/areaorama,http://www.columbia.edu/cgi-bin/cul/resolve?clio9427856
006662,1,0,books,aat,1825-05-01,,"May 1, 1825","May 1, 1825",,"Avery Architectural & Fine Arts Library, Columbia University",NNC-A,marcorg,Avery Classics Collection,,,,Areaorama : a view in the Regents Park. View of case closed,Areaorama : a view in the Regents Park,are_000,View of case closed,,"Fuller, S. (Samuel)",,,"Fuller, J. (Joseph)",,,,,London (34 Rathbone Place),,London (England),http://id.loc.gov/authorities/names/n79005665,,,,Parks--England--London--Pictorial works,lcsh,,"Regent's Park (London, England)",lcsh,http://id.loc.gov/authorities/subjects/sh93002692,London (England),naf,http://id.loc.gov/authorities/names/n79005665,eng,eng,,,original filename: 110178063.jpg,reformatted digital,still image,Original Format: peepshows,,Avery’s Architectural Novelties,https://exhibitions.cul.columbia.edu/exhibits/show/novelties/tunnelbooks/areaorama,http://www.columbia.edu/cgi-bin/cul/resolve?clio9427856
,,,books,aat,1825-05-01,,"May 1, 1825","May 1, 1825",,"Avery Architectural & Fine Arts Library, Columbia University",NNC-A,marcorg,Avery Classics Collection,AA9065 L8 Ar31 S,"A telescopic peep show comprised of 8 hand-coloured, cut-out engravings on cardboard panels, connected top and bottom by lighter paper (folded accordian style), with a peephole on the first panel.",,Areaorama : a view in the Regents Park,Areaorama : a view in the Regents Park,are,,CLIO_8644322,"Fuller, S. (Samuel)",,,"Fuller, J. (Joseph)",,,,,London (34 Rathbone Place),,London (England),http://id.loc.gov/authorities/names/n79005665,,,,Parks--England--London--Pictorial works,lcsh,,"Regent's Park (London, England)",lcsh,http://id.loc.gov/authorities/subjects/sh93002692,London (England),naf,http://id.loc.gov/authorities/names/n79005665,eng,eng,"In slipcase, as issued.",,,,,Original Format: peepshows,"Physical Dimensions: 11 x 14 x 1 cm (closed), expanding to 75 cm (open)",Avery’s Architectural Novelties,,http://www.columbia.edu/cgi-bin/cul/resolve?clio9427856
006661,1,0,books,aat,2006,,2006,2006,,"Avery Architectural & Fine Arts Library, Columbia University",NNC-A,marcorg,Avery Classics Collection,,,,Paris. Detail of expanded peep show from the side,Paris,par_002,Detail of expanded peep show from the side,,"Davidson, Laura",naf,http://id.loc.gov/authorities/names/no93011428,,,,,,Boston,,Boston (Mass.),http://id.loc.gov/authorities/names/n79045553,,,,Paris (France)--In art,lcsh,http://id.loc.gov/authorities/subjects/sh2008116527,,,,Paris (France),naf,http://id.loc.gov/authorities/names/n79058874,eng,eng,,,original filename: 110178062.jpg,reformatted digital,still image,Original Format: peepshows,,Avery’s Architectural Novelties,https://exhibitions.cul.columbia.edu/exhibits/show/novelties/tunnelbooks/paris,http://www.columbia.edu/cgi-bin/cul/resolve?clio9427856
006660,1,0,books,aat,2006,,2006,2006,,"Avery Architectural & Fine Arts Library, Columbia University",NNC-A,marcorg,Avery Classics Collection,,,,Paris. View through peep show open,Paris,par_001,View through peep show open,,"Davidson, Laura",naf,http://id.loc.gov/authorities/names/no93011428,,,,,,Boston,,Boston (Mass.),http://id.loc.gov/authorities/names/n79045553,,,,Paris (France)--In art,lcsh,http://id.loc.gov/authorities/subjects/sh2008116527,,,,Paris (France),naf,http://id.loc.gov/authorities/names/n79058874,eng,eng,,,original filename: 110178061.jpg,reformatted digital,still image,Original Format: peepshows,,Avery’s Architectural Novelties,https://exhibitions.cul.columbia.edu/exhibits/show/novelties/tunnelbooks/paris,http://www.columbia.edu/cgi-bin/cul/resolve?clio9427856
006659,1,0,books,aat,2006,,2006,2006,,"Avery Architectural & Fine Arts Library, Columbia University",NNC-A,marcorg,Avery Classics Collection,,,,Paris. View of peep show closed,Paris,par_000,View of peep show closed,,"Davidson, Laura",naf,http://id.loc.gov/authorities/names/no93011428,,,,,,Boston,,Boston (Mass.),http://id.loc.gov/authorities/names/n79045553,,,,Paris (France)--In art,lcsh,http://id.loc.gov/authorities/subjects/sh2008116527,,,,Paris (France),naf,http://id.loc.gov/authorities/names/n79058874,eng,eng,,,original filename: 110178060.jpg,reformatted digital,still image,Original Format: peepshows,,Avery’s Architectural Novelties,https://exhibitions.cul.columbia.edu/exhibits/show/novelties/tunnelbooks/paris,http://www.columbia.edu/cgi-bin/cul/resolve?clio9427856
,,,books,aat,2006,,2006,2006,,"Avery Architectural & Fine Arts Library, Columbia University",NNC-A,marcorg,Avery Classics Collection,AA1045 D28,"A tunnel book, or peep show, that is part of an ongoing series of artists' books referencing old travel guidebooks and maps. This view of Paris is from the top floor of the Institut de Monde Arabe. The images were painted on pages from Les Guides Bleus published in 1952.",,Paris,Paris,par,,CLIO_8644340,"Davidson, Laura",naf,http://id.loc.gov/authorities/names/no93011428,,,,,,Boston,,Boston (Mass.),http://id.loc.gov/authorities/names/n79045553,,,,Paris (France)--In art,lcsh,http://id.loc.gov/authorities/subjects/sh2008116527,,,,Paris (France),naf,http://id.loc.gov/authorities/names/n79058874,eng,eng,"Images were painted directly on guidebook pages, then offset printed and accordian bound on sides by hand. Number 397 from an edition of 500. Issued in an envelope, with a hand-painted ""stamp"" of Paris pasted onto the upper right corner.",,,,,Original Format: peepshows,Physical Dimensions: 1 v. ([6)] leaves) : col. ill. ; 13 x 18 cm + 1 notebook ([18] p. : ill. ; 11 cm),Avery’s Architectural Novelties,,http://www.columbia.edu/cgi-bin/cul/resolve?clio9427856
006658,1,0,books,aat,2010,,2010,2010,,"Avery Architectural & Fine Arts Library, Columbia University",NNC-A,marcorg,Avery Classics Collection,,,,Venice : Piazza San Marco. Detail of expanded peep show from the side,Venice : Piazza San Marco,vps_002,Detail of expanded peep show from the side,,"Davidson, Laura",naf,http://id.loc.gov/authorities/names/no93011428,,,,,,Boston,,Boston (Mass.),http://id.loc.gov/authorities/names/n79045553,,,,,,,,,,Venice (Italy),naf,http://id.loc.gov/authorities/names/n79018142,eng,eng,,,original filename: 110178059.jpg,reformatted digital,still image,Original Format: peepshows,,Avery’s Architectural Novelties,https://exhibitions.cul.columbia.edu/exhibits/show/novelties/tunnelbooks/venice,http://www.columbia.edu/cgi-bin/cul/resolve?clio9427856
006657,1,0,books,aat,2010,,2010,2010,,"Avery Architectural & Fine Arts Library, Columbia University",NNC-A,marcorg,Avery Classics Collection,,,,Venice : Piazza San Marco. View through peep show open,Venice : Piazza San Marco,vps_001,View through peep show open,,"Davidson, Laura",naf,http://id.loc.gov/authorities/names/no93011428,,,,,,Boston,,Boston (Mass.),http://id.loc.gov/authorities/names/n79045553,,,,,,,,,,Venice (Italy),naf,http://id.loc.gov/authorities/names/n79018142,eng,eng,,,original filename: 110178058.jpg,reformatted digital,still image,Original Format: peepshows,,Avery’s Architectural Novelties,https://exhibitions.cul.columbia.edu/exhibits/show/novelties/tunnelbooks/venice,http://www.columbia.edu/cgi-bin/cul/resolve?clio9427856
006656,1,0,books,aat,2010,,2010,2010,,"Avery Architectural & Fine Arts Library, Columbia University",NNC-A,marcorg,Avery Classics Collection,,,,Venice : Piazza San Marco. View of peep show closed,Venice : Piazza San Marco,vps_000,View of peep show closed,,"Davidson, Laura",naf,http://id.loc.gov/authorities/names/no93011428,,,,,,Boston,,Boston (Mass.),http://id.loc.gov/authorities/names/n79045553,,,,,,,,,,Venice (Italy),naf,http://id.loc.gov/authorities/names/n79018142,eng,eng,,,original filename: 110178057.jpg,reformatted digital,still image,Original Format: peepshows,,Avery’s Architectural Novelties,https://exhibitions.cul.columbia.edu/exhibits/show/novelties/tunnelbooks/venice,http://www.columbia.edu/cgi-bin/cul/resolve?clio9427856
,,,books,aat,2010,,2010,2010,,"Avery Architectural & Fine Arts Library, Columbia University",NNC-A,marcorg,Avery Classics Collection,AA1116 V5 D28,"A tunnel book, or peep show, that is part of an ongoing series of artists' books referencing old travel guidebooks and maps.",,Venice : Piazza San Marco,Venice : Piazza San Marco,vps,,CLIO_8644341,"Davidson, Laura",naf,http://id.loc.gov/authorities/names/no93011428,,,,,,Boston,,Boston (Mass.),http://id.loc.gov/authorities/names/n79045553,,,,,,,,,,Venice (Italy),naf,http://id.loc.gov/authorities/names/n79018142,eng,eng,"Number 71 from an edition of 500. Issued in an envelope, with a hand-painted ""stamp"" of Venice pasted onto the upper right corner.","Five layers of cut-out illustrations, offset printed and accordion bound on sides by hand.",,,,Original Format: peepshows,"Physical Dimensions: 1 tunnel book (6 panels) : colored illustrations, map ; 14 x 18 cm",Avery’s Architectural Novelties,,http://www.columbia.edu/cgi-bin/cul/resolve?clio9427856
006655,1,0,prints,gmgpc,1851,,1851,1851,,"Avery Architectural & Fine Arts Library, Columbia University",NNC-A,marcorg,Avery Classics Collection,,,,Lane's telescopic view of the interior of the Great Industrial Exhibition. View of peep show open from side,Lane's telescopic view of the interior of the Great Industrial Exhibition,ltv_004,View of peep show open from side,,"Rawlins, Thomas J.",naf,http://id.loc.gov/authorities/names/n80012286,,,,,,"London, 46 Stanhope St, Hampstead Rd.",,London (England),http://id.loc.gov/authorities/names/n79005665,"Great Exhibition (1851 : London, England)",naf,http://id.loc.gov/authorities/names/n50043081,,,,,,,,,,eng,eng,,,original filename: 110178056.jpg,reformatted digital,still image,Original Format: peepshows,,Avery’s Architectural Novelties,https://exhibitions.cul.columbia.edu/exhibits/show/novelties/tunnelbooks/lanestelescopic,http://www.columbia.edu/cgi-bin/cul/resolve?clio9427856
006654,1,0,prints,gmgpc,1851,,1851,1851,,"Avery Architectural & Fine Arts Library, Columbia University",NNC-A,marcorg,Avery Classics Collection,,,,Lane's telescopic view of the interior of the Great Industrial Exhibition. View through open peep show,Lane's telescopic view of the interior of the Great Industrial Exhibition,ltv_003,View through open peep show,,"Rawlins, Thomas J.",naf,http://id.loc.gov/authorities/names/n80012286,,,,,,"London, 46 Stanhope St, Hampstead Rd.",,London (England),http://id.loc.gov/authorities/names/n79005665,"Great Exhibition (1851 : London, England)",naf,http://id.loc.gov/authorities/names/n50043081,,,,,,,,,,eng,eng,,,original filename: 110178055.jpg,reformatted digital,still image,Original Format: peepshows,,Avery’s Architectural Novelties,https://exhibitions.cul.columbia.edu/exhibits/show/novelties/tunnelbooks/lanestelescopic,http://www.columbia.edu/cgi-bin/cul/resolve?clio9427856
006653,1,0,prints,gmgpc,1851,,1851,1851,,"Avery Architectural & Fine Arts Library, Columbia University",NNC-A,marcorg,Avery Classics Collection,,,,Lane's telescopic view of the interior of the Great Industrial Exhibition. View of peep show out of case,Lane's telescopic view of the interior of the Great Industrial Exhibition,ltv_002,View of peep show out of case,,"Rawlins, Thomas J.",naf,http://id.loc.gov/authorities/names/n80012286,,,,,,"London, 46 Stanhope St, Hampstead Rd.",,London (England),http://id.loc.gov/authorities/names/n79005665,"Great Exhibition (1851 : London, England)",naf,http://id.loc.gov/authorities/names/n50043081,,,,,,,,,,eng,eng,,,original filename: 110178054.jpg,reformatted digital,still image,Original Format: peepshows,,Avery’s Architectural Novelties,https://exhibitions.cul.columbia.edu/exhibits/show/novelties/tunnelbooks/lanestelescopic,http://www.columbia.edu/cgi-bin/cul/resolve?clio9427856
006652,1,0,prints,gmgpc,1851,,1851,1851,,"Avery Architectural & Fine Arts Library, Columbia University",NNC-A,marcorg,Avery Classics Collection,,,,Lane's telescopic view of the interior of the Great Industrial Exhibition. Detail into peep show showing the towers in the center in perspective,Lane's telescopic view of the interior of the Great Industrial Exhibition,ltv_001,Detail into peep show showing the towers in the center in perspective,,"Rawlins, Thomas J.",naf,http://id.loc.gov/authorities/names/n80012286,,,,,,"London, 46 Stanhope St, Hampstead Rd.",,London (England),http://id.loc.gov/authorities/names/n79005665,"Great Exhibition (1851 : London, England)",naf,http://id.loc.gov/authorities/names/n50043081,,,,,,,,,,eng,eng,,,original filename: 110178053.jpg,reformatted digital,still image,Original Format: peepshows,,Avery’s Architectural Novelties,https://exhibitions.cul.columbia.edu/exhibits/show/novelties/tunnelbooks/lanestelescopic,http://www.columbia.edu/cgi-bin/cul/resolve?clio9427856
006651,1,0,prints,gmgpc,1851,,1851,1851,,"Avery Architectural & Fine Arts Library, Columbia University",NNC-A,marcorg,Avery Classics Collection,,,,Lane's telescopic view of the interior of the Great Industrial Exhibition. View of peep show closed in case,Lane's telescopic view of the interior of the Great Industrial Exhibition,ltv_000,View of peep show closed in case,,"Rawlins, Thomas J.",naf,http://id.loc.gov/authorities/names/n80012286,,,,,,"London, 46 Stanhope St, Hampstead Rd.",,London (England),http://id.loc.gov/authorities/names/n79005665,"Great Exhibition (1851 : London, England)",naf,http://id.loc.gov/authorities/names/n50043081,,,,,,,,,,eng,eng,,,original filename: 110178052.jpg,reformatted digital,still image,Original Format: peepshows,,Avery’s Architectural Novelties,https://exhibitions.cul.columbia.edu/exhibits/show/novelties/tunnelbooks/lanestelescopic,http://www.columbia.edu/cgi-bin/cul/resolve?clio9427856
,,,prints,gmgpc,1851,,1851,1851,,"Avery Architectural & Fine Arts Library, Columbia University",NNC-A,marcorg,Avery Classics Collection,AA6750 L8 L24,"A peep show comprised of cutout prints on board, attached to cloth at the sides, folded accordion style; extended it presents a telescopic view.",,Lane's telescopic view of the interior of the Great Industrial Exhibition,Lane's telescopic view of the interior of the Great Industrial Exhibition,ltv,,CLIO_7779289,"Rawlins, Thomas J.",naf,http://id.loc.gov/authorities/names/n80012286,,,,,,"London, 46 Stanhope St, Hampstead Rd.",,London (England),http://id.loc.gov/authorities/names/n79005665,"Great Exhibition (1851 : London, England)",naf,http://id.loc.gov/authorities/names/n50043081,,,,,,,,,,eng,eng,"Front panel has imprint: Printed by C. Moody, 257 High Holborn; signed in the stone: T.J. Rawlins del.",,,,,Original Format: peepshows,"Physical Dimensions: 10 lithograph prints, issued in slipcase, 17 x 18 cm",Avery’s Architectural Novelties,,http://www.columbia.edu/cgi-bin/cul/resolve?clio9427856
006650,1,0,objects,aat,1898,,1898,1898,,"Avery Architectural & Fine Arts Library, Columbia University",NNC-A,marcorg,Avery Classics Collection,,,,Ball der Architekten 24. Jan. 98. Clasp,Ball der Architekten 24. Jan. 98,bda_003,Clasp,,"Ludwig, Alois, 1872-1969",,,,,,,,Vienna,,Vienna (Austria),http://id.loc.gov/authorities/names/n79018895,,,,Dance cards--Specimens,lcsh,,Architects--Austria--Vienna--Social life and customs--19th century,lcsh,,,,,ger,eng,,,original filename: 110178051.jpg,reformatted digital,still image,Original Format: dance cards,,Avery’s Architectural Novelties,https://exhibitions.cul.columbia.edu/exhibits/show/novelties/dancecard/dancecard,http://www.columbia.edu/cgi-bin/cul/resolve?clio9427856
006649,1,0,objects,aat,1898,,1898,1898,,"Avery Architectural & Fine Arts Library, Columbia University",NNC-A,marcorg,Avery Classics Collection,,,,"Ball der Architekten 24. Jan. 98. Back of card, showing building",Ball der Architekten 24. Jan. 98,bda_002,"Back of card, showing building",,"Ludwig, Alois, 1872-1969",,,,,,,,Vienna,,Vienna (Austria),http://id.loc.gov/authorities/names/n79018895,,,,Dance cards--Specimens,lcsh,,Architects--Austria--Vienna--Social life and customs--19th century,lcsh,,,,,ger,eng,,,original filename: 110178050.jpg,reformatted digital,still image,Original Format: dance cards,,Avery’s Architectural Novelties,https://exhibitions.cul.columbia.edu/exhibits/show/novelties/dancecard/dancecard,http://www.columbia.edu/cgi-bin/cul/resolve?clio9427856
006648,1,0,objects,aat,1898,,1898,1898,,"Avery Architectural & Fine Arts Library, Columbia University",NNC-A,marcorg,Avery Classics Collection,,,,Ball der Architekten 24. Jan. 98. View of cards taken out of holder,Ball der Architekten 24. Jan. 98,bda_001,View of cards taken out of holder,,"Ludwig, Alois, 1872-1969",,,,,,,,Vienna,,Vienna (Austria),http://id.loc.gov/authorities/names/n79018895,,,,Dance cards--Specimens,lcsh,,Architects--Austria--Vienna--Social life and customs--19th century,lcsh,,,,,ger,eng,,,original filename: 110178049.jpg,reformatted digital,still image,Original Format: dance cards,,Avery’s Architectural Novelties,https://exhibitions.cul.columbia.edu/exhibits/show/novelties/dancecard/dancecard,http://www.columbia.edu/cgi-bin/cul/resolve?clio9427856
006647,1,0,objects,aat,1898,,1898,1898,,"Avery Architectural & Fine Arts Library, Columbia University",NNC-A,marcorg,Avery Classics Collection,,,,Ball der Architekten 24. Jan. 98. View of front card,Ball der Architekten 24. Jan. 98,bda_000,View of front card,,"Ludwig, Alois, 1872-1969",,,,,,,,Vienna,,Vienna (Austria),http://id.loc.gov/authorities/names/n79018895,,,,Dance cards--Specimens,lcsh,,Architects--Austria--Vienna--Social life and customs--19th century,lcsh,,,,,ger,eng,,,original filename: 110178048.jpg,reformatted digital,still image,Original Format: dance cards,,Avery’s Architectural Novelties,https://exhibitions.cul.columbia.edu/exhibits/show/novelties/dancecard/dancecard,http://www.columbia.edu/cgi-bin/cul/resolve?clio9427856
,,,objects,aat,1898,,1898,1898,,"Avery Architectural & Fine Arts Library, Columbia University",NNC-A,marcorg,Avery Classics Collection,AA635 B208 S,"Dance card to an architectural ball, comprised of three and a half folded postcards with title ""Nachrichten vom Ball des Architekten"", a single decorated card with the title.",Image on one postcard signed Alois Ludwig.,Ball der Architekten 24. Jan. 98,Ball der Architekten 24. Jan. 98,bda,,CLIO_9096235,"Ludwig, Alois, 1872-1969",,,,,,,,Vienna,,Vienna (Austria),http://id.loc.gov/authorities/names/n79018895,,,,Dance cards--Specimens,lcsh,,Architects--Austria--Vienna--Social life and customs--19th century,lcsh,,,,,ger,eng,Cards are housed in a brass wire form to which a wine colored ribbon is attached. Attached to the ribbon is a brass hook.,,,,,Original Format: dance cards,"Physical Dimensions: Cards, 7 x 9-8 x 11 cm",Avery’s Architectural Novelties,,http://www.columbia.edu/cgi-bin/cul/resolve?clio9427856
006646,1,0,books,aat,2010,,2010,2010,,"Avery Architectural & Fine Arts Library, Columbia University",NNC-A,marcorg,Avery Classics Collection,,,,Arch. Detail of cutouts in pages,Arch,arc_003,Detail of cutouts in pages,,Scripps College. Press,naf,http://id.loc.gov/authorities/names/n79117440,"Maryatt, Kitty",naf,http://id.loc.gov/authorities/names/n87890609,,,"Claremont, CA",,Claremont (Calif.),http://id.loc.gov/authorities/names/n79105680,,,,,,,,,,,,,eng,eng,,,original filename: 110178047.jpg,reformatted digital,still image,Original Format: artists' books,,Avery’s Architectural Novelties,https://exhibitions.cul.columbia.edu/exhibits/show/novelties/arch/arch,http://www.columbia.edu/cgi-bin/cul/resolve?clio9427856
006645,1,0,books,aat,2010,,2010,2010,,"Avery Architectural & Fine Arts Library, Columbia University",NNC-A,marcorg,Avery Classics Collection,,,,Arch. Detail of pages with one typeface,Arch,arc_002,Detail of pages with one typeface,,Scripps College. Press,naf,http://id.loc.gov/authorities/names/n79117440,"Maryatt, Kitty",naf,http://id.loc.gov/authorities/names/n87890609,,,"Claremont, CA",,Claremont (Calif.),http://id.loc.gov/authorities/names/n79105680,,,,,,,,,,,,,eng,eng,,,original filename: 110178046.jpg,reformatted digital,still image,Original Format: artists' books,,Avery’s Architectural Novelties,https://exhibitions.cul.columbia.edu/exhibits/show/novelties/arch/arch,http://www.columbia.edu/cgi-bin/cul/resolve?clio9427856
006644,1,0,books,aat,2010,,2010,2010,,"Avery Architectural & Fine Arts Library, Columbia University",NNC-A,marcorg,Avery Classics Collection,,,,Arch. View of book extended out,Arch,arc_001,View of book extended out,,Scripps College. Press,naf,http://id.loc.gov/authorities/names/n79117440,"Maryatt, Kitty",naf,http://id.loc.gov/authorities/names/n87890609,,,"Claremont, CA",,Claremont (Calif.),http://id.loc.gov/authorities/names/n79105680,,,,,,,,,,,,,eng,eng,,,original filename: 110178045.jpg,reformatted digital,still image,Original Format: artists' books,,Avery’s Architectural Novelties,https://exhibitions.cul.columbia.edu/exhibits/show/novelties/arch/arch,http://www.columbia.edu/cgi-bin/cul/resolve?clio9427856
006643,1,0,books,aat,2010,,2010,2010,,"Avery Architectural & Fine Arts Library, Columbia University",NNC-A,marcorg,Avery Classics Collection,,,,Arch. View of book in case,Arch,arc_000,View of book in case,,Scripps College. Press,naf,http://id.loc.gov/authorities/names/n79117440,"Maryatt, Kitty",naf,http://id.loc.gov/authorities/names/n87890609,,,"Claremont, CA",,Claremont (Calif.),http://id.loc.gov/authorities/names/n79105680,,,,,,,,,,,,,eng,eng,,,original filename: 110178044.jpg,reformatted digital,still image,Original Format: artists' books,,Avery’s Architectural Novelties,https://exhibitions.cul.columbia.edu/exhibits/show/novelties/arch/arch,http://www.columbia.edu/cgi-bin/cul/resolve?clio9427856
,,,books,aat,2010,,2010,2010,,"Avery Architectural & Fine Arts Library, Columbia University",NNC-A,marcorg,Avery Classics Collection,AA650 Ar2437,"Paper architects: Jenny Karin Morrill; Ali Standish; Alycia Lang; Jennifer Wineke; Mandesha Marcus; Catherine Wang; Kathryn Hunt; Ilse Wogau; Jennifer Cohen, Winnie Ding.","""This book was built by ten women paper architects. Their tools were knives and bone folders, and four Vandercook printing presses. They blended three typefaces ...: Garamond, Ehrhardt, and Fournier.""--Colophon. In a clear acrylic slipcase as issued. Edition limited to 109 copies, signed by the artists.",Arch,Arch,arc,,CLIO_7779957,Scripps College. Press,naf,http://id.loc.gov/authorities/names/n79117440,"Maryatt, Kitty",naf,http://id.loc.gov/authorities/names/n87890609,,,"Claremont, CA",,Claremont (Calif.),http://id.loc.gov/authorities/names/n79105680,,,,,,,,,,,,,eng,eng,"Book consists of double sided, accordion-folded sections sewn together in pairs; illustrated with pop-ups and papercuts and is letterpress printed.",,,,,Original Format: artists' books,"Physical Dimensions: 9 x 40 cm., in case 5 x 11 x 41 cm",Avery’s Architectural Novelties,,http://www.columbia.edu/cgi-bin/cul/resolve?clio9427856
006642,1,0,books,aat,1937,,1937,1937,,"Avery Architectural & Fine Arts Library, Columbia University",NNC-A,marcorg,Avery Classics Collection,,,,Fontainebleau en relief par les anaglyphes. Cover of book with glasses next to it,Fontainebleau en relief par les anaglyphes,fer_002,Cover of book with glasses next to it,,,,,,,,,,Paris,,Paris (France),http://id.loc.gov/authorities/names/n79058874,"Château de Fontainebleau (Fontainebleau, France)",naf,http://id.loc.gov/authorities/names/n2008027560,Castles--France,lcsh,http://id.loc.gov/authorities/subjects/sh85020712,,,,Fontainebleau (France),naf,http://id.loc.gov/authorities/names/n81071962,eng,eng,,,original filename: 110178043.jpg,reformatted digital,still image,Original Format: 3-D books,,Avery’s Architectural Novelties,https://exhibitions.cul.columbia.edu/exhibits/show/novelties/anaglyphes/fontainebleau,http://www.columbia.edu/cgi-bin/cul/resolve?clio9427856
006641,1,0,books,aat,1937,,1937,1937,,"Avery Architectural & Fine Arts Library, Columbia University",NNC-A,marcorg,Avery Classics Collection,,,,Fontainebleau en relief par les anaglyphes. View of book open,Fontainebleau en relief par les anaglyphes,fer_001,View of book open,,,,,,,,,,Paris,,Paris (France),http://id.loc.gov/authorities/names/n79058874,"Château de Fontainebleau (Fontainebleau, France)",naf,http://id.loc.gov/authorities/names/n2008027560,Castles--France,lcsh,http://id.loc.gov/authorities/subjects/sh85020712,,,,Fontainebleau (France),naf,http://id.loc.gov/authorities/names/n81071962,eng,eng,,,original filename: 110178042.jpg,reformatted digital,still image,Original Format: 3-D books,,Avery’s Architectural Novelties,https://exhibitions.cul.columbia.edu/exhibits/show/novelties/anaglyphes/fontainebleau,http://www.columbia.edu/cgi-bin/cul/resolve?clio9427856
006640,1,0,books,aat,1937,,1937,1937,,"Avery Architectural & Fine Arts Library, Columbia University",NNC-A,marcorg,Avery Classics Collection,,,,Fontainebleau en relief par les anaglyphes. Image shown through glasses,Fontainebleau en relief par les anaglyphes,fer_000,Image shown through glasses,,,,,,,,,,Paris,,Paris (France),http://id.loc.gov/authorities/names/n79058874,"Château de Fontainebleau (Fontainebleau, France)",naf,http://id.loc.gov/authorities/names/n2008027560,Castles--France,lcsh,http://id.loc.gov/authorities/subjects/sh85020712,,,,Fontainebleau (France),naf,http://id.loc.gov/authorities/names/n81071962,eng,eng,,,original filename: 110178041.jpg,reformatted digital,still image,Original Format: 3-D books,,Avery’s Architectural Novelties,https://exhibitions.cul.columbia.edu/exhibits/show/novelties/anaglyphes/istanbul,http://www.columbia.edu/cgi-bin/cul/resolve?clio9427856
,,,books,aat,1937,,1937,1937,,"Avery Architectural & Fine Arts Library, Columbia University",NNC-A,marcorg,Avery Classics Collection,AA535 F7 F738,Views in the album can be seen in relief by using the accompanying two-colour eye-glass inserted in the inside front cover.,,Fontainebleau en relief par les anaglyphes,Fontainebleau en relief par les anaglyphes,fer,,CLIO_9116815,,,,,,,,,Paris,,Paris (France),http://id.loc.gov/authorities/names/n79058874,"Château de Fontainebleau (Fontainebleau, France)",naf,http://id.loc.gov/authorities/names/n2008027560,Castles--France,lcsh,http://id.loc.gov/authorities/subjects/sh85020712,,,,Fontainebleau (France),naf,http://id.loc.gov/authorities/names/n81071962,eng,eng,Book includes 3-D glasses,,,,,Original Format: 3-D books,"Physical Dimensions: Book, 21 x 27 cm, includes 3-D glasses",Avery’s Architectural Novelties,,http://www.columbia.edu/cgi-bin/cul/resolve?clio9427856
006639,1,0,books,aat,1900,1999,19--,19--,approximate,"Avery Architectural & Fine Arts Library, Columbia University",NNC-A,marcorg,Avery Classics Collection,,,,Istanbul : kabartma fotograflarla. Cover of book with glasses next to it,Istanbul : kabartma fotograflarla,ikf_002,Cover of book with glasses next to it,,,,,,,,Saray Kitabevi,Les Éditions en Anaglyphes,Istanbul,Paris,,,,,,Istanbul (Turkey)--Pictorial works,lcsh,,,,,Istanbul (Turkey),naf,http://id.loc.gov/authorities/names/n79034985,eng,eng,,,original filename: 110178040.jpg,reformatted digital,still image,Original Format: 3-D books,,Avery’s Architectural Novelties,https://exhibitions.cul.columbia.edu/exhibits/show/novelties/anaglyphes/istanbul,http://www.columbia.edu/cgi-bin/cul/resolve?clio9427856
006638,1,0,books,aat,1900,1999,19--,19--,approximate,"Avery Architectural & Fine Arts Library, Columbia University",NNC-A,marcorg,Avery Classics Collection,,,,Istanbul : kabartma fotograflarla. View of book open,Istanbul : kabartma fotograflarla,ikf_001,View of book open,,,,,,,,Saray Kitabevi,Les Éditions en Anaglyphes,Istanbul,Paris,,,,,,Istanbul (Turkey)--Pictorial works,lcsh,,,,,Istanbul (Turkey),naf,http://id.loc.gov/authorities/names/n79034985,eng,eng,,,original filename: 110178039.jpg,reformatted digital,still image,Original Format: 3-D books,,Avery’s Architectural Novelties,https://exhibitions.cul.columbia.edu/exhibits/show/novelties/anaglyphes/istanbul,http://www.columbia.edu/cgi-bin/cul/resolve?clio9427856
006637,1,0,books,aat,1900,1999,19--,19--,approximate,"Avery Architectural & Fine Arts Library, Columbia University",NNC-A,marcorg,Avery Classics Collection,,,,Istanbul : kabartma fotograflarla. Image shown through glasses,Istanbul : kabartma fotograflarla,ikf_000,Image shown through glasses,,,,,,,,Saray Kitabevi,Les Éditions en Anaglyphes,Istanbul,Paris,,,,,,Istanbul (Turkey)--Pictorial works,lcsh,,,,,Istanbul (Turkey),naf,http://id.loc.gov/authorities/names/n79034985,eng,eng,,,original filename: 110178038.jpg,reformatted digital,still image,Original Format: 3-D books,,Avery’s Architectural Novelties,https://exhibitions.cul.columbia.edu/exhibits/show/novelties/anaglyphes/fontainebleau,http://www.columbia.edu/cgi-bin/cul/resolve?clio9427856
,,,books,aat,1900,1999,19--,19--,approximate,"Avery Architectural & Fine Arts Library, Columbia University",NNC-A,marcorg,Avery Classics Collection,AA1365 Is76,"Views of Museum of Ayasophia, Cistern of Philoxenius, Aqueducto of Valance, Mosque of Sultan Ahmet (Blue Mosque), Fountain of Ahmet III, University Gate, Mosque of Süleymaniye, Mosque of Beyazit, Old Seraglio: Pavilion of Bagdat, Old Seraglio: Pavilion of Revan, Mosque of Yenicami, Interior View of the Mosque of Süleymaniye, the Courtyard of the Mosque of Beyazıt, the Palace of Dolmabahçe, the Tower of the Bosphorus, Independence Street (İstiklâl Cad.), Eyüb and the Golden Horn",,Istanbul : kabartma fotograflarla,Istanbul : kabartma fotograflarla,ikf,,CLIO_9116762,,,,,,,Saray Kitabevi,Les Éditions en Anaglyphes,Istanbul,Paris,,,,,,Istanbul (Turkey)--Pictorial works,lcsh,,,,,Istanbul (Turkey),naf,http://id.loc.gov/authorities/names/n79034985,eng,eng,Views in the album can be seen in relief by using the accompanying two-colour eye-glass inserted in the inside front cover,,,,,Original Format: 3-D books,Physical Dimensions: 21 x 27 cm,Avery’s Architectural Novelties,,http://www.columbia.edu/cgi-bin/cul/resolve?clio9427856
006636,1,0,playing cards,aat,1990,,circa 1990,circa 1990,,"Avery Architectural & Fine Arts Library, Columbia University",NNC-A,marcorg,Avery Classics Collection,,,,"Play architecture. View with cards fanned out, 2",Play architecture,pla_003,"View with cards fanned out, 2",,"Rakennustieto Oy (Helsinki, Finland)",naf,http://id.loc.gov/authorities/names/n95043084,,,,,,Helsinki,,Helsinki (Finland),http://id.loc.gov/authorities/names/n80123283,,,,"Architecture, Modern--20th century",lcsh,http://id.loc.gov/authorities/subjects/sh85006834,,,,,,,rus,eng,,,original filename: 110178037.jpg,reformatted digital,still image,,,Avery’s Architectural Novelties,https://exhibitions.cul.columbia.edu/exhibits/show/novelties/decksofcards/playarchitecture,http://www.columbia.edu/cgi-bin/cul/resolve?clio9427856
006635,1,0,playing cards,aat,1990,,circa 1990,circa 1990,,"Avery Architectural & Fine Arts Library, Columbia University",NNC-A,marcorg,Avery Classics Collection,,,,Play architecture. View with cards fanned out,Play architecture,pla_002,View with cards fanned out,,"Rakennustieto Oy (Helsinki, Finland)",naf,http://id.loc.gov/authorities/names/n95043084,,,,,,Helsinki,,Helsinki (Finland),http://id.loc.gov/authorities/names/n80123283,,,,"Architecture, Modern--20th century",lcsh,http://id.loc.gov/authorities/subjects/sh85006834,,,,,,,rus,eng,,,original filename: 110178036.jpg,reformatted digital,still image,,,Avery’s Architectural Novelties,https://exhibitions.cul.columbia.edu/exhibits/show/novelties/decksofcards/playarchitecture,http://www.columbia.edu/cgi-bin/cul/resolve?clio9427856
006634,1,0,playing cards,aat,1990,,circa 1990,circa 1990,,"Avery Architectural & Fine Arts Library, Columbia University",NNC-A,marcorg,Avery Classics Collection,,,,Play architecture. Reverse of title card (rules),Play architecture,pla_001,Reverse of title card (rules),,"Rakennustieto Oy (Helsinki, Finland)",naf,http://id.loc.gov/authorities/names/n95043084,,,,,,Helsinki,,Helsinki (Finland),http://id.loc.gov/authorities/names/n80123283,,,,"Architecture, Modern--20th century",lcsh,http://id.loc.gov/authorities/subjects/sh85006834,,,,,,,rus,eng,,,original filename: 110178035.jpg,reformatted digital,still image,,,Avery’s Architectural Novelties,https://exhibitions.cul.columbia.edu/exhibits/show/novelties/decksofcards/playarchitecture,http://www.columbia.edu/cgi-bin/cul/resolve?clio9427856
006633,1,0,playing cards,aat,1990,,circa 1990,circa 1990,,"Avery Architectural & Fine Arts Library, Columbia University",NNC-A,marcorg,Avery Classics Collection,,,,Play architecture. Image of cards in case with title card on top,Play architecture,pla_000,Image of cards in case with title card on top,,"Rakennustieto Oy (Helsinki, Finland)",naf,http://id.loc.gov/authorities/names/n95043084,,,,,,Helsinki,,Helsinki (Finland),http://id.loc.gov/authorities/names/n80123283,,,,"Architecture, Modern--20th century",lcsh,http://id.loc.gov/authorities/subjects/sh85006834,,,,,,,rus,eng,,,original filename: 110178034.jpg,reformatted digital,still image,,,Avery’s Architectural Novelties,https://exhibitions.cul.columbia.edu/exhibits/show/novelties/decksofcards/playarchitecture,http://www.columbia.edu/cgi-bin/cul/resolve?clio9427856
,,,playing cards,aat,1990,,circa 1990,circa 1990,,"Avery Architectural & Fine Arts Library, Columbia University",NNC-A,marcorg,Avery Classics Collection,AA650 P698 S,Deck of cards containing portraits of twentieth-century architects and buildings,"The theme of the pack is twentieth century architecture, the four suites: [diamonds] pre-modernism, [spades] modernism, [hearts] post-modernism, [clubs] de-structuralism",Play architecture,Play architecture,pla,,CLIO_5494709,"Rakennustieto Oy (Helsinki, Finland)",naf,http://id.loc.gov/authorities/names/n95043084,,,,,,Helsinki,,Helsinki (Finland),http://id.loc.gov/authorities/names/n80123283,,,,"Architecture, Modern--20th century",lcsh,http://id.loc.gov/authorities/subjects/sh85006834,,,,,,,rus,eng,,,,,,,"Physical Dimensions: Standard 54-card deck, plus one title card in a plastic box, 9 x 6 cm",Avery’s Architectural Novelties,,http://www.columbia.edu/cgi-bin/cul/resolve?clio9427856
006632,1,0,photographs,aat,1904,,circa 1904,circa 1904,approximate,"Avery Architectural & Fine Arts Library, Columbia University",NNC-A,marcorg,Avery Classics Collection,,,,St. Louis Exposition in a Nutshell. Detail of an interior foldout including an architect's name,St. Louis Exposition in a Nutshell,sle_002,Detail of an interior foldout including an architect's name,,Nutshell Novelty Company,,,,,,,,"Chicago, IL",,Chicago (Ill.),http://id.loc.gov/authorities/names/n78086438,"Louisiana Purchase Exposition Co. (Saint Louis, Mo.)",naf,http://id.loc.gov/authorities/names/n91094010,,,,,,,,,,eng,eng,,,original filename: 110178033.jpg,reformatted digital,still image,,,Avery’s Architectural Novelties,https://exhibitions.cul.columbia.edu/exhibits/show/novelties/stlouisinanutshell/stlouisinanutshell,http://www.columbia.edu/cgi-bin/cul/resolve?clio9427856
006631,1,0,photographs,aat,1904,,circa 1904,circa 1904,approximate,"Avery Architectural & Fine Arts Library, Columbia University",NNC-A,marcorg,Avery Classics Collection,,,,St. Louis Exposition in a Nutshell. Open nutshell showing opening of photographs inside,St. Louis Exposition in a Nutshell,sle_001,Open nutshell showing opening of photographs inside,,Nutshell Novelty Company,,,,,,,,"Chicago, IL",,Chicago (Ill.),http://id.loc.gov/authorities/names/n78086438,"Louisiana Purchase Exposition Co. (Saint Louis, Mo.)",naf,http://id.loc.gov/authorities/names/n91094010,,,,,,,,,,eng,eng,,,original filename: 110178032.jpg,reformatted digital,still image,,,Avery’s Architectural Novelties,https://exhibitions.cul.columbia.edu/exhibits/show/novelties/stlouisinanutshell/stlouisinanutshell,http://www.columbia.edu/cgi-bin/cul/resolve?clio9427856
006630,1,0,photographs,aat,1904,,circa 1904,circa 1904,approximate,"Avery Architectural & Fine Arts Library, Columbia University",NNC-A,marcorg,Avery Classics Collection,,,,St. Louis Exposition in a Nutshell. Closed nutshell,St. Louis Exposition in a Nutshell,sle_000,Closed nutshell,,Nutshell Novelty Company,,,,,,,,"Chicago, IL",,Chicago (Ill.),http://id.loc.gov/authorities/names/n78086438,"Louisiana Purchase Exposition Co. (Saint Louis, Mo.)",naf,http://id.loc.gov/authorities/names/n91094010,,,,,,,,,,eng,eng,,,original filename: 110178031.jpg,reformatted digital,still image,,,Avery’s Architectural Novelties,https://exhibitions.cul.columbia.edu/exhibits/show/novelties/stlouisinanutshell/stlouisinanutshell,http://www.columbia.edu/cgi-bin/cul/resolve?clio9427856
,,,photographs,aat,1904,,circa 1904,circa 1904,approximate,"Avery Architectural & Fine Arts Library, Columbia University",NNC-A,marcorg,Avery Classics Collection,AA6750 Sa2 1904 N8,Nutshell case containing photographic views of the Louisiana Purchase Exposition held in St. Louis in 1904,,St. Louis Exposition in a Nutshell,St. Louis Exposition in a Nutshell,sle,,CLIO_600865,Nutshell Novelty Company,,,,,,,,"Chicago, IL",,Chicago (Ill.),http://id.loc.gov/authorities/names/n78086438,"Louisiana Purchase Exposition Co. (Saint Louis, Mo.)",naf,http://id.loc.gov/authorities/names/n91094010,,,,,,,,,,eng,eng,"Photographs of the exposition mounted on accordion-style paper, enclosed in a nutshell case with a red, white, and blue string tie",,,,,,"Physical Dimensions: 1-1/2"" length of nutshell",Avery’s Architectural Novelties,,http://www.columbia.edu/cgi-bin/cul/resolve?clio9427856
006629,1,0,photographs,aat,1870,1876,between 1870 and 1877,between 1870 and 1877,approximate,"Avery Architectural & Fine Arts Library, Columbia University",NNC-A,marcorg,Avery Classics Collection,,,,Buildings in New York. Case open showing photographs on accordion folds within,Buildings in New York,bny_001,Case open showing photographs on accordion folds within,,Boston Diatite Company,,,,,,,,"Boston, MA",,Boston (Mass.),http://id.loc.gov/authorities/names/n79045553,,,,"New York (N.Y.)--Buildings, structures, etc",lcsh,http://id.loc.gov/authorities/subjects/sh2008116320,,,,,,,eng,eng,,,original filename: 110178030.jpg,reformatted digital,still image,,,Avery’s Architectural Novelties,https://exhibitions.cul.columbia.edu/exhibits/show/novelties/buildingsofnyc/buildingsofnyc,http://www.columbia.edu/cgi-bin/cul/resolve?clio9427856
006628,1,0,photographs,aat,1870,1876,between 1870 and 1876,between 1870 and 1876,approximate,"Avery Architectural & Fine Arts Library, Columbia University",NNC-A,marcorg,Avery Classics Collection,,,,"Buildings in New York. Case cover, closed",Buildings in New York,bny_000,"Case cover, closed",,Boston Diatite Company,,,,,,,,"Boston, MA",,Boston (Mass.),http://id.loc.gov/authorities/names/n79045553,,,,"New York (N.Y.)--Buildings, structures, etc",lcsh,http://id.loc.gov/authorities/subjects/sh2008116320,,,,,,,eng,eng,,,original filename: 110178029.jpg,reformatted digital,still image,,,Avery’s Architectural Novelties,https://exhibitions.cul.columbia.edu/exhibits/show/novelties/buildingsofnyc/buildingsofnyc,http://www.columbia.edu/cgi-bin/cul/resolve?clio9427856
,,,photographs,aat,1870,1876,between 1870 and 1876,between 1870 and 1876,approximate,"Avery Architectural & Fine Arts Library, Columbia University",NNC-A,marcorg,Avery Classics Collection,AA735 N4 1870 B65 S,"Albumen photographs of St. George's Church, Tabernacle Church, Academy of Design, Union Square, Grand Hotel, Grand Opera House, Academy of Music, Residence of A.T. Stewart, City Hall, Everett House, Union League House, St. Luke's Hospital.",,Buildings in New York,Buildings in New York,bny,,CLIO_573808,Boston Diatite Company,,,,,,,,"Boston, MA",,Boston (Mass.),http://id.loc.gov/authorities/names/n79045553,,,,"New York (N.Y.)--Buildings, structures, etc",lcsh,http://id.loc.gov/authorities/subjects/sh2008116320,,,,,,,eng,eng,"Housed in and attached to a covered round thermoplastic case (2"" in diameter).",,,,,,"Physical Dimensions: Comprises twelve round albumen print photos, mounted accordion-style on one folded strip of paper; 2"" diameter for case",Avery’s Architectural Novelties,,http://www.columbia.edu/cgi-bin/cul/resolve?clio9427856
006627,1,0,objects,aat,1887,1893,between 1887 and 1895,between 1887 and 1895,approximate,"Avery Architectural & Fine Arts Library, Columbia University",NNC-A,marcorg,Avery Classics Collection,,,,"Sherwin-Williams paints for exterior and interior use on structures, vehicles, etc. Close-up of several dissembled puzzle pieces","Sherwin-Williams paints for exterior and interior use on structures, vehicles, etc.",swp_002,Close-up of several dissembled puzzle pieces,,Sherwin-Williams Company,naf,http://id.loc.gov/authorities/names/n89651863,"Clemens, E. J.",naf,http://id.loc.gov/authorities/names/no2002062407,,,"Clayville, NY",,Oneida County (N.Y.),http://id.loc.gov/authorities/names/n80073548,Sherwin-Williams Company,naf,http://id.loc.gov/authorities/names/n89651863,Paint industry and trade,lcsh,http://id.loc.gov/authorities/subjects/sh85096629,Paint industry and trade--Ohio--Cleveland--Pictorial works,lcsh,,,,,eng,eng,,,original filename: 110178028.jpg,reformatted digital,still image,,,Avery’s Architectural Novelties,https://exhibitions.cul.columbia.edu/exhibits/show/novelties/sherwinwilliams/sherwinwilliams,http://www.columbia.edu/cgi-bin/cul/resolve?clio9427856
006626,1,0,objects,aat,1887,1893,between 1887 and 1894,between 1887 and 1894,approximate,"Avery Architectural & Fine Arts Library, Columbia University",NNC-A,marcorg,Avery Classics Collection,,,,"Sherwin-Williams paints for exterior and interior use on structures, vehicles, etc. Whole puzzle with all pieces completed, United States map side up","Sherwin-Williams paints for exterior and interior use on structures, vehicles, etc.",swp_001,"Whole puzzle with all pieces completed, United States map side up",,Sherwin-Williams Company,naf,http://id.loc.gov/authorities/names/n89651863,"Clemens, E. J.",naf,http://id.loc.gov/authorities/names/no2002062407,,,"Clayville, NY",,Oneida County (N.Y.),http://id.loc.gov/authorities/names/n80073548,Sherwin-Williams Company,naf,http://id.loc.gov/authorities/names/n89651863,Paint industry and trade,lcsh,http://id.loc.gov/authorities/subjects/sh85096629,Paint industry and trade--Ohio--Cleveland--Pictorial works,lcsh,,,,,eng,eng,,,original filename: 110178027.jpg,reformatted digital,still image,,,Avery’s Architectural Novelties,https://exhibitions.cul.columbia.edu/exhibits/show/novelties/sherwinwilliams/sherwinwilliams,http://www.columbia.edu/cgi-bin/cul/resolve?clio9427856
006625,1,0,objects,aat,1887,1893,between 1887 and 1893,between 1887 and 1893,approximate,"Avery Architectural & Fine Arts Library, Columbia University",NNC-A,marcorg,Avery Classics Collection,,,,"Sherwin-Williams paints for exterior and interior use on structures, vehicles, etc. Whole puzzle with all pieces completed, Sherwin-Williams advertisement side up","Sherwin-Williams paints for exterior and interior use on structures, vehicles, etc.",swp_000,"Whole puzzle with all pieces completed, Sherwin-Williams advertisement side up",,Sherwin-Williams Company,naf,http://id.loc.gov/authorities/names/n89651863,"Clemens, E. J.",naf,http://id.loc.gov/authorities/names/no2002062407,,,"Clayville, NY",,Oneida County (N.Y.),http://id.loc.gov/authorities/names/n80073548,Sherwin-Williams Company,naf,http://id.loc.gov/authorities/names/n89651863,Paint industry and trade,lcsh,http://id.loc.gov/authorities/subjects/sh85096629,Paint industry and trade--Ohio--Cleveland--Pictorial works,lcsh,,,,,eng,eng,,,original filename: 110178026.jpg,reformatted digital,still image,,,Avery’s Architectural Novelties,https://exhibitions.cul.columbia.edu/exhibits/show/novelties/sherwinwilliams/sherwinwilliams,http://www.columbia.edu/cgi-bin/cul/resolve?clio9427856
,,,objects,aat,1887,1893,between 1887 and 1893,between 1887 and 1893,approximate,"Avery Architectural & Fine Arts Library, Columbia University",NNC-A,marcorg,Avery Classics Collection,AT6050 SH58 1887 F,Double-sided jigsaw puzzle with an advertisement for Sherwin-Williams paints on one side and Clemens' map of the United States on the other,,"Sherwin-Williams paints for exterior and interior use on structures, vehicles, etc.","Sherwin-Williams paints for exterior and interior use on structures, vehicles, etc.",swp,,CLIO_6444583,Sherwin-Williams Company,naf,http://id.loc.gov/authorities/names/n89651863,"Clemens, E. J.",naf,http://id.loc.gov/authorities/names/no2002062407,,,"Clayville, NY",,Oneida County (N.Y.),http://id.loc.gov/authorities/names/n80073548,Sherwin-Williams Company,naf,http://id.loc.gov/authorities/names/n89651863,Paint industry and trade,lcsh,http://id.loc.gov/authorities/subjects/sh85096629,Paint industry and trade--Ohio--Cleveland--Pictorial works,lcsh,,,,,eng,eng,,,,,,,"Physical Dimensions: Jigsaw puzzle with 49 pieces, paper glued on wood; 29 x 40 cm",Avery’s Architectural Novelties,,http://www.columbia.edu/cgi-bin/cul/resolve?clio9427856
006624,1,0,photographs,aat,1852,,1852,1852,,"Avery Architectural & Fine Arts Library, Columbia University",NNC-A,marcorg,Avery Classics Collection,,,,Views of the interior and exterior of Windsor Castle : forming a supplemental volume to the Mansions of England. View with cards fanned out,Views of the interior and exterior of Windsor Castle : forming a supplemental volume to the Mansions of England,vie_002,View with cards fanned out,,"Nash, Joseph, 1809-1878",naf,http://id.loc.gov/authorities/names/no2002088311,,,,,,London,,London (England),http://id.loc.gov/authorities/names/n79005665,Windsor Castle,naf,http://id.loc.gov/authorities/names/n50067807,,,,,,,,,,eng,eng,,,original filename: 110178025.jpg,reformatted digital,still image,,,Avery’s Architectural Novelties,https://exhibitions.cul.columbia.edu/exhibits/show/novelties/decksofcards/windsorcastle,http://www.columbia.edu/cgi-bin/cul/resolve?clio9427856
006623,1,0,photographs,aat,1852,,1852,1852,,"Avery Architectural & Fine Arts Library, Columbia University",NNC-A,marcorg,Avery Classics Collection,,,,"Views of the interior and exterior of Windsor Castle : forming a supplemental volume to the Mansions of England. Front of leather case, open, with cards arranged next to it in a stack",Views of the interior and exterior of Windsor Castle : forming a supplemental volume to the Mansions of England,vie_001,"Front of leather case, open, with cards arranged next to it in a stack",,"Nash, Joseph, 1809-1878",naf,http://id.loc.gov/authorities/names/no2002088311,,,,,,London,,London (England),http://id.loc.gov/authorities/names/n79005665,Windsor Castle,naf,http://id.loc.gov/authorities/names/n50067807,,,,,,,,,,eng,eng,,,original filename: 110178024.jpg,reformatted digital,still image,,,Avery’s Architectural Novelties,https://exhibitions.cul.columbia.edu/exhibits/show/novelties/decksofcards/windsorcastle,http://www.columbia.edu/cgi-bin/cul/resolve?clio9427856
006622,1,0,photographs,aat,1852,,1852,1852,,"Avery Architectural & Fine Arts Library, Columbia University",NNC-A,marcorg,Avery Classics Collection,,,,"Views of the interior and exterior of Windsor Castle : forming a supplemental volume to the Mansions of England. Front of leather case, closed",Views of the interior and exterior of Windsor Castle : forming a supplemental volume to the Mansions of England,vie_000,"Front of leather case, closed",,"Nash, Joseph, 1809-1878",naf,http://id.loc.gov/authorities/names/no2002088311,,,,,,London,,London (England),http://id.loc.gov/authorities/names/n79005665,Windsor Castle,naf,http://id.loc.gov/authorities/names/n50067807,,,,,,,,,,eng,eng,,,original filename: 110178023.jpg,reformatted digital,still image,,,Avery’s Architectural Novelties,https://exhibitions.cul.columbia.edu/exhibits/show/novelties/decksofcards/windsorcastle,http://www.columbia.edu/cgi-bin/cul/resolve?clio9427856
,,,photographs,aat,1852,,1852,1852,,"Avery Architectural & Fine Arts Library, Columbia University",NNC-A,marcorg,Avery Classics Collection,AA447 W6 N2533 S,"Interior and exterior views of Windsor castle, forming a supplement to Joseph Nash's Mansions of England",,Views of the interior and exterior of Windsor Castle : forming a supplemental volume to the Mansions of England,Views of the interior and exterior of Windsor Castle : forming a supplemental volume to the Mansions of England,vie,,CLIO_8554732,"Nash, Joseph, 1809-1878",naf,http://id.loc.gov/authorities/names/no2002088311,,,,,,London,,London (England),http://id.loc.gov/authorities/names/n79005665,Windsor Castle,naf,http://id.loc.gov/authorities/names/n50067807,,,,,,,,,,eng,eng,,,,,,,"Physical Dimensions: Red leather case containing 25 photoprints, 7 x 11 cm",Avery’s Architectural Novelties,,http://www.columbia.edu/cgi-bin/cul/resolve?clio9427856
006621,1,0,books,aat,1970,,1970,1970,,"Avery Architectural & Fine Arts Library, Columbia University",NNC-A,marcorg,Avery Classics Collection,,,,Documenta; the Paolo Soleri retrospective. View of case closed,Documenta; the Paolo Soleri retrospective,dps_003,View of case closed,,"Wall, Donald",naf,http://id.loc.gov/authorities/names/n50019631,,,,Corcoran Gallery of Art,,Washington (D.C.),,Washington (D.C.),http://id.loc.gov/authorities/names/n79018774,"Soleri, Paolo, 1919-2013",naf,http://id.loc.gov/authorities/names/n50016748,,,,,,,,,,eng,eng,,,Original Filename: 110178022.jpg,reformatted digital,still image,,,Avery’s Architectural Novelties,https://exhibitions.cul.columbia.edu/exhibits/show/novelties/documenta/documenta,http://www.columbia.edu/cgi-bin/cul/resolve?clio9427856
006620,1,0,books,aat,1970,,1970,1970,,"Avery Architectural & Fine Arts Library, Columbia University",NNC-A,marcorg,Avery Classics Collection,,,,Documenta; the Paolo Soleri retrospective. View of case open,Documenta; the Paolo Soleri retrospective,dps_002,View of case open,,"Wall, Donald",naf,http://id.loc.gov/authorities/names/n50019631,,,,Corcoran Gallery of Art,,Washington (D.C.),,Washington (D.C.),http://id.loc.gov/authorities/names/n79018774,"Soleri, Paolo, 1919-2013",naf,http://id.loc.gov/authorities/names/n50016748,,,,,,,,,,eng,eng,,,Original Filename: 110178021.jpg,reformatted digital,still image,,,Avery’s Architectural Novelties,https://exhibitions.cul.columbia.edu/exhibits/show/novelties/documenta/documenta,http://www.columbia.edu/cgi-bin/cul/resolve?clio9427856
006619,1,0,books,aat,1970,,1970,1970,,"Avery Architectural & Fine Arts Library, Columbia University",NNC-A,marcorg,Avery Classics Collection,,,,"Documenta; the Paolo Soleri retrospective. Unrolled illustration with case, 2",Documenta; the Paolo Soleri retrospective,dps_001,"Unrolled illustration with case, 2",,"Wall, Donald",naf,http://id.loc.gov/authorities/names/n50019631,,,,Corcoran Gallery of Art,,Washington (D.C.),,Washington (D.C.),http://id.loc.gov/authorities/names/n79018774,"Soleri, Paolo, 1919-2013",naf,http://id.loc.gov/authorities/names/n50016748,,,,,,,,,,eng,eng,,,Original Filename: 110178020.jpg,reformatted digital,still image,,,Avery’s Architectural Novelties,https://exhibitions.cul.columbia.edu/exhibits/show/novelties/documenta/documenta,http://www.columbia.edu/cgi-bin/cul/resolve?clio9427856
006618,1,0,books,aat,1970,,1970,1970,,"Avery Architectural & Fine Arts Library, Columbia University",NNC-A,marcorg,Avery Classics Collection,,,,Documenta; the Paolo Soleri retrospective. Unrolled illustration with case,Documenta; the Paolo Soleri retrospective,dps_000,Unrolled illustration with case,,"Wall, Donald",naf,http://id.loc.gov/authorities/names/n50019631,,,,Corcoran Gallery of Art,,Washington (D.C.),,Washington (D.C.),http://id.loc.gov/authorities/names/n79018774,"Soleri, Paolo, 1919-2013",naf,http://id.loc.gov/authorities/names/n50016748,,,,,,,,,,eng,eng,,,Original Filename: 110178019.jpg,reformatted digital,still image,,,Avery’s Architectural Novelties,https://exhibitions.cul.columbia.edu/exhibits/show/novelties/documenta/documenta,http://www.columbia.edu/cgi-bin/cul/resolve?clio9427856
,,,books,aat,1970,,1970,1970,,"Avery Architectural & Fine Arts Library, Columbia University",NNC-A,marcorg,Avery Classics Collection,AA685 So43 W1533,"Catalog of an exhibition held at the Corcoran Gallery of Art, February 20-April 5, 1970",,Documenta; the Paolo Soleri retrospective,Documenta; the Paolo Soleri retrospective,dps,,CLIO_348807,"Wall, Donald",naf,http://id.loc.gov/authorities/names/n50019631,,,,Corcoran Gallery of Art,,Washington (D.C.),,Washington (D.C.),http://id.loc.gov/authorities/names/n79018774,"Soleri, Paolo, 1919-2013",naf,http://id.loc.gov/authorities/names/n50016748,,,,,,,,,,eng,eng,,,,,,,"Physical Dimensions: 84 pages (including cover), illustrations 25 cm., and case (with 16 rolls of illustrations) 28 cm.",Avery’s Architectural Novelties,,http://www.columbia.edu/cgi-bin/cul/resolve?clio9427856
006617,1,0,photographs,aat,1875,,circa 1875?,circa 1875?,approximate,"Avery Architectural & Fine Arts Library, Columbia University",NNC-A,marcorg,Avery Classics Collection,,,,Masonic Temple New York City. Close-up of three cards,Masonic Temple New York City,mtn_002,Close-up of three cards,,E. & H.T. Anthony (Firm),naf,http://id.loc.gov/authorities/names/n79021575,,,,,,New York,,New York (N.Y.),http://id.loc.gov/authorities/names/n79007751,"Le Brun, Napoleon, 1821-1901",naf,http://id.loc.gov/authorities/names/nr93019642,Freemasons,fast,http://id.worldcat.org/fast/533636,Buildings,fast,http://id.worldcat.org/fast/840962,,,,eng,eng,,,original filename: 110178018.jpg,reformatted digital,still image,,,Avery’s Architectural Novelties,https://exhibitions.cul.columbia.edu/exhibits/show/novelties/masonictemple/masonictemple,http://www.columbia.edu/cgi-bin/cul/resolve?clio9427856
006616,1,0,photographs,aat,1875,,circa 1875?,circa 1875?,approximate,"Avery Architectural & Fine Arts Library, Columbia University",NNC-A,marcorg,Avery Classics Collection,,,,"Masonic Temple New York City. View of case, open with cards fanned out",Masonic Temple New York City,mtn_001,"View of case, open with cards fanned out",,E. & H.T. Anthony (Firm),naf,http://id.loc.gov/authorities/names/n79021575,,,,,,New York,,New York (N.Y.),http://id.loc.gov/authorities/names/n79007751,"Le Brun, Napoleon, 1821-1901",naf,http://id.loc.gov/authorities/names/nr93019642,Freemasons,fast,http://id.worldcat.org/fast/533636,Buildings,fast,http://id.worldcat.org/fast/840962,,,,eng,eng,,,original filename: 110178017.jpg,reformatted digital,still image,,,Avery’s Architectural Novelties,https://exhibitions.cul.columbia.edu/exhibits/show/novelties/masonictemple/masonictemple,http://www.columbia.edu/cgi-bin/cul/resolve?clio9427856
006615,1,0,photographs,aat,1875,,circa 1875?,circa 1875?,approximate,"Avery Architectural & Fine Arts Library, Columbia University",NNC-A,marcorg,Avery Classics Collection,,,,"Masonic Temple New York City. View of case, closed",Masonic Temple New York City,mtn_000,"View of case, closed",,E. & H.T. Anthony (Firm),naf,http://id.loc.gov/authorities/names/n79021575,,,,,,New York,,New York (N.Y.),http://id.loc.gov/authorities/names/n79007751,"Le Brun, Napoleon, 1821-1901",naf,http://id.loc.gov/authorities/names/nr93019642,Freemasons,fast,http://id.worldcat.org/fast/533636,Buildings,fast,http://id.worldcat.org/fast/840962,,,,eng,eng,,,original filename: 110178016.jpg,reformatted digital,still image,,,Avery’s Architectural Novelties,,http://www.columbia.edu/cgi-bin/cul/resolve?clio9427856
,,,photographs,aat,1875,,circa 1875?,circa 1875?,approximate,"Avery Architectural & Fine Arts Library, Columbia University",NNC-A,marcorg,Avery Classics Collection,AA735 N4 ZM383 S,"Stereographs of the Masonic Temple located on the northeast corner of 23rd Street and 6th Avenue. The building was designed by N. Le Brun, its cornerstone laid on June 8th, 1870. The building was dedicated on June 2nd 1875.",,Masonic Temple New York City,Masonic Temple New York City,mtn,,CLIO_6030281,E. & H.T. Anthony (Firm),naf,http://id.loc.gov/authorities/names/n79021575,,,,,,New York,,New York (N.Y.),http://id.loc.gov/authorities/names/n79007751,"Le Brun, Napoleon, 1821-1901",naf,http://id.loc.gov/authorities/names/nr93019642,Freemasons,fast,http://id.worldcat.org/fast/533636,Buildings,fast,http://id.worldcat.org/fast/840962,,,,eng,eng,,,,,,,"Physical Dimensions: 26 photographic prints on stereo cards, 11 x 18 cm",Avery’s Architectural Novelties,,http://www.columbia.edu/cgi-bin/cul/resolve?clio9427856
006614,1,0,objects,aat,1880,1890,between 1880 and 1890,between 1880 and 1890,approximate,"Avery Architectural & Fine Arts Library, Columbia University",NNC-A,marcorg,Avery Classics Collection,,,,"Saint Augustine, Florida. View of novelty from other side","Saint Augustine, Florida",saf_002,View of novelty from other side,,,,,,,,,,"Saint Augustine, Florida?",,,,,,,"Saint Augustine (Fla.)--Buildings, structures, etc.--Pictorial works",lcsh,,,,,Saint Augustine (Fla.),naf,http://id.loc.gov/authorities/names/n79095312,eng,eng,,,original filename: 110178015.jpg,reformatted digital,still image,,,Avery’s Architectural Novelties,https://exhibitions.cul.columbia.edu/exhibits/show/novelties/souvenirs/staugustine,http://www.columbia.edu/cgi-bin/cul/resolve?clio9427856
006613,1,0,objects,aat,1880,1890,between 1880 and 1890,between 1880 and 1890,approximate,"Avery Architectural & Fine Arts Library, Columbia University",NNC-A,marcorg,Avery Classics Collection,,,,"Saint Augustine, Florida. View of novelty from side","Saint Augustine, Florida",saf_001,View of novelty from side,,,,,,,,,,"Saint Augustine, Florida?",,,,,,,"Saint Augustine (Fla.)--Buildings, structures, etc.--Pictorial works",lcsh,,,,,Saint Augustine (Fla.),naf,http://id.loc.gov/authorities/names/n79095312,eng,eng,,,original filename: 110178014.jpg,reformatted digital,still image,,,Avery’s Architectural Novelties,https://exhibitions.cul.columbia.edu/exhibits/show/novelties/souvenirs/staugustine,http://www.columbia.edu/cgi-bin/cul/resolve?clio9427856
006612,1,0,objects,aat,1880,1890,between 1880 and 1890,between 1880 and 1890,approximate,"Avery Architectural & Fine Arts Library, Columbia University",NNC-A,marcorg,Avery Classics Collection,,,,"Saint Augustine, Florida. View of novelty from top","Saint Augustine, Florida",saf_000,View of novelty from top,,,,,,,,,,"Saint Augustine, Florida?",,,,,,,"Saint Augustine (Fla.)--Buildings, structures, etc.--Pictorial works",lcsh,,,,,Saint Augustine (Fla.),naf,http://id.loc.gov/authorities/names/n79095312,eng,eng,,,original filename: 110178013.jpg,reformatted digital,still image,,,Avery’s Architectural Novelties,https://exhibitions.cul.columbia.edu/exhibits/show/novelties/souvenirs/staugustine,http://www.columbia.edu/cgi-bin/cul/resolve?clio9427856
,,,objects,aat,1880,1890,between 1880 and 1890,between 1880 and 1890,approximate,"Avery Architectural & Fine Arts Library, Columbia University",NNC-A,marcorg,Avery Classics Collection,AA735 Sa18 Sa18 S,Novelty format with lithographic illustrations,,"Saint Augustine, Florida","Saint Augustine, Florida",saf,,CLIO_7703177,,,,,,,,,"Saint Augustine, Florida?",,,,,,,"Saint Augustine (Fla.)--Buildings, structures, etc.--Pictorial works",lcsh,,,,,Saint Augustine (Fla.),naf,http://id.loc.gov/authorities/names/n79095312,eng,eng,"Each image is mounted on blue board with gold decoration, eight images in the upper half facing inward, eight in the lower half facing outward. In the center of the upper half is a color image of (local?) flora.",,,,,,"Physical Dimensions: Sixteen lithographic images are mounted in a structure which resembles a lotus flower or a standing rib roast; images 4 cm diameter, on mount 11 x 19 x 19 cm",Avery’s Architectural Novelties,,http://www.columbia.edu/cgi-bin/cul/resolve?clio9427856
006611,1,0,playing cards,aat,1911,,circa 1911,circa 1911,approximate,"Avery Architectural & Fine Arts Library, Columbia University",NNC-A,marcorg,Avery Classics Collection,,,,Souvenir of New York. Detail of one card,Souvenir of New York,sny_002,Detail of one card,,"Loeffler, A. (August J.)",,,,,,,,New York?,,,,,,,New York (N.Y.)--Pictorial works,lcsh,http://id.loc.gov/authorities/subjects/sh2008116322,,,,New York (N.Y.),naf,http://id.loc.gov/authorities/names/n79007751,eng,eng,,,original filename: 110178010.jpg,reformatted digital,still image,,,Avery’s Architectural Novelties,https://exhibitions.cul.columbia.edu/exhibits/show/novelties/decksofcards/goodluck,http://www.columbia.edu/cgi-bin/cul/resolve?clio9427856
006610,1,0,playing cards,aat,1911,,circa 1911,circa 1911,approximate,"Avery Architectural & Fine Arts Library, Columbia University",NNC-A,marcorg,Avery Classics Collection,,,,Souvenir of New York. View of five or six cards fanned out,Souvenir of New York,sny_001,View of five or six cards fanned out,,"Loeffler, A. (August J.)",,,,,,,,New York?,,,,,,,New York (N.Y.)--Pictorial works,lcsh,http://id.loc.gov/authorities/subjects/sh2008116322,,,,New York (N.Y.),naf,http://id.loc.gov/authorities/names/n79007751,eng,eng,,,original filename: 110178009.jpg,reformatted digital,still image,,,Avery’s Architectural Novelties,https://exhibitions.cul.columbia.edu/exhibits/show/novelties/decksofcards/goodluck,http://www.columbia.edu/cgi-bin/cul/resolve?clio9427856
006609,1,0,playing cards,aat,1911,,circa 1911,circa 1911,approximate,"Avery Architectural & Fine Arts Library, Columbia University",NNC-A,marcorg,Avery Classics Collection,,,,"Souvenir of New York. View of case with ""Good Luck"" cover",Souvenir of New York,sny_000,"View of case with ""Good Luck"" cover",,"Loeffler, A. (August J.)",,,,,,,,New York?,,,,,,,New York (N.Y.)--Pictorial works,lcsh,http://id.loc.gov/authorities/subjects/sh2008116322,,,,New York (N.Y.),naf,http://id.loc.gov/authorities/names/n79007751,eng,eng,,,original filename: 110178008.jpg,reformatted digital,still image,,,Avery’s Architectural Novelties,https://exhibitions.cul.columbia.edu/exhibits/show/novelties/decksofcards/goodluck,http://www.columbia.edu/cgi-bin/cul/resolve?clio9427856
,,,playing cards,aat,1911,,circa 1911,circa 1911,approximate,"Avery Architectural & Fine Arts Library, Columbia University",NNC-A,marcorg,Avery Classics Collection,AA735 N4 So893 S,Deck of playing cards with photographs of buildings in New York City,,Souvenir of New York,Souvenir of New York,sny,,CLIO_9065448,"Loeffler, A. (August J.)",,,,,,,,New York?,,,,,,,New York (N.Y.)--Pictorial works,lcsh,http://id.loc.gov/authorities/subjects/sh2008116322,,,,New York (N.Y.),naf,http://id.loc.gov/authorities/names/n79007751,eng,eng,,,,,,,"Physical Dimensions: Leather case containing 52 playing cards with photographic views; Illustrations 9 x 7 cm, in case 7 x 10 cm",Avery’s Architectural Novelties,,http://www.columbia.edu/cgi-bin/cul/resolve?clio9427856
006608,1,0,objects,aat,1880,1890,between 1880 and 1890?,between 1880 and 1890?,approximate,"Avery Architectural & Fine Arts Library, Columbia University",NNC-A,marcorg,Avery Classics Collection,,,,"Washington, D.C. : novelty format with lithographic illustrations. Detail of one of the building images","Washington, D.C. : novelty format with lithographic illustrations",wdc_002,Detail of one of the building images,,,,,,,,,,"Washington, D.C.",,Washington (D.C.),http://id.loc.gov/authorities/names/n79018774,,,,Washington (D.C.)--Pictorial works,lcsh,http://id.loc.gov/authorities/subjects/sh2008117383,"Washington (D.C.)--Buildings, structures, etc",lcsh,http://id.loc.gov/authorities/subjects/sh2008117388,Washington (D.C.),naf,http://id.loc.gov/authorities/names/n79018774,eng,eng,,,original filename: 110178007.jpg,reformatted digital,still image,,,Avery’s Architectural Novelties,https://exhibitions.cul.columbia.edu/exhibits/show/novelties/souvenirs/washington,http://www.columbia.edu/cgi-bin/cul/resolve?clio9427856
006607,1,0,objects,aat,1880,1890,between 1880 and 1890?,between 1880 and 1890?,approximate,"Avery Architectural & Fine Arts Library, Columbia University",NNC-A,marcorg,Avery Classics Collection,,,,"Washington, D.C. : novelty format with lithographic illustrations. View of paper folded with flower on top","Washington, D.C. : novelty format with lithographic illustrations",wdc_001,View of paper folded with flower on top,,,,,,,,,,"Washington, D.C.",,Washington (D.C.),http://id.loc.gov/authorities/names/n79018774,,,,Washington (D.C.)--Pictorial works,lcsh,http://id.loc.gov/authorities/subjects/sh2008117383,"Washington (D.C.)--Buildings, structures, etc",lcsh,http://id.loc.gov/authorities/subjects/sh2008117388,Washington (D.C.),naf,http://id.loc.gov/authorities/names/n79018774,eng,eng,,,original filename: 110178006.jpg,reformatted digital,still image,,,Avery’s Architectural Novelties,https://exhibitions.cul.columbia.edu/exhibits/show/novelties/souvenirs/washington,http://www.columbia.edu/cgi-bin/cul/resolve?clio9427856
006606,1,0,objects,aat,1880,1890,between 1880 and 1890?,between 1880 and 1890?,approximate,"Avery Architectural & Fine Arts Library, Columbia University",NNC-A,marcorg,Avery Classics Collection,,,,"Washington, D.C. : novelty format with lithographic illustrations. View of paper unfolded","Washington, D.C. : novelty format with lithographic illustrations",wdc_000,View of paper unfolded,,,,,,,,,,"Washington, D.C.",,Washington (D.C.),http://id.loc.gov/authorities/names/n79018774,,,,Washington (D.C.)--Pictorial works,lcsh,http://id.loc.gov/authorities/subjects/sh2008117383,"Washington (D.C.)--Buildings, structures, etc",lcsh,http://id.loc.gov/authorities/subjects/sh2008117388,Washington (D.C.),naf,http://id.loc.gov/authorities/names/n79018774,eng,eng,,,original filename: 110178005.jpg,reformatted digital,still image,,,Avery’s Architectural Novelties,https://exhibitions.cul.columbia.edu/exhibits/show/novelties/souvenirs/washington,http://www.columbia.edu/cgi-bin/cul/resolve?clio9427856
,,,objects,aat,1880,1890,between 1880 and 1890?,between 1880 and 1890?,approximate,"Avery Architectural & Fine Arts Library, Columbia University",NNC-A,marcorg,Avery Classics Collection,AA735 W2 W285 S,"Paper fold-out novelty with lithographic illustrations of Washington, D.C.","The novelty of this piece is its form, unfolded it looks like a doily; folded it looks like a folded fan.","Washington, D.C. : novelty format with lithographic illustrations","Washington, D.C. : novelty format with lithographic illustrations",wdc,,CLIO_9065372,,,,,,,,,"Washington, D.C.",,Washington (D.C.),http://id.loc.gov/authorities/names/n79018774,,,,Washington (D.C.)--Pictorial works,lcsh,http://id.loc.gov/authorities/subjects/sh2008117383,"Washington (D.C.)--Buildings, structures, etc",lcsh,http://id.loc.gov/authorities/subjects/sh2008117388,Washington (D.C.),naf,http://id.loc.gov/authorities/names/n79018774,eng,eng,,,,,,,"Physical Dimensions: Comprises 28 images of buildings and other sites in Washington D.C., 26 cm circumference, folded to 13 x 8 cm",Avery’s Architectural Novelties,,http://www.columbia.edu/cgi-bin/cul/resolve?clio9427856
006605,1,0,objects,aat,1924,,1924,1924,,"Avery Architectural & Fine Arts Library, Columbia University",NNC-A,marcorg,Avery Classics Collection,,,,Model village for sand table and project work. Dutch Colonial house,Model village for sand table and project work,mvs_003,Dutch Colonial house,,"Ross, Penny",,,,,,,,"Chicago, IL",,Chicago (Ill.),http://id.loc.gov/authorities/names/n78086438,,,,Villages--United States--History--20th century--Pictorial works,lcsh,,,,,,,,eng,eng,,,original filename: 110178004.jpg,reformatted digital,still image,,,Avery’s Architectural Novelties,https://exhibitions.cul.columbia.edu/exhibits/show/novelties/modelvillage/modelvillage,http://www.columbia.edu/cgi-bin/cul/resolve?clio9427856
006604,1,0,objects,aat,1924,,1924,1924,,"Avery Architectural & Fine Arts Library, Columbia University",NNC-A,marcorg,Avery Classics Collection,,,,"Model village for sand table and project work. Grocery store, general store",Model village for sand table and project work,mvs_002,"Grocery store, general store",,"Ross, Penny",,,,,,,,"Chicago, IL",,Chicago (Ill.),http://id.loc.gov/authorities/names/n78086438,,,,Villages--United States--History--20th century--Pictorial works,lcsh,,,,,,,,eng,eng,,,original filename: 110178003.jpg,reformatted digital,still image,,,Avery’s Architectural Novelties,https://exhibitions.cul.columbia.edu/exhibits/show/novelties/modelvillage/modelvillage,http://www.columbia.edu/cgi-bin/cul/resolve?clio9427856
006603,1,0,objects,aat,1924,,1924,1924,,"Avery Architectural & Fine Arts Library, Columbia University",NNC-A,marcorg,Avery Classics Collection,,"Unmade paper model in sheet form showing a model village. Each object is intended to be colored, cut out and mounted.",,Model village for sand table and project work. View of police and fire station card,Model village for sand table and project work,mvs_001,View of police and fire station card,,"Ross, Penny",,,,,,,,"Chicago, IL",,Chicago (Ill.),http://id.loc.gov/authorities/names/n78086438,,,,Villages--United States--History--20th century--Pictorial works,lcsh,,,,,,,,eng,eng,,,original filename: 110178002.jpg,reformatted digital,still image,,,Avery’s Architectural Novelties,https://exhibitions.cul.columbia.edu/exhibits/show/novelties/modelvillage/modelvillage,http://www.columbia.edu/cgi-bin/cul/resolve?clio9427856
006602,1,0,objects,aat,1924,,1924,1924,,"Avery Architectural & Fine Arts Library, Columbia University",NNC-A,marcorg,Avery Classics Collection,,,,Model village for sand table and project work. View of cover,Model village for sand table and project work,mvs_000,View of cover,,"Ross, Penny",,,,,,,,"Chicago, IL",,Chicago (Ill.),http://id.loc.gov/authorities/names/n78086438,,,,Villages--United States--History--20th century--Pictorial works,lcsh,,,,,,,,eng,eng,,,original filename: 110178001.jpg,reformatted digital,still image,,,Avery’s Architectural Novelties,https://exhibitions.cul.columbia.edu/exhibits/show/novelties/modelvillage/modelvillage,http://www.columbia.edu/cgi-bin/cul/resolve?clio9427856
,,,objects,aat,1924,,1924,1924,,"Avery Architectural & Fine Arts Library, Columbia University",NNC-A,marcorg,Avery Classics Collection,AA9105 R73,"Unmade paper model in sheet form showing a model village. Each object is intended to be colored, cut out and mounted.",,Model village for sand table and project work,Model village for sand table and project work,mvs,,CLIO_9046277,"Ross, Penny",,,,,,,,"Chicago, IL",,Chicago (Ill.),http://id.loc.gov/authorities/names/n78086438,,,,Villages--United States--History--20th century--Pictorial works,lcsh,,,,,,,,eng,eng,"One sheet of instructions, one sheet depicting a car, one sheet depicting accessories including a flag, a fountain and traffic signals, three sheets depicting people, and ten sheets depicting buildings including: a Studio, a Post Office, the Police and Fire Station, the Drugs Store, the Grocery Shop, a Hotel, a Church, a two Houses and a Bandstand.",,,,,,Physical Dimensions: 16 leaves; each illustration 24 x 16 cm,Avery’s Architectural Novelties,,http://www.columbia.edu/cgi-bin/cul/resolve?clio9427856
