omeka_identifier-1:omeka_identifier_value,_pid,_digital_object_type.string_key,_identifiers-1,_parent_digital_objects-1.identifier,_project.string_key,collection-1:collection_term.value,collection-1:collection_term.uri,form-1:form_term.value,form-1:form_term.authority,form-1:form_term.uri,form-2:form_term.value,form-2:form_term.authority,form-2:form_term.uri,date_created-1:date_created_start_value,date_created-1:date_created_end_value,date_created-1:date_created_type,date_created_textual-1:date_created_textual_value,location-1:location_term.value,location-1:location_term.code,location-1:location_term.authority,location-1:location_term.uri,location-1:location_sublocation,location-1:location_shelf_location-1:location_shelf_location_free_text,abstract-1:abstract_value,title-1:title_sort_portion,title-1:title_non_sort_portion,clio_identifier-1:clio_identifier_value,name-1:name_term.value,name-1:name_term.name_type,name-1:name_role-1:name_role_term.value,name-1:name_role-1:name_role_term.authority,name-1:name_role-1:name_role_term.uri,name-1:name_role-2:name_role_term.value,name-1:name_role-2:name_role_term.authority,name-1:name_role-2:name_role_term.uri,name-1:name_term.authority,name-1:name_term.uri,name-2:name_term.value,name-2:name_term.name_type,name-2:name_role-1:name_role_term.value,name-2:name_role-1:name_role_term.authority,name-2:name_role-1:name_role_term.uri,name-2:name_role-2:name_role_term.value,name-2:name_role-2:name_role_term.authority,name-2:name_role-2:name_role_term.uri,name-2:name_term.authority,name-2:name_term.uri,name-3:name_term.value,name-3:name_term.name_type,name-3:name_role-1:name_role_term.value,name-3:name_role-1:name_role_term.authority,name-3:name_role-1:name_role_term.uri,name-3:name_term.authority,name-3:name_term.uri,publisher-1:publisher_value,place_of_origin-1:place_of_origin_value,place_authority_identifier,place_of_origin-2:place_of_origin_value,place2_authority_identifier,subject_name-1:subject_name_term.value,subject_name-1:subject_name_term.name_type,subject_name-1:subject_name_term.authority,subject_name-1:subject_name_term.uri,subject_name-2:subject_name_term.value,subject_name-2:subject_name_term.name_type,subject_name-2:subject_name_term.authority,subject_name-2:subject_name_term.uri,subject_name-3:subject_name_term.value,subject_name-3:subject_name_term.name_type,subject_name-3:subject_name_term.authority,subject_name-3:subject_name_term.uri,subject_topic-1:subject_topic_term.value,subject_topic-1:subject_topic_term.authority,subject_topic-1:subject_topic_term.uri,subject_topic-2:subject_topic_term.value,subject_topic-2:subject_topic_term.authority,subject_topic-2:subject_topic_term.uri,subject_geographic-1:subject_geographic_term.value,subject_geographic-1:subject_geographic_term.authority,subject_geographic-1:subject_geographic_term.uri,subject_geographic-2:subject_geographic_term.value,subject_geographic-2:subject_geographic_term.authority,subject_geographic-2:subject_geographic_term.uri,language-1:language_term.value,language-1:language_term.authority,language-1:language_term.uri,language-2:language_term.value,language-2:language_term.authority,language-2:language_term.uri,language-3:language_term.value,language-3:language_term.authority,language-3:language_term.uri,language_of_cataloging-1:language_of_cataloging_term.value,note-1:note_value,note-1:note_type,note-2:note_value,note-2:note_type,digital_origin-1:digital_origin_value,type_of_resource-1:type_of_resource_value,type_of_resource-2:type_of_resource_value,note-7:note_value,note-7:note_type,extent-1:extent_value,relatedItem_project,project URL,object_in_context_url-1:object_in_context_url_value
omeka_6677,,asset,averynovelties_sta_011,averynovelties_sta,,,,,,,,,,,,,,,,,,,,,View of Sidewalk Café,,,,,,,,,,,,,,,,,,,,,,,,,,,,,,,,,,,,,,,,,,,,,,,,,,,,,,,,,,,,,,,,,,,,,,,original filename: AA9200B4Stl63_09.jpg,filename,,,,,,,,,https://exhibitions.cul.columbia.edu/exhibits/show/novelties/stalinallee/stalinallee
omeka_6676,,asset,averynovelties_sta_010,averynovelties_sta,,,,,,,,,,,,,,,,,,,,,View of Man Sitting in a Garden,,,,,,,,,,,,,,,,,,,,,,,,,,,,,,,,,,,,,,,,,,,,,,,,,,,,,,,,,,,,,,,,,,,,,,,original filename: AA9200B4Stl63_08.jpg,filename,,,,,,,,,https://exhibitions.cul.columbia.edu/exhibits/show/novelties/stalinallee/stalinallee
omeka_6675,,asset,averynovelties_sta_009,averynovelties_sta,,,,,,,,,,,,,,,,,,,,,View of Flowers and Building,,,,,,,,,,,,,,,,,,,,,,,,,,,,,,,,,,,,,,,,,,,,,,,,,,,,,,,,,,,,,,,,,,,,,,,original filename: AA9200B4Stl63_07.jpg,filename,,,,,,,,,https://exhibitions.cul.columbia.edu/exhibits/show/novelties/stalinallee/stalinallee
omeka_6674,,asset,averynovelties_sta_008,averynovelties_sta,,,,,,,,,,,,,,,,,,,,,View of Outdoor Café,,,,,,,,,,,,,,,,,,,,,,,,,,,,,,,,,,,,,,,,,,,,,,,,,,,,,,,,,,,,,,,,,,,,,,,original filename: AA9200B4Stl63_06.jpg,filename,,,,,,,,,https://exhibitions.cul.columbia.edu/exhibits/show/novelties/stalinallee/stalinallee
omeka_6673,,asset,averynovelties_sta_007,averynovelties_sta,,,,,,,,,,,,,,,,,,,,,View of Flowers and Outdoor Café,,,,,,,,,,,,,,,,,,,,,,,,,,,,,,,,,,,,,,,,,,,,,,,,,,,,,,,,,,,,,,,,,,,,,,,original filename: AA9200B4Stl63_05.jpg,filename,,,,,,,,,https://exhibitions.cul.columbia.edu/exhibits/show/novelties/stalinallee/stalinallee
omeka_6672,,asset,averynovelties_sta_006,averynovelties_sta,,,,,,,,,,,,,,,,,,,,,"View of Street, Garden and Building",,,,,,,,,,,,,,,,,,,,,,,,,,,,,,,,,,,,,,,,,,,,,,,,,,,,,,,,,,,,,,,,,,,,,,,original filename: AA9200B4Stl63_04.jpg,filename,,,,,,,,,https://exhibitions.cul.columbia.edu/exhibits/show/novelties/stalinallee/stalinallee
omeka_6671,,asset,averynovelties_sta_005,averynovelties_sta,,,,,,,,,,,,,,,,,,,,,View of Building,,,,,,,,,,,,,,,,,,,,,,,,,,,,,,,,,,,,,,,,,,,,,,,,,,,,,,,,,,,,,,,,,,,,,,,original filename: AA9200B4Stl63_03.jpg,filename,,,,,,,,,https://exhibitions.cul.columbia.edu/exhibits/show/novelties/stalinallee/stalinallee
omeka_6670,,asset,averynovelties_sta_004,averynovelties_sta,,,,,,,,,,,,,,,,,,,,,"View of Garden, Statue and Trees",,,,,,,,,,,,,,,,,,,,,,,,,,,,,,,,,,,,,,,,,,,,,,,,,,,,,,,,,,,,,,,,,,,,,,,original filename: AA9200B4Stl63_02.jpg,filename,,,,,,,,,https://exhibitions.cul.columbia.edu/exhibits/show/novelties/stalinallee/stalinallee
omeka_6669,,asset,averynovelties_sta_003,averynovelties_sta,,,,,,,,,,,,,,,,,,,,,View of Cars and Building,,,,,,,,,,,,,,,,,,,,,,,,,,,,,,,,,,,,,,,,,,,,,,,,,,,,,,,,,,,,,,,,,,,,,,,original filename: AA9200B4Stl63_01.jpg,filename,,,,,,,,,https://exhibitions.cul.columbia.edu/exhibits/show/novelties/stalinallee/stalinallee
omeka_6668,,asset,averynovelties_sta_002,averynovelties_sta,,,,,,,,,,,,,,,,,,,,,View of Traffic Roundabout,,,,,,,,,,,,,,,,,,,,,,,,,,,,,,,,,,,,,,,,,,,,,,,,,,,,,,,,,,,,,,,,,,,,,,,original filename: AA9200B4Stl63_00.jpg,filename,,,,,,,,,https://exhibitions.cul.columbia.edu/exhibits/show/novelties/stalinallee/stalinallee
omeka_6667,,asset,averynovelties_sta_001,averynovelties_sta,,,,,,,,,,,,,,,,,,,,,"Viewer, open",,,,,,,,,,,,,,,,,,,,,,,,,,,,,,,,,,,,,,,,,,,,,,,,,,,,,,,,,,,,,,,,,,,,,,,original filename: 110178012.jpg,filename,,,,,,,,,https://exhibitions.cul.columbia.edu/exhibits/show/novelties/stalinallee/stalinallee
,,item,averynovelties_sta,,,,,objects,gmgpc,http://id.loc.gov/vocabulary/graphicMaterials/tgm007159,photographs,aat,http://vocab.getty.edu/aat/300046300,1953,,approximate,1953,"Avery Architectural & Fine Arts Library, Columbia University",NNC-A,marcorg,http://id.loc.gov/authorities/names/n80087582,Avery Classics Collection,AA9200 B4 St163,"10 stereograph views of the Stalinallee, accompanied by one viewer.",Stalinallee,,6978489,Row-Optik Rathenow,corporate,Creator,marcrelator,http://id.loc.gov/vocabulary/relators/cre,,,,,,VEB Rathenower Optische Werke,corporate,Publisher,marcrelator,http://id.loc.gov/vocabulary/relators/pbl,,,,,,,,,,,,,VEB Rathenower Optische Werke,Rathenow (Germany),http://id.loc.gov/authorities/names/n88165110,,,,,,,,,,,,,,,"Karl-Marx-Allee (Berlin, Germany)",lcsh,http://id.loc.gov/authorities/subjects/sh97002779,,,,Berlin (Germany),naf,http://id.loc.gov/authorities/names/n79034972,,,,German,iso639-2,http://id.loc.gov/vocabulary/iso639-2/ger,,,,,,,,,,,,reformatted digital,still image,three dimensional object,,,"10 transparencies and one plastic viewer, Images 3 x 4 cm on mount, 5 x 10 cm in box, 6 x 18 x 13 cm",Avery’s Architectural Novelties,http://www.columbia.edu/cgi-bin/cul/resolve?clio9427856,
omeka_6666,,asset,averynovelties_sta_099,averynovelties_sta,,,,,,,,,,,,,,,,,,,,,"Viewer, closed",,,,,,,,,,,,,,,,,,,,,,,,,,,,,,,,,,,,,,,,,,,,,,,,,,,,,,,,,,,,,,,,,,,,,,,original filename: 110178011.jpg,filename,,,,,,,,,https://exhibitions.cul.columbia.edu/exhibits/show/novelties/stalinallee/stalinallee
omeka_6665,,asset,averynovelties_are_003,averynovelties_are,,,,,,,,,,,,,,,,,,,,,View of side of peep show showing how it is constructed,,,,,,,,,,,,,,,,,,,,,,,,,,,,,,,,,,,,,,,,,,,,,,,,,,,,,,,,,,,,,,,,,,,,,,,original filename: 110178066.jpg,filename,,,,,,,,,https://exhibitions.cul.columbia.edu/exhibits/show/novelties/tunnelbooks/areaorama
omeka_6664,,asset,averynovelties_are_002,averynovelties_are,,,,,,,,,,,,,,,,,,,,,View through peep show,,,,,,,,,,,,,,,,,,,,,,,,,,,,,,,,,,,,,,,,,,,,,,,,,,,,,,,,,,,,,,,,,,,,,,,original filename: 110178065.jpg,filename,,,,,,,,,https://exhibitions.cul.columbia.edu/exhibits/show/novelties/tunnelbooks/areaorama
omeka_6663,,asset,averynovelties_are_001,averynovelties_are,,,,,,,,,,,,,,,,,,,,,"View of case with peep show next to it, closed",,,,,,,,,,,,,,,,,,,,,,,,,,,,,,,,,,,,,,,,,,,,,,,,,,,,,,,,,,,,,,,,,,,,,,,original filename: 110178064.jpg,filename,,,,,,,,,https://exhibitions.cul.columbia.edu/exhibits/show/novelties/tunnelbooks/areaorama
omeka_6662,,asset,averynovelties_are_099,averynovelties_are,,,,,,,,,,,,,,,,,,,,,View of case closed,,,,,,,,,,,,,,,,,,,,,,,,,,,,,,,,,,,,,,,,,,,,,,,,,,,,,,,,,,,,,,,,,,,,,,,original filename: 110178063.jpg,filename,,,,,,,,,https://exhibitions.cul.columbia.edu/exhibits/show/novelties/tunnelbooks/areaorama
,,item,averynovelties_are,,,,,books,aat,http://vocab.getty.edu/aat/300028051,illustrations,gmgpc,http://id.loc.gov/vocabulary/graphicMaterials/tgm005314,1825-05-01,,,"May 1, 1825","Avery Architectural & Fine Arts Library, Columbia University",NNC-A,marcorg,http://id.loc.gov/authorities/names/n80087582,Avery Classics Collection,AA9065 L8 Ar31 S,"A telescopic peep show comprised of 8 hand-coloured, cut-out engravings on cardboard panels, connected top and bottom by lighter paper (folded accordian style), with a peephole on the first panel.",Areaorama : a view in the Regents Park,,8644322,"Fuller, S. (Samuel)",personal,Publisher,marcrelator,http://id.loc.gov/vocabulary/relators/pbl,Creator,marcrelator,http://id.loc.gov/vocabulary/relators/cre,,,"Fuller, J. (Joseph)",personal,Publisher,marcrelator,http://id.loc.gov/vocabulary/relators/pbl,Creator,marcrelator,http://id.loc.gov/vocabulary/relators/cre,,,,,,,,,,"Joseph Fuller, London (34 Rathbone Place)",London (England),http://id.loc.gov/authorities/names/n79005665,,,,,,,,,,,,,,,"Regent's Park (London, England)",lcsh,http://id.loc.gov/authorities/subjects/sh93002692,,,,London (England),naf,http://id.loc.gov/authorities/names/n79005665,,,,English,iso639-2,http://id.loc.gov/vocabulary/iso639-2/eng,,,,,,,,"In slipcase, as issued.",,,,reformatted digital,still image,,peepshows,original format,"11 x 14 x 1 cm (closed), expanding to 75 cm (open)",Avery’s Architectural Novelties,http://www.columbia.edu/cgi-bin/cul/resolve?clio9427856,
omeka_6661,,asset,averynovelties_par_002,averynovelties_par,,,,,,,,,,,,,,,,,,,,,Detail of expanded peep show from the side,,,,,,,,,,,,,,,,,,,,,,,,,,,,,,,,,,,,,,,,,,,,,,,,,,,,,,,,,,,,,,,,,,,,,,,original filename: 110178062.jpg,filename,,,,,,,,,https://exhibitions.cul.columbia.edu/exhibits/show/novelties/tunnelbooks/paris
omeka_6660,,asset,averynovelties_par_001,averynovelties_par,,,,,,,,,,,,,,,,,,,,,View through peep show open,,,,,,,,,,,,,,,,,,,,,,,,,,,,,,,,,,,,,,,,,,,,,,,,,,,,,,,,,,,,,,,,,,,,,,,original filename: 110178061.jpg,filename,,,,,,,,,https://exhibitions.cul.columbia.edu/exhibits/show/novelties/tunnelbooks/paris
omeka_6659,,asset,averynovelties_par_099,averynovelties_par,,,,,,,,,,,,,,,,,,,,,View of peep show closed,,,,,,,,,,,,,,,,,,,,,,,,,,,,,,,,,,,,,,,,,,,,,,,,,,,,,,,,,,,,,,,,,,,,,,,original filename: 110178060.jpg,filename,,,,,,,,,https://exhibitions.cul.columbia.edu/exhibits/show/novelties/tunnelbooks/paris
,,item,averynovelties_par,,,,,books,aat,http://vocab.getty.edu/aat/300028051,illustrations,gmgpc,http://id.loc.gov/vocabulary/graphicMaterials/tgm005314,2006,,,2006,"Avery Architectural & Fine Arts Library, Columbia University",NNC-A,marcorg,http://id.loc.gov/authorities/names/n80087582,Avery Classics Collection,AA1045 D28,"A tunnel book, or peep show, that is part of an ongoing series of artists' books referencing old travel guidebooks and maps. This view of Paris is from the top floor of the Institut de Monde Arabe. The images were painted on pages from Les Guides Bleus published in 1952.",Paris,,8644340,"Davidson, Laura",personal,Artist,marcrelator,http://id.loc.gov/vocabulary/relators/art,,,,naf,http://id.loc.gov/authorities/names/no93011428,,,,,,,,,,,,,,,,,,,Boston (Mass.),http://id.loc.gov/authorities/names/n79045553,,,,,,,,,,,,,,,Paris (France)--In art,lcsh,http://id.loc.gov/authorities/subjects/sh2008116527,,,,Paris (France),naf,http://id.loc.gov/authorities/names/n79058874,,,,English,iso639-2,http://id.loc.gov/vocabulary/iso639-2/eng,,,,,,,,"Images were painted directly on guidebook pages, then offset printed and accordian bound on sides by hand. Number 397 from an edition of 500. Issued in an envelope, with a hand-painted ""stamp"" of Paris pasted onto the upper right corner.",,,,reformatted digital,still image,text,peepshows,original format,1 v. ([6)] leaves) : col. ill. ; 13 x 18 cm + 1 notebook ([18] p. : ill. ; 11 cm),Avery’s Architectural Novelties,http://www.columbia.edu/cgi-bin/cul/resolve?clio9427856,
omeka_6658,,asset,averynovelties_vps_002,averynovelties_vps,,,,,,,,,,,,,,,,,,,,,Detail of expanded peep show from the side,,,,,,,,,,,,,,,,,,,,,,,,,,,,,,,,,,,,,,,,,,,,,,,,,,,,,,,,,,,,,,,,,,,,,,,original filename: 110178059.jpg,filename,,,,,,,,,https://exhibitions.cul.columbia.edu/exhibits/show/novelties/tunnelbooks/venice
omeka_6657,,asset,averynovelties_vps_001,averynovelties_vps,,,,,,,,,,,,,,,,,,,,,View through peep show open,,,,,,,,,,,,,,,,,,,,,,,,,,,,,,,,,,,,,,,,,,,,,,,,,,,,,,,,,,,,,,,,,,,,,,,original filename: 110178058.jpg,filename,,,,,,,,,https://exhibitions.cul.columbia.edu/exhibits/show/novelties/tunnelbooks/venice
omeka_6656,,asset,averynovelties_vps_099,averynovelties_vps,,,,,,,,,,,,,,,,,,,,,View of peep show closed,,,,,,,,,,,,,,,,,,,,,,,,,,,,,,,,,,,,,,,,,,,,,,,,,,,,,,,,,,,,,,,,,,,,,,,original filename: 110178057.jpg,filename,,,,,,,,,https://exhibitions.cul.columbia.edu/exhibits/show/novelties/tunnelbooks/venice
,,item,averynovelties_vps,,,,,books,aat,http://vocab.getty.edu/aat/300028051,illustrations,gmgpc,http://id.loc.gov/vocabulary/graphicMaterials/tgm005314,2010,,,2010,"Avery Architectural & Fine Arts Library, Columbia University",NNC-A,marcorg,http://id.loc.gov/authorities/names/n80087582,Avery Classics Collection,AA1116 V5 D28,"A tunnel book, or peep show, that is part of an ongoing series of artists' books referencing old travel guidebooks and maps.",Venice : Piazza San Marco,,8644341,"Davidson, Laura",personal,Artist,marcrelator,http://id.loc.gov/vocabulary/relators/art,,,,naf,http://id.loc.gov/authorities/names/no93011428,,,,,,,,,,,,,,,,,,,Boston (Mass.),http://id.loc.gov/authorities/names/n79045553,,,,,,,,,,,,,,,,,,,,,Venice (Italy),naf,http://id.loc.gov/authorities/names/n79018142,"Piazza San Marco (Venice, Italy)",naf,http://id.loc.gov/authorities/subjects/sh94002445,English,iso639-2,http://id.loc.gov/vocabulary/iso639-2/eng,,,,,,,,"Number 71 from an edition of 500. Issued in an envelope, with a hand-painted ""stamp"" of Venice pasted onto the upper right corner. Five layers of cut-out illustrations, offset printed and accordion bound on sides by hand.",,,,reformatted digital,text,still image,peepshows,original format,"1 tunnel book (6 panels) : colored illustrations, map ; 14 x 18 cm",Avery’s Architectural Novelties,http://www.columbia.edu/cgi-bin/cul/resolve?clio9427856,
omeka_6655,,asset,averynovelties_ltv_004,averynovelties_ltv,,,,,,,,,,,,,,,,,,,,,View of peep show open from side,,,,,,,,,,,,,,,,,,,,,,,,,,,,,,,,,,,,,,,,,,,,,,,,,,,,,,,,,,,,,,,,,,,,,,,original filename: 110178056.jpg,filename,,,,,,,,,https://exhibitions.cul.columbia.edu/exhibits/show/novelties/tunnelbooks/lanestelescopic
omeka_6654,,asset,averynovelties_ltv_003,averynovelties_ltv,,,,,,,,,,,,,,,,,,,,,View through open peep show,,,,,,,,,,,,,,,,,,,,,,,,,,,,,,,,,,,,,,,,,,,,,,,,,,,,,,,,,,,,,,,,,,,,,,,original filename: 110178055.jpg,filename,,,,,,,,,https://exhibitions.cul.columbia.edu/exhibits/show/novelties/tunnelbooks/lanestelescopic
omeka_6653,,asset,averynovelties_ltv_002,averynovelties_ltv,,,,,,,,,,,,,,,,,,,,,View of peep show out of case,,,,,,,,,,,,,,,,,,,,,,,,,,,,,,,,,,,,,,,,,,,,,,,,,,,,,,,,,,,,,,,,,,,,,,,original filename: 110178054.jpg,filename,,,,,,,,,https://exhibitions.cul.columbia.edu/exhibits/show/novelties/tunnelbooks/lanestelescopic
omeka_6652,,asset,averynovelties_ltv_001,averynovelties_ltv,,,,,,,,,,,,,,,,,,,,,Detail into peep show showing the towers in the center in perspective,,,,,,,,,,,,,,,,,,,,,,,,,,,,,,,,,,,,,,,,,,,,,,,,,,,,,,,,,,,,,,,,,,,,,,,original filename: 110178053.jpg,filename,,,,,,,,,https://exhibitions.cul.columbia.edu/exhibits/show/novelties/tunnelbooks/lanestelescopic
omeka_6651,,asset,averynovelties_ltv_099,averynovelties_ltv,,,,,,,,,,,,,,,,,,,,,View of peep show closed in case,,,,,,,,,,,,,,,,,,,,,,,,,,,,,,,,,,,,,,,,,,,,,,,,,,,,,,,,,,,,,,,,,,,,,,,original filename: 110178052.jpg,filename,,,,,,,,,https://exhibitions.cul.columbia.edu/exhibits/show/novelties/tunnelbooks/lanestelescopic
,,item,averynovelties_ltv,,,,,prints,gmgpc,http://id.loc.gov/vocabulary/graphicMaterials/tgm008237,objects,gmgpc,http://id.loc.gov/vocabulary/graphicMaterials/tgm007159,1851,,,1851,"Avery Architectural & Fine Arts Library, Columbia University",NNC-A,marcorg,http://id.loc.gov/authorities/names/n80087582,Avery Classics Collection,AA6750 L8 L24,"A peep show comprised of cutout prints on board, attached to cloth at the sides, folded accordion style; extended it presents a telescopic view.",Lane's telescopic view of the interior of the Great Industrial Exhibition,,7779289,"Rawlins, Thomas J.",personal,Artist,marcrelator,http://id.loc.gov/vocabulary/relators/art,,,,naf,http://id.loc.gov/authorities/names/n80012286,"Moody, Charles, active 1851-1872",personal,Lithographer,marcrelator,http://id.loc.gov/vocabulary/relators/ltg,Printer,marcrelator,http://id.loc.gov/vocabulary/relators/prt,naf,http://id.loc.gov/authorities/names/no2009132875,"Lane, C.",personal,Publisher,marcrelator,http://id.loc.gov/vocabulary/relators/pbl,,,"C. Lane, London, 46 Stanhope St, Hampstead Rd.",London (England),http://id.loc.gov/authorities/names/n79005665,,,"Great Exhibition (1851 : London, England)",conference,naf,http://id.loc.gov/authorities/names/n50043081,,,,,,,,,"Crystal Palace (Great Exhibition, 1851, London, England)",lcsh,http://id.loc.gov/authorities/subjects/sh2013001134,,,,,,,,,,English,iso639-2,http://id.loc.gov/vocabulary/iso639-2/eng,,,,,,,,"Front panel has imprint: Printed by C. Moody, 257 High Holborn; signed in the stone: T.J. Rawlins del.",,,,reformatted digital,still image,,peepshows,original format,"10 lithograph prints, issued in slipcase, 17 x 18 cm",Avery’s Architectural Novelties,http://www.columbia.edu/cgi-bin/cul/resolve?clio9427856,
omeka_6650,,asset,averynovelties_bda_003,averynovelties_bda,,,,,,,,,,,,,,,,,,,,,Clasp,,,,,,,,,,,,,,,,,,,,,,,,,,,,,,,,,,,,,,,,,,,,,,,,,,,,,,,,,,,,,,,,,,,,,,,original filename: 110178051.jpg,filename,,,,,,,,,https://exhibitions.cul.columbia.edu/exhibits/show/novelties/dancecard/dancecard
omeka_6649,,asset,averynovelties_bda_002,averynovelties_bda,,,,,,,,,,,,,,,,,,,,,"Back of card, showing building",,,,,,,,,,,,,,,,,,,,,,,,,,,,,,,,,,,,,,,,,,,,,,,,,,,,,,,,,,,,,,,,,,,,,,,original filename: 110178050.jpg,filename,,,,,,,,,https://exhibitions.cul.columbia.edu/exhibits/show/novelties/dancecard/dancecard
omeka_6648,,asset,averynovelties_bda_001,averynovelties_bda,,,,,,,,,,,,,,,,,,,,,View of cards taken out of holder,,,,,,,,,,,,,,,,,,,,,,,,,,,,,,,,,,,,,,,,,,,,,,,,,,,,,,,,,,,,,,,,,,,,,,,original filename: 110178049.jpg,filename,,,,,,,,,https://exhibitions.cul.columbia.edu/exhibits/show/novelties/dancecard/dancecard
omeka_6647,,asset,averynovelties_bda_099,averynovelties_bda,,,,,,,,,,,,,,,,,,,,,View of front card,,,,,,,,,,,,,,,,,,,,,,,,,,,,,,,,,,,,,,,,,,,,,,,,,,,,,,,,,,,,,,,,,,,,,,,original filename: 110178048.jpg,filename,,,,,,,,,https://exhibitions.cul.columbia.edu/exhibits/show/novelties/dancecard/dancecard
,,item,averynovelties_bda,,,,,postcards,aat,http://vocab.getty.edu/aat/300026816,objects,gmgpc,http://id.loc.gov/vocabulary/graphicMaterials/tgm007159,1898,,,1898,"Avery Architectural & Fine Arts Library, Columbia University",NNC-A,marcorg,http://id.loc.gov/authorities/names/n80087582,Avery Classics Collection,AA635 B208 S,"Dance card to an architectural ball, comprised of three and a half folded postcards with title ""Nachrichten vom Ball des Architekten"", a single decorated card with the title. Image on one postcard signed Alois Ludwig.",Ball der Architekten 24. Jan. 98,,9096235,"Ludwig, Alois, 1872-1969",personal,Creator,marcrelator,http://id.loc.gov/vocabulary/relators/cre,,,,,,,,,,,,,,,,,,,,,,,,Vienna (Austria),http://id.loc.gov/authorities/names/n79018895,,,,,,,,,,,,,,,Architecture,lcsh,http://id.loc.gov/authorities/subjects/sh85006611,Architects--Austria--Vienna--Social life and customs--19th century,lcsh,,Vienna (Austria),naf,http://id.loc.gov/authorities/names/n79018895,,,,German,iso639-2,http://id.loc.gov/vocabulary/iso639-2/ger,,,,,,,,Cards are housed in a brass wire form to which a wine colored ribbon is attached. Attached to the ribbon is a brass hook.,,,,reformatted digital,still image,,dance cards,original format,"Cards, 7 x 9-8 x 11 cm",Avery’s Architectural Novelties,http://www.columbia.edu/cgi-bin/cul/resolve?clio9427856,
omeka_6646,,asset,averynovelties_arc_003,averynovelties_arc,,,,,,,,,,,,,,,,,,,,,Detail of cutouts in pages,,,,,,,,,,,,,,,,,,,,,,,,,,,,,,,,,,,,,,,,,,,,,,,,,,,,,,,,,,,,,,,,,,,,,,,original filename: 110178047.jpg,filename,,,,,,,,,https://exhibitions.cul.columbia.edu/exhibits/show/novelties/arch/arch
omeka_6645,,asset,averynovelties_arc_002,averynovelties_arc,,,,,,,,,,,,,,,,,,,,,Detail of pages with one typeface,,,,,,,,,,,,,,,,,,,,,,,,,,,,,,,,,,,,,,,,,,,,,,,,,,,,,,,,,,,,,,,,,,,,,,,original filename: 110178046.jpg,filename,,,,,,,,,https://exhibitions.cul.columbia.edu/exhibits/show/novelties/arch/arch
omeka_6644,,asset,averynovelties_arc_001,averynovelties_arc,,,,,,,,,,,,,,,,,,,,,View of book extended out,,,,,,,,,,,,,,,,,,,,,,,,,,,,,,,,,,,,,,,,,,,,,,,,,,,,,,,,,,,,,,,,,,,,,,,original filename: 110178045.jpg,filename,,,,,,,,,https://exhibitions.cul.columbia.edu/exhibits/show/novelties/arch/arch
omeka_6643,,asset,averynovelties_arc_099,averynovelties_arc,,,,,,,,,,,,,,,,,,,,,View of book in case,,,,,,,,,,,,,,,,,,,,,,,,,,,,,,,,,,,,,,,,,,,,,,,,,,,,,,,,,,,,,,,,,,,,,,,original filename: 110178044.jpg,filename,,,,,,,,,https://exhibitions.cul.columbia.edu/exhibits/show/novelties/arch/arch
,,item,averynovelties_arc,,,,,books,aat,http://vocab.getty.edu/aat/300028051,,,,2010,,,2010,"Avery Architectural & Fine Arts Library, Columbia University",NNC-A,marcorg,http://id.loc.gov/authorities/names/n80087582,Avery Classics Collection,AA650 Ar2437,"""This book was built by ten women paper architects. Their tools were knives and bone folders, and four Vandercook printing presses. They blended three typefaces ...: Garamond, Ehrhardt, and Fournier.""--Colophon. In a clear acrylic slipcase as issued. Edition limited to 109 copies, signed by the artists. Paper architects: Jenny Karin Morrill; Ali Standish; Alycia Lang; Jennifer Wineke; Mandesha Marcus; Catherine Wang; Kathryn Hunt; Ilse Wogau; Jennifer Cohen, Winnie Ding.",Arch,,7779957,Scripps College. Press,corporate,Publisher,marcrelator,http://id.loc.gov/vocabulary/relators/pbl,,,,naf,http://id.loc.gov/authorities/names/n79117440,"Maryatt, Kitty",personal,Designer,marcrelator,http://id.loc.gov/vocabulary/relators/dsr,,,,naf,http://id.loc.gov/authorities/names/n87890609,,,,,,,,,Claremont (Calif.),http://id.loc.gov/authorities/names/n79105680,,,,,,,,,,,,,,,Architecture,lcsh,http://id.loc.gov/authorities/subjects/sh85006611,,,,,,,,,,English,iso639-2,http://id.loc.gov/vocabulary/iso639-2/eng,,,,,,,,"Book consists of double sided, accordion-folded sections sewn together in pairs; illustrated with pop-ups and papercuts and is letterpress printed.",,,,reformatted digital,still image,mixed material,artists' books,original format,"9 x 40 cm., in case 5 x 11 x 41 cm",Avery’s Architectural Novelties,http://www.columbia.edu/cgi-bin/cul/resolve?clio9427856,
omeka_6642,,asset,averynovelties_fer_002,averynovelties_fer,,,,,,,,,,,,,,,,,,,,,Cover of book with glasses next to it,,,,,,,,,,,,,,,,,,,,,,,,,,,,,,,,,,,,,,,,,,,,,,,,,,,,,,,,,,,,,,,,,,,,,,,original filename: 110178043.jpg,filename,,,,,,,,,https://exhibitions.cul.columbia.edu/exhibits/show/novelties/anaglyphes/fontainebleau
omeka_6641,,asset,averynovelties_fer_001,averynovelties_fer,,,,,,,,,,,,,,,,,,,,,View of book open,,,,,,,,,,,,,,,,,,,,,,,,,,,,,,,,,,,,,,,,,,,,,,,,,,,,,,,,,,,,,,,,,,,,,,,original filename: 110178042.jpg,filename,,,,,,,,,https://exhibitions.cul.columbia.edu/exhibits/show/novelties/anaglyphes/fontainebleau
omeka_6640,,asset,averynovelties_fer_099,averynovelties_fer,,,,,,,,,,,,,,,,,,,,,Image shown through glasses,,,,,,,,,,,,,,,,,,,,,,,,,,,,,,,,,,,,,,,,,,,,,,,,,,,,,,,,,,,,,,,,,,,,,,,original filename: 110178041.jpg,filename,,,,,,,,,https://exhibitions.cul.columbia.edu/exhibits/show/novelties/anaglyphes/istanbul
,,item,averynovelties_fer,,,,,books,aat,http://vocab.getty.edu/aat/300028051,photographs,aat,http://vocab.getty.edu/aat/300046300,1937,,,1937,"Avery Architectural & Fine Arts Library, Columbia University",NNC-A,marcorg,http://id.loc.gov/authorities/names/n80087582,Avery Classics Collection,AA535 F7 F738,Views in the album can be seen in relief by using the accompanying two-colour eye-glass inserted in the inside front cover.,Éditions en Anaglyphes. Fontainebleau en relief par les anaglyphes,Les,9116815,Kauffmann et Cie,corporate,Publisher,marcrelator,http://id.loc.gov/vocabulary/relators/pbl,,,,,,,,,,,,,,,,,,,,,,,Kauffmann et Cie,Paris (France),http://id.loc.gov/authorities/names/n79058874,,,"Château de Fontainebleau (Fontainebleau, France)",corporate,naf,http://id.loc.gov/authorities/names/n2008027560,,,,,,,,,Castles--France,lcsh,http://id.loc.gov/authorities/subjects/sh85020712,,,,Fontainebleau (France),naf,http://id.loc.gov/authorities/names/n81071962,,,,French,iso639-2,http://id.loc.gov/vocabulary/iso639-2/fre,,,,,,,,Book includes 3-D glasses,,,,reformatted digital,text,still image,3-D books,original format,"Book, 21 x 27 cm, includes 3-D glasses",Avery’s Architectural Novelties,http://www.columbia.edu/cgi-bin/cul/resolve?clio9427856,
omeka_6639,,asset,averynovelties_ikf_002,averynovelties_ikf,,,,,,,,,,,,,,,,,,,,,Cover of book with glasses next to it,,,,,,,,,,,,,,,,,,,,,,,,,,,,,,,,,,,,,,,,,,,,,,,,,,,,,,,,,,,,,,,,,,,,,,,original filename: 110178040.jpg,filename,,,,,,,,,https://exhibitions.cul.columbia.edu/exhibits/show/novelties/anaglyphes/istanbul
omeka_6638,,asset,averynovelties_ikf_001,averynovelties_ikf,,,,,,,,,,,,,,,,,,,,,View of book open,,,,,,,,,,,,,,,,,,,,,,,,,,,,,,,,,,,,,,,,,,,,,,,,,,,,,,,,,,,,,,,,,,,,,,,original filename: 110178039.jpg,filename,,,,,,,,,https://exhibitions.cul.columbia.edu/exhibits/show/novelties/anaglyphes/istanbul
omeka_6637,,asset,averynovelties_ikf_099,averynovelties_ikf,,,,,,,,,,,,,,,,,,,,,Image shown through glasses,,,,,,,,,,,,,,,,,,,,,,,,,,,,,,,,,,,,,,,,,,,,,,,,,,,,,,,,,,,,,,,,,,,,,,,original filename: 110178038.jpg,filename,,,,,,,,,https://exhibitions.cul.columbia.edu/exhibits/show/novelties/anaglyphes/fontainebleau
,,item,averynovelties_ikf,,,,,books,aat,http://vocab.getty.edu/aat/300028051,photographs,aat,http://vocab.getty.edu/aat/300046300,1900,1999,approximate,between 1900 and 1999,"Avery Architectural & Fine Arts Library, Columbia University",NNC-A,marcorg,http://id.loc.gov/authorities/names/n80087582,Avery Classics Collection,AA1365 Is76,"Saray Kitabevi (Series). Views of Museum of Ayasophia, Cistern of Philoxenius, Aqueducto of Valance, Mosque of Sultan Ahmet (Blue Mosque), Fountain of Ahmet III, University Gate, Mosque of Süleymaniye, Mosque of Beyazit, Old Seraglio: Pavilion of Bagdat, Old Seraglio: Pavilion of Revan, Mosque of Yenicami, Interior View of the Mosque of Süleymaniye, the Courtyard of the Mosque of Beyazıt, the Palace of Dolmabahçe, the Tower of the Bosphorus, Independence Street (İstiklâl Cad.), Eyüb and the Golden Horn",Éditions en Anaglyphes. Istanbul : kabartma fotograflarla,Les,9116762,Kauffmann et Cie,corporate,Publisher,marcrelator,http://id.loc.gov/vocabulary/relators/pbl,,,,,,,,,,,,,,,,,,,,,,,Kauffmann et Cie,Istanbul (Turkey),http://id.loc.gov/authorities/names/n79034985,Paris (France),http://id.loc.gov/authorities/names/n79058874,,,,,,,,,,,,,,,,,,,Istanbul (Turkey),naf,http://id.loc.gov/authorities/names/n79034985,,,,French,iso639-2,http://id.loc.gov/vocabulary/iso639-2/fre,Turkish,iso639-2,http://id.loc.gov/vocabulary/iso639-2/tur,English,iso639-2,http://id.loc.gov/vocabulary/iso639-2/eng,,Views in the album can be seen in relief by using the accompanying two-colour eye-glass inserted in the inside front cover,,,,reformatted digital,text,still image,3-D books,original format,21 x 27 cm,Avery’s Architectural Novelties,http://www.columbia.edu/cgi-bin/cul/resolve?clio9427856,
omeka_6636,,asset,averynovelties_pla_003,averynovelties_pla,,,,,,,,,,,,,,,,,,,,,"View with cards fanned out, 2",,,,,,,,,,,,,,,,,,,,,,,,,,,,,,,,,,,,,,,,,,,,,,,,,,,,,,,,,,,,,,,,,,,,,,,original filename: 110178037.jpg,filename,,,,,,,,,https://exhibitions.cul.columbia.edu/exhibits/show/novelties/decksofcards/playarchitecture
omeka_6635,,asset,averynovelties_pla_002,averynovelties_pla,,,,,,,,,,,,,,,,,,,,,View with cards fanned out,,,,,,,,,,,,,,,,,,,,,,,,,,,,,,,,,,,,,,,,,,,,,,,,,,,,,,,,,,,,,,,,,,,,,,,original filename: 110178036.jpg,filename,,,,,,,,,https://exhibitions.cul.columbia.edu/exhibits/show/novelties/decksofcards/playarchitecture
omeka_6634,,asset,averynovelties_pla_001,averynovelties_pla,,,,,,,,,,,,,,,,,,,,,Reverse of title card (rules),,,,,,,,,,,,,,,,,,,,,,,,,,,,,,,,,,,,,,,,,,,,,,,,,,,,,,,,,,,,,,,,,,,,,,,original filename: 110178035.jpg,filename,,,,,,,,,https://exhibitions.cul.columbia.edu/exhibits/show/novelties/decksofcards/playarchitecture
omeka_6633,,asset,averynovelties_pla_099,averynovelties_pla,,,,,,,,,,,,,,,,,,,,,Image of cards in case with title card on top,,,,,,,,,,,,,,,,,,,,,,,,,,,,,,,,,,,,,,,,,,,,,,,,,,,,,,,,,,,,,,,,,,,,,,,original filename: 110178034.jpg,filename,,,,,,,,,https://exhibitions.cul.columbia.edu/exhibits/show/novelties/decksofcards/playarchitecture
,,item,averynovelties_pla,,,,,playing cards,gmgpc,http://id.loc.gov/vocabulary/graphicMaterials/tgm007907,,,,1990,,approximate,circa 1990,"Avery Architectural & Fine Arts Library, Columbia University",NNC-A,marcorg,http://id.loc.gov/authorities/names/n80087582,Avery Classics Collection,AA650 P698 S,"Deck of cards containing portraits of twentieth-century architects and buildings. The theme of the pack is twentieth century architecture, the four suites: [diamonds] pre-modernism, [spades] modernism, [hearts] post-modernism, [clubs] de-structuralism.",Play architecture,,5494709,"Rakennustieto Oy (Helsinki, Finland)",corporate,Creator,marcrelator,http://id.loc.gov/vocabulary/relators/cre,,,,naf,http://id.loc.gov/authorities/names/n95043084,"Laitinen, I.",personal,Creator,marcrelator,http://id.loc.gov/vocabulary/relators/cre,,,,naf,http://id.loc.gov/authorities/names/no2013027835,,,,,,,,,Helsinki (Finland),http://id.loc.gov/authorities/names/n80123283,,,,,,,,,,,,,,,"Architecture, Modern--20th century",lcsh,http://id.loc.gov/authorities/subjects/sh85006834,,,,,,,,,,English,iso639-2,http://id.loc.gov/vocabulary/iso639-2/eng,,,,,,,,,,,,reformatted digital,still image,,,,"Standard 54-card deck, plus one title card in a plastic box, 9 x 6 cm",Avery’s Architectural Novelties,http://www.columbia.edu/cgi-bin/cul/resolve?clio9427856,
omeka_6632,,asset,averynovelties_sle_002,averynovelties_sle,,,,,,,,,,,,,,,,,,,,,Detail of an interior foldout including an architect's name,,,,,,,,,,,,,,,,,,,,,,,,,,,,,,,,,,,,,,,,,,,,,,,,,,,,,,,,,,,,,,,,,,,,,,,original filename: 110178033.jpg,filename,,,,,,,,,https://exhibitions.cul.columbia.edu/exhibits/show/novelties/stlouisinanutshell/stlouisinanutshell
omeka_6631,,asset,averynovelties_sle_001,averynovelties_sle,,,,,,,,,,,,,,,,,,,,,Open nutshell showing opening of photographs inside,,,,,,,,,,,,,,,,,,,,,,,,,,,,,,,,,,,,,,,,,,,,,,,,,,,,,,,,,,,,,,,,,,,,,,,original filename: 110178032.jpg,filename,,,,,,,,,https://exhibitions.cul.columbia.edu/exhibits/show/novelties/stlouisinanutshell/stlouisinanutshell
omeka_6630,,asset,averynovelties_sle_099,averynovelties_sle,,,,,,,,,,,,,,,,,,,,,Closed nutshell,,,,,,,,,,,,,,,,,,,,,,,,,,,,,,,,,,,,,,,,,,,,,,,,,,,,,,,,,,,,,,,,,,,,,,,original filename: 110178031.jpg,filename,,,,,,,,,https://exhibitions.cul.columbia.edu/exhibits/show/novelties/stlouisinanutshell/stlouisinanutshell
,,item,averynovelties_sle,,,,,objects,gmgpc,http://id.loc.gov/vocabulary/graphicMaterials/tgm007159,photographs,aat,http://vocab.getty.edu/aat/300046300,1904,,approximate,circa 1904,"Avery Architectural & Fine Arts Library, Columbia University",NNC-A,marcorg,http://id.loc.gov/authorities/names/n80087582,Avery Classics Collection,AA6750 Sa2 1904 N8,Nutshell case containing photographic views of the Louisiana Purchase Exposition held in St. Louis in 1904,St. Louis Exposition in a Nutshell,,600865,Nutshell Novelty Company,corporate,Creator,marcrelator,http://id.loc.gov/vocabulary/relators/cre,,,,,,,,,,,,,,,,,,,,,,,,Chicago (Ill.),http://id.loc.gov/authorities/names/n78086438,,,"Louisiana Purchase Exposition (1904 : Saint Louis, Mo.)",conference,naf,http://id.loc.gov/authorities/names/n79041776,,,,,,,,,Architecture,lcsh,http://id.loc.gov/authorities/subjects/sh85006611,,,,,,,,,,English,iso639-2,http://id.loc.gov/vocabulary/iso639-2/eng,,,,,,,,"Photographs of the exposition mounted on accordion-style paper, enclosed in a nutshell case with a red, white, and blue string tie",,,,reformatted digital,still image,,,,"1-1/2"" length of nutshell",Avery’s Architectural Novelties,http://www.columbia.edu/cgi-bin/cul/resolve?clio9427856,
omeka_6629,,asset,averynovelties_bny_001,averynovelties_bny,,,,,,,,,,,,,,,,,,,,,Case open showing photographs on accordion folds within,,,,,,,,,,,,,,,,,,,,,,,,,,,,,,,,,,,,,,,,,,,,,,,,,,,,,,,,,,,,,,,,,,,,,,,original filename: 110178030.jpg,filename,,,,,,,,,https://exhibitions.cul.columbia.edu/exhibits/show/novelties/buildingsofnyc/buildingsofnyc
omeka_6628,,asset,averynovelties_bny_099,averynovelties_bny,,,,,,,,,,,,,,,,,,,,,"Case cover, closed",,,,,,,,,,,,,,,,,,,,,,,,,,,,,,,,,,,,,,,,,,,,,,,,,,,,,,,,,,,,,,,,,,,,,,,original filename: 110178029.jpg,filename,,,,,,,,,https://exhibitions.cul.columbia.edu/exhibits/show/novelties/buildingsofnyc/buildingsofnyc
,,item,averynovelties_bny,,,,,objects,gmgpc,http://id.loc.gov/vocabulary/graphicMaterials/tgm007159,photographs,aat,http://vocab.getty.edu/aat/300046300,1870,1876,approximate,between 1870 and 1876,"Avery Architectural & Fine Arts Library, Columbia University",NNC-A,marcorg,http://id.loc.gov/authorities/names/n80087582,Avery Classics Collection,AA735 N4 1870 B65 S,"Albumen photographs of St. George's Church, Tabernacle Church, Academy of Design, Union Square, Grand Hotel, Grand Opera House, Academy of Music, Residence of A.T. Stewart, City Hall, Everett House, Union League House, St. Luke's Hospital.",Buildings in New York,,573808,Boston Diatite Company,corporate,Creator,marcrelator,http://id.loc.gov/vocabulary/relators/cre,Publisher,marcrelator,http://id.loc.gov/vocabulary/relators/pbl,,,,,,,,,,,,,,,,,,,,Boston Diatite Company,Boston (Mass.),http://id.loc.gov/authorities/names/n79045553,,,"St. George's Church (New York, N.Y.)",corporate,naf,http://id.loc.gov/authorities/names/n88636590,"Union League Club (New York, N.Y.)",corporate,naf,http://id.loc.gov/authorities/names/n82263470,National Academy of Design (U.S.),corporate,naf,http://id.loc.gov/authorities/names/n50074752,"New York (N.Y.)--Buildings, structures, etc",lcsh,http://id.loc.gov/authorities/subjects/sh2008116320,"Union Square (New York, N.Y.)",lcsh,http://id.loc.gov/authorities/subjects/sh94001065,,,,,,,English,iso639-2,http://id.loc.gov/vocabulary/iso639-2/eng,,,,,,,,"Housed in and attached to a covered round thermoplastic case (2"" in diameter).",,,,reformatted digital,still image,,,,"Comprises twelve round albumen print photos, mounted accordion-style on one folded strip of paper; 2"" diameter for case",Avery’s Architectural Novelties,http://www.columbia.edu/cgi-bin/cul/resolve?clio9427856,
omeka_6627,,asset,averynovelties_swp_002,averynovelties_swp,,,,,,,,,,,,,,,,,,,,,Close-up of several dissembled puzzle pieces,,,,,,,,,,,,,,,,,,,,,,,,,,,,,,,,,,,,,,,,,,,,,,,,,,,,,,,,,,,,,,,,,,,,,,,original filename: 110178028.jpg,filename,,,,,,,,,https://exhibitions.cul.columbia.edu/exhibits/show/novelties/sherwinwilliams/sherwinwilliams
omeka_6626,,asset,averynovelties_swp_001,averynovelties_swp,,,,,,,,,,,,,,,,,,,,,"Whole puzzle with all pieces completed, United States map side up",,,,,,,,,,,,,,,,,,,,,,,,,,,,,,,,,,,,,,,,,,,,,,,,,,,,,,,,,,,,,,,,,,,,,,,original filename: 110178027.jpg,filename,,,,,,,,,https://exhibitions.cul.columbia.edu/exhibits/show/novelties/sherwinwilliams/sherwinwilliams
omeka_6625,,asset,averynovelties_swp_099,averynovelties_swp,,,,,,,,,,,,,,,,,,,,,"Whole puzzle with all pieces completed, Sherwin-Williams advertisement side up",,,,,,,,,,,,,,,,,,,,,,,,,,,,,,,,,,,,,,,,,,,,,,,,,,,,,,,,,,,,,,,,,,,,,,,original filename: 110178026.jpg,filename,,,,,,,,,https://exhibitions.cul.columbia.edu/exhibits/show/novelties/sherwinwilliams/sherwinwilliams
,,item,averynovelties_swp,,,,,objects,gmgpc,http://id.loc.gov/vocabulary/graphicMaterials/tgm007159,maps,gmgpc,http://id.loc.gov/vocabulary/graphicMaterials/tgm006261,1887,1893,approximate,between 1887 and 1893,"Avery Architectural & Fine Arts Library, Columbia University",NNC-A,marcorg,http://id.loc.gov/authorities/names/n80087582,Avery Classics Collection,AT6050 SH58 1887 F,Double-sided jigsaw puzzle with an advertisement for Sherwin-Williams paints on one side and Clemens' map of the United States on the other,"Sherwin-Williams paints for exterior and interior use on structures, vehicles, etc.",,6444583,Sherwin-Williams Company,corporate,Publisher,marcrelator,http://id.loc.gov/vocabulary/relators/pbl,,,,naf,http://id.loc.gov/authorities/names/n89651863,"Clemens, E. J.",personal,Creator,marcrelator,http://id.loc.gov/vocabulary/relators/cre,,,,naf,http://id.loc.gov/authorities/names/no2002062407,,,,,,,,,Oneida County (N.Y.),http://id.loc.gov/authorities/names/n80073548,"Clayville, NY",,Sherwin-Williams Company,corporate,naf,http://id.loc.gov/authorities/names/n89651863,,,,,,,,,Paint industry and trade,lcsh,http://id.loc.gov/authorities/subjects/sh85096629,,,,United States,naf,http://id.loc.gov/authorities/names/n78095330,,,,English,iso639-2,http://id.loc.gov/vocabulary/iso639-2/eng,,,,,,,,,,,,reformatted digital,mixed material,cartographic,,,"Jigsaw puzzle with 49 pieces, paper glued on wood; 29 x 40 cm",Avery’s Architectural Novelties,http://www.columbia.edu/cgi-bin/cul/resolve?clio9427856,
omeka_6624,,asset,averynovelties_vie_002,averynovelties_vie,,,,,,,,,,,,,,,,,,,,,View with cards fanned out,,,,,,,,,,,,,,,,,,,,,,,,,,,,,,,,,,,,,,,,,,,,,,,,,,,,,,,,,,,,,,,,,,,,,,,original filename: 110178025.jpg,filename,,,,,,,,,https://exhibitions.cul.columbia.edu/exhibits/show/novelties/decksofcards/windsorcastle
omeka_6623,,asset,averynovelties_vie_001,averynovelties_vie,,,,,,,,,,,,,,,,,,,,,"Front of leather case, open, with cards arranged next to it in a stack",,,,,,,,,,,,,,,,,,,,,,,,,,,,,,,,,,,,,,,,,,,,,,,,,,,,,,,,,,,,,,,,,,,,,,,original filename: 110178024.jpg,filename,,,,,,,,,https://exhibitions.cul.columbia.edu/exhibits/show/novelties/decksofcards/windsorcastle
omeka_6622,,asset,averynovelties_vie_099,averynovelties_vie,,,,,,,,,,,,,,,,,,,,,"Front of leather case, closed",,,,,,,,,,,,,,,,,,,,,,,,,,,,,,,,,,,,,,,,,,,,,,,,,,,,,,,,,,,,,,,,,,,,,,,original filename: 110178023.jpg,filename,,,,,,,,,https://exhibitions.cul.columbia.edu/exhibits/show/novelties/decksofcards/windsorcastle
,,item,averynovelties_vie,,,,,photographs,aat,http://vocab.getty.edu/aat/300046300,prints,gmgpc,http://id.loc.gov/vocabulary/graphicMaterials/tgm008237,1852,,,1852,"Avery Architectural & Fine Arts Library, Columbia University",NNC-A,marcorg,http://id.loc.gov/authorities/names/n80087582,Avery Classics Collection,AA447 W6 N2533 S,"Interior and exterior views of Windsor castle, forming a supplement to Joseph Nash's Mansions of England",Views of the interior and exterior of Windsor Castle : forming a supplemental volume to the Mansions of England,,8554732,"Nash, Joseph, 1809-1878",personal,Artist,marcrelator,http://id.loc.gov/vocabulary/relators/art,Lithographer,marcrelator,http://id.loc.gov/vocabulary/relators/ltg,naf,http://id.loc.gov/authorities/names/no2002088311,,,,,,,,,,,,,,,,,,,London (England),http://id.loc.gov/authorities/names/n79005665,,,Windsor Castle,corporate,naf,http://id.loc.gov/authorities/names/n50067807,,,,,,,,,,,,,,,,,,,,,English,iso639-2,http://id.loc.gov/vocabulary/iso639-2/eng,,,,,,,,,,,,reformatted digital,still image,,,,"Red leather case containing 25 photoprints, 7 x 11 cm",Avery’s Architectural Novelties,http://www.columbia.edu/cgi-bin/cul/resolve?clio9427856,
omeka_6621,,asset,averynovelties_dps_003,averynovelties_dps,,,,,,,,,,,,,,,,,,,,,View of case closed,,,,,,,,,,,,,,,,,,,,,,,,,,,,,,,,,,,,,,,,,,,,,,,,,,,,,,,,,,,,,,,,,,,,,,,Original Filename: 110178022.jpg,filename,,,,,,,,,https://exhibitions.cul.columbia.edu/exhibits/show/novelties/documenta/documenta
omeka_6620,,asset,averynovelties_dps_002,averynovelties_dps,,,,,,,,,,,,,,,,,,,,,View of case open,,,,,,,,,,,,,,,,,,,,,,,,,,,,,,,,,,,,,,,,,,,,,,,,,,,,,,,,,,,,,,,,,,,,,,,Original Filename: 110178021.jpg,filename,,,,,,,,,https://exhibitions.cul.columbia.edu/exhibits/show/novelties/documenta/documenta
omeka_6619,,asset,averynovelties_dps_001,averynovelties_dps,,,,,,,,,,,,,,,,,,,,,"Unrolled illustration with case, 2",,,,,,,,,,,,,,,,,,,,,,,,,,,,,,,,,,,,,,,,,,,,,,,,,,,,,,,,,,,,,,,,,,,,,,,Original Filename: 110178020.jpg,filename,,,,,,,,,https://exhibitions.cul.columbia.edu/exhibits/show/novelties/documenta/documenta
omeka_6618,,asset,averynovelties_dps_099,averynovelties_dps,,,,,,,,,,,,,,,,,,,,,Unrolled illustration with case,,,,,,,,,,,,,,,,,,,,,,,,,,,,,,,,,,,,,,,,,,,,,,,,,,,,,,,,,,,,,,,,,,,,,,,Original Filename: 110178019.jpg,filename,,,,,,,,,https://exhibitions.cul.columbia.edu/exhibits/show/novelties/documenta/documenta
,,item,averynovelties_dps,,,,,objects,gmgpc,http://id.loc.gov/vocabulary/graphicMaterials/tgm007159,drawings,gmgpc,http://id.loc.gov/vocabulary/graphicMaterials/tgm003279,1970,,,1970,"Avery Architectural & Fine Arts Library, Columbia University",NNC-A,marcorg,http://id.loc.gov/authorities/names/n80087582,Avery Classics Collection,AA685 So43 W1533,"Catalog of an exhibition held at the Corcoran Gallery of Art, February 20-April 5, 1970",Documenta; the Paolo Soleri retrospective,,348807,"Wall, Donald",personal,Creator,marcrelator,http://id.loc.gov/vocabulary/relators/cre,,,,naf,http://id.loc.gov/authorities/names/n50019631,"Soleri, Paolo, 1919-2013",personal,Artist,marcrelator,http://id.loc.gov/vocabulary/relators/art,,,,naf,http://id.loc.gov/authorities/names/n50016748,,,,,,,,Corcoran Gallery of Art,Washington (D.C.),http://id.loc.gov/authorities/names/n79018774,,,"Soleri, Paolo, 1919-2013",personal,naf,http://id.loc.gov/authorities/names/n50016748,,,,,,,,,Architecture,lcsh,http://id.loc.gov/authorities/subjects/sh85006611,,,,,,,,,,English,iso639-2,http://id.loc.gov/vocabulary/iso639-2/eng,,,,,,,,,,,,reformatted digital,three dimensional object,still image,,,"84 pages (including cover), illustrations 25 cm., and case (with 16 rolls of illustrations) 28 cm.",Avery’s Architectural Novelties,http://www.columbia.edu/cgi-bin/cul/resolve?clio9427856,
omeka_6617,,asset,averynovelties_mtn_002,averynovelties_mtn,,,,,,,,,,,,,,,,,,,,,Close-up of three cards,,,,,,,,,,,,,,,,,,,,,,,,,,,,,,,,,,,,,,,,,,,,,,,,,,,,,,,,,,,,,,,,,,,,,,,original filename: 110178018.jpg,filename,,,,,,,,,https://exhibitions.cul.columbia.edu/exhibits/show/novelties/masonictemple/masonictemple
omeka_6616,,asset,averynovelties_mtn_001,averynovelties_mtn,,,,,,,,,,,,,,,,,,,,,"View of case, open with cards fanned out",,,,,,,,,,,,,,,,,,,,,,,,,,,,,,,,,,,,,,,,,,,,,,,,,,,,,,,,,,,,,,,,,,,,,,,original filename: 110178017.jpg,filename,,,,,,,,,https://exhibitions.cul.columbia.edu/exhibits/show/novelties/masonictemple/masonictemple
omeka_6615,,asset,averynovelties_mtn_099,averynovelties_mtn,,,,,,,,,,,,,,,,,,,,,"View of case, closed",,,,,,,,,,,,,,,,,,,,,,,,,,,,,,,,,,,,,,,,,,,,,,,,,,,,,,,,,,,,,,,,,,,,,,,original filename: 110178016.jpg,filename,,,,,,,,,
,,item,averynovelties_mtn,,,,,photographs,aat,http://vocab.getty.edu/aat/300046300,,,,1875,,approximate,circa 1875,"Avery Architectural & Fine Arts Library, Columbia University",NNC-A,marcorg,http://id.loc.gov/authorities/names/n80087582,Avery Classics Collection,AA735 N4 ZM383 S,"Stereographs of the Masonic Temple located on the northeast corner of 23rd Street and 6th Avenue. The building was designed by N. Le Brun, its cornerstone laid on June 8th, 1870. The building was dedicated on June 2nd 1875.",Masonic Temple New York City,,6030281,E. & H.T. Anthony (Firm),corporate,Creator,marcrelator,http://id.loc.gov/vocabulary/relators/cre,Publisher,marcrelator,http://id.loc.gov/vocabulary/relators/pbl,naf,http://id.loc.gov/authorities/names/n79021575,,,,,,,,,,,,,,,,,,,New York (N.Y.),http://id.loc.gov/authorities/names/n79007751,,,"Le Brun, Napoleon, 1821-1901",personal,naf,http://id.loc.gov/authorities/names/nr93019642,,,,,,,,,Freemasons,lcsh,http://id.loc.gov/authorities/subjects/sh85051727,Temples,lcsh,http://id.loc.gov/authorities/subjects/sh85133743,,,,,,,English,iso639-2,http://id.loc.gov/vocabulary/iso639-2/eng,,,,,,,,,,,,reformatted digital,still image,,,,"26 photographic prints on stereo cards, 11 x 18 cm",Avery’s Architectural Novelties,http://www.columbia.edu/cgi-bin/cul/resolve?clio9427856,
omeka_6614,,asset,averynovelties_saf_002,averynovelties_saf,,,,,,,,,,,,,,,,,,,,,View of novelty from other side,,,,,,,,,,,,,,,,,,,,,,,,,,,,,,,,,,,,,,,,,,,,,,,,,,,,,,,,,,,,,,,,,,,,,,,original filename: 110178015.jpg,filename,,,,,,,,,https://exhibitions.cul.columbia.edu/exhibits/show/novelties/souvenirs/staugustine
omeka_6613,,asset,averynovelties_saf_001,averynovelties_saf,,,,,,,,,,,,,,,,,,,,,View of novelty from side,,,,,,,,,,,,,,,,,,,,,,,,,,,,,,,,,,,,,,,,,,,,,,,,,,,,,,,,,,,,,,,,,,,,,,,original filename: 110178014.jpg,filename,,,,,,,,,https://exhibitions.cul.columbia.edu/exhibits/show/novelties/souvenirs/staugustine
omeka_6612,,asset,averynovelties_saf_099,averynovelties_saf,,,,,,,,,,,,,,,,,,,,,View of novelty from top,,,,,,,,,,,,,,,,,,,,,,,,,,,,,,,,,,,,,,,,,,,,,,,,,,,,,,,,,,,,,,,,,,,,,,,original filename: 110178013.jpg,filename,,,,,,,,,https://exhibitions.cul.columbia.edu/exhibits/show/novelties/souvenirs/staugustine
,,item,averynovelties_saf,,,,,objects,gmgpc,http://id.loc.gov/vocabulary/graphicMaterials/tgm007159,photographs,aat,http://vocab.getty.edu/aat/300046300,1880,1890,approximate,between 1880 and 1890,"Avery Architectural & Fine Arts Library, Columbia University",NNC-A,marcorg,http://id.loc.gov/authorities/names/n80087582,Avery Classics Collection,AA735 Sa18 Sa18 S,Novelty format with lithographic illustrations,"Saint Augustine, Florida",,7703177,,,,,,,,,,,,,,,,,,,,,,,,,,,,,Saint Augustine (Fla.),http://id.loc.gov/authorities/names/n79095312,,,,,,,,,,,,,,,Buildings,lcsh,http://id.loc.gov/authorities/subjects/sh85017769,,,,Saint Augustine (Fla.),naf,http://id.loc.gov/authorities/names/n79095312,,,,English,iso639-2,http://id.loc.gov/vocabulary/iso639-2/eng,,,,,,,,"Each image is mounted on blue board with gold decoration, eight images in the upper half facing inward, eight in the lower half facing outward. In the center of the upper half is a color image of (local?) flora.",,,,reformatted digital,still image,three dimensional object,,,"Sixteen lithographic images are mounted in a structure which resembles a lotus flower or a standing rib roast; images 4 cm diameter, on mount 11 x 19 x 19 cm",Avery’s Architectural Novelties,http://www.columbia.edu/cgi-bin/cul/resolve?clio9427856,
omeka_6611,,asset,averynovelties_sny_002,averynovelties_sny,,,,,,,,,,,,,,,,,,,,,Detail of one card,,,,,,,,,,,,,,,,,,,,,,,,,,,,,,,,,,,,,,,,,,,,,,,,,,,,,,,,,,,,,,,,,,,,,,,original filename: 110178010.jpg,filename,,,,,,,,,https://exhibitions.cul.columbia.edu/exhibits/show/novelties/decksofcards/goodluck
omeka_6610,,asset,averynovelties_sny_001,averynovelties_sny,,,,,,,,,,,,,,,,,,,,,View of five or six cards fanned out,,,,,,,,,,,,,,,,,,,,,,,,,,,,,,,,,,,,,,,,,,,,,,,,,,,,,,,,,,,,,,,,,,,,,,,original filename: 110178009.jpg,filename,,,,,,,,,https://exhibitions.cul.columbia.edu/exhibits/show/novelties/decksofcards/goodluck
omeka_6609,,asset,averynovelties_sny_099,averynovelties_sny,,,,,,,,,,,,,,,,,,,,,"View of case with ""Good Luck"" cover",,,,,,,,,,,,,,,,,,,,,,,,,,,,,,,,,,,,,,,,,,,,,,,,,,,,,,,,,,,,,,,,,,,,,,,original filename: 110178008.jpg,filename,,,,,,,,,https://exhibitions.cul.columbia.edu/exhibits/show/novelties/decksofcards/goodluck
,,item,averynovelties_sny,,,,,playing cards,gmgpc,http://id.loc.gov/vocabulary/graphicMaterials/tgm007907,,,,1911,,approximate,circa 1911,"Avery Architectural & Fine Arts Library, Columbia University",NNC-A,marcorg,http://id.loc.gov/authorities/names/n80087582,Avery Classics Collection,AA735 N4 So893 S,Deck of playing cards with photographs of buildings in New York City,Souvenir of New York,,9065448,"Loeffler, A. (August J.)",personal,Creator,marcrelator,http://id.loc.gov/vocabulary/relators/cre,Photographer,marcrelator,http://id.loc.gov/vocabulary/relators/pht,naf,http://id.loc.gov/authorities/names/no2015140191,,,,,,,,,,,,,,,,,,,New York (N.Y.),http://id.loc.gov/authorities/names/n79007751,,,,,,,,,,,,,,,New York (N.Y.)--Pictorial works,lcsh,http://id.loc.gov/authorities/subjects/sh2008116322,"Pennsylvania Station (New York, N.Y.)",lcsh,http://id.loc.gov/authorities/subjects/sh85099554,New York (N.Y.),naf,http://id.loc.gov/authorities/names/n79007751,,,,English,iso639-2,http://id.loc.gov/vocabulary/iso639-2/eng,,,,,,,,,,,,reformatted digital,still image,,,,"Leather case containing 52 playing cards with photographic views; Illustrations 9 x 7 cm, in case 7 x 10 cm",Avery’s Architectural Novelties,http://www.columbia.edu/cgi-bin/cul/resolve?clio9427856,
omeka_6608,,asset,averynovelties_wdc_002,averynovelties_wdc,,,,,,,,,,,,,,,,,,,,,Detail of one of the building images,,,,,,,,,,,,,,,,,,,,,,,,,,,,,,,,,,,,,,,,,,,,,,,,,,,,,,,,,,,,,,,,,,,,,,,original filename: 110178007.jpg,filename,,,,,,,,,https://exhibitions.cul.columbia.edu/exhibits/show/novelties/souvenirs/washington
omeka_6607,,asset,averynovelties_wdc_001,averynovelties_wdc,,,,,,,,,,,,,,,,,,,,,View of paper folded with flower on top,,,,,,,,,,,,,,,,,,,,,,,,,,,,,,,,,,,,,,,,,,,,,,,,,,,,,,,,,,,,,,,,,,,,,,,original filename: 110178006.jpg,filename,,,,,,,,,https://exhibitions.cul.columbia.edu/exhibits/show/novelties/souvenirs/washington
omeka_6606,,asset,averynovelties_wdc_099,averynovelties_wdc,,,,,,,,,,,,,,,,,,,,,View of paper unfolded,,,,,,,,,,,,,,,,,,,,,,,,,,,,,,,,,,,,,,,,,,,,,,,,,,,,,,,,,,,,,,,,,,,,,,,original filename: 110178005.jpg,filename,,,,,,,,,https://exhibitions.cul.columbia.edu/exhibits/show/novelties/souvenirs/washington
,,item,averynovelties_wdc,,,,,objects,gmgpc,http://id.loc.gov/vocabulary/graphicMaterials/tgm007159,illustrations,gmgpc,http://id.loc.gov/vocabulary/graphicMaterials/tgm005314,1880,1890,approximate,between 1880 and 1890,"Avery Architectural & Fine Arts Library, Columbia University",NNC-A,marcorg,http://id.loc.gov/authorities/names/n80087582,Avery Classics Collection,AA735 W2 W285 S,"Paper fold-out novelty with lithographic illustrations of Washington, D.C. The novelty of this piece is its form, unfolded it looks like a doily; folded it looks like a folded fan.","Washington, D.C. : novelty format with lithographic illustrations",,9065372,,,,,,,,,,,,,,,,,,,,,,,,,,,,,Washington (D.C.),http://id.loc.gov/authorities/names/n79018774,,,,,,,,,,,,,,,Washington (D.C.)--Pictorial works,lcsh,http://id.loc.gov/authorities/subjects/sh2008117383,"Washington (D.C.)--Buildings, structures, etc",lcsh,http://id.loc.gov/authorities/subjects/sh2008117388,Washington (D.C.),naf,http://id.loc.gov/authorities/names/n79018774,,,,English,iso639-2,http://id.loc.gov/vocabulary/iso639-2/eng,,,,,,,,,,,,reformatted digital,mixed material,,,,"Comprises 28 images of buildings and other sites in Washington D.C., 26 cm circumference, folded to 13 x 8 cm",Avery’s Architectural Novelties,http://www.columbia.edu/cgi-bin/cul/resolve?clio9427856,
omeka_6605,,asset,averynovelties_mvs_003,averynovelties_mvs,,,,,,,,,,,,,,,,,,,,,Dutch Colonial house,,,,,,,,,,,,,,,,,,,,,,,,,,,,,,,,,,,,,,,,,,,,,,,,,,,,,,,,,,,,,,,,,,,,,,,original filename: 110178004.jpg,filename,,,,,,,,,https://exhibitions.cul.columbia.edu/exhibits/show/novelties/modelvillage/modelvillage
omeka_6604,,asset,averynovelties_mvs_002,averynovelties_mvs,,,,,,,,,,,,,,,,,,,,,"Grocery store, general store",,,,,,,,,,,,,,,,,,,,,,,,,,,,,,,,,,,,,,,,,,,,,,,,,,,,,,,,,,,,,,,,,,,,,,,original filename: 110178003.jpg,filename,,,,,,,,,https://exhibitions.cul.columbia.edu/exhibits/show/novelties/modelvillage/modelvillage
omeka_6603,,asset,averynovelties_mvs_001,averynovelties_mvs,,,,,,,,,,,,,,,,,,,,,View of police and fire station card,,,,,,,,,,,,,,,,,,,,,,,,,,,,,,,,,,,,,,,,,,,,,,,,,,,,,,,,,,,,,,,,,,,,,,,original filename: 110178002.jpg,filename,,,,,,,,,https://exhibitions.cul.columbia.edu/exhibits/show/novelties/modelvillage/modelvillage
omeka_6602,,asset,averynovelties_mvs_099,averynovelties_mvs,,,,,,,,,,,,,,,,,,,,,View of cover,,9046277,,,,,,,,,,,,,,,,,,,,,,,,,,,,,,,,,,,,,,,,,,,,,,,,,,,,,,,,,,,,,,,,,,,,,original filename: 110178001.jpg,filename,,,,,,,,,https://exhibitions.cul.columbia.edu/exhibits/show/novelties/modelvillage/modelvillage
,,item,averynovelties_mvs,,,,,objects,gmgpc,http://id.loc.gov/vocabulary/graphicMaterials/tgm007159,mixed materials,lcrt,http://id.loc.gov/vocabulary/resourceTypes/mix,1924,,,1924,"Avery Architectural & Fine Arts Library, Columbia University",NNC-A,marcorg,http://id.loc.gov/authorities/names/n80087582,Avery Classics Collection,AA9105 R73,"Unmade paper model in sheet form showing a model village. Each object is intended to be colored, cut out and mounted.",Model village for sand table and project work,,9046277,"Ross, Penny",personal,Creator,marcrelator,http://id.loc.gov/vocabulary/relators/cre,,,,,,Ideal School Supply Company,corporate,Publisher,marcrelator,http://id.loc.gov/vocabulary/relators/pbl,,,,naf,http://id.loc.gov/authorities/names/no99040970,,,,,,,,,Chicago (Ill.),http://id.loc.gov/authorities/names/n78086438,,,,,,,,,,,,,,,Villages--United States,lcsh,http://id.loc.gov/authorities/subjects/sh2010117896,Buildings,lcsh,http://id.loc.gov/authorities/subjects/sh85017769,,,,,,,English,iso639-2,http://id.loc.gov/vocabulary/iso639-2/eng,,,,,,,,"One sheet of instructions, one sheet depicting a car, one sheet depicting accessories including a flag, a fountain and traffic signals, three sheets depicting people, and ten sheets depicting buildings including: a Studio, a Post Office, the Police and Fire Station, the Drugs Store, the Grocery Shop, a Hotel, a Church, a two Houses and a Bandstand.",,,,reformatted digital,mixed material,,,,16 leaves; each illustration 24 x 16 cm,Avery’s Architectural Novelties,http://www.columbia.edu/cgi-bin/cul/resolve?clio9427856,
