identifier_omeka,physicalLocation,form,keyDate_start,digitalOrigin,languageOfCataloging,relatedItem_collection,shelfLocator,note,place,dateQualifier,title,dateCreated,language,name_primary,subject_topic,relatedItem_note,abstract,publisher,accessCondition,form 2,note_filename,relatedItem_Project,typeOfResource,relatedItem_title
omeka_identifier-1:omeka_identifier_value,location-1:location_term.value,form-1:form_term.value,	date_created-1:date_created_start_value,	digital_origin-1:digital_origin_value,"	

language_of_cataloging-1:language_of_cataloging_term.value",	collection-1:collection_term.value,location-1:location_shelf_location-1:location_shelf_location_free_text,note-1:note_value,place_of_origin-1:place_of_origin_value,	date_created-1:date_created_type,	title-1:title_sort_portion,date_created_textual-1:date_created_textual_value,	language-1:language_term.value,name-1:name_term.value,subject_topic-1:subject_topic_term.value,note-7:note_value,	abstract-1:abstract_value,	publisher-1:publisher_value,	use_and_reproduction-1:use_and_reproduction_value,form-2:form_term.value,"note-4:note_value
",,type_of_resource-1:type_of_resource_value,"note-8:note_value
"
9155,"Rare Book & Manuscript Library, Columbia University",transcripts,,born digital,eng,,,,,,Record of Fugitives. Transcription,,eng,"Gay, Sydney Howard, 1814-1888",Fugitive slaves--United States,,"Transcription of book 1, book 2, and addenda (additional scattered notes) in PDF format.",,,,Record_of_Fugitives_transcription.pdf,Sydney Howard Gay’s Record of Fugitive Slaves,Document,
9154,"Rare Book & Manuscript Library, Columbia University",manuscripts,,reformatted digital,eng,,,,,,Record of Fugitives. Facsimile,,eng,"Gay, Sydney Howard, 1814-1888",Fugitive slaves--United States,,"Facsimile of book 1, book 2, and the addenda (additional scattered notes) in PDF format.",,,,Record_of_Fugitives_facsimile.pdf,Sydney Howard Gay’s Record of Fugitive Slaves,,
9153,"Rare Book & Manuscript Library, Columbia University",periodicals,1838,reformatted digital,eng,,,At head of title: Vol. 1. No. 4,New York and Boston,,What has the North to do with Slavery? ,1838,,,Slavery--United States,"The American anti-slavery almanac, for 1839.","Illustration is a detail from the front cover of The American anti-slavery almanac, for 1839.",New York & Boston : Published for the American Anti-slavery Society; New York : S.W. Benedict; Boston : I. Knapp,,,1500050005 -- edited.jpg,Sydney Howard Gay’s Record of Fugitive Slaves,,
9152,"Rare Book & Manuscript Library, Columbia University",periodicals,1836,reformatted digital,eng,,,At head of title: Vol. 1. No. 2,Boston,,Sketch from God’s description of the “Consequences of Emancipation.” Isa. 58. ,1836,,,Slavery--United States,"The American anti-slavery almanac, for 1837","Illustration is a detail from the front cover of The American anti-slavery almanac, for 1837.",Boston: N. Southard & D.K. Hitchcock.  ,,,1500050002 edited.jpg,Sydney Howard Gay’s Record of Fugitive Slaves,,
9151,"Rare Book & Manuscript Library, Columbia University",periodicals,1836,reformatted digital,eng,,,At head of title: Vol. 1. No. 2,Boston ,,Children’s Department. ,1836,eng,,Slavery--United States,"The American anti-slavery almanac, for 1837","Illustration is a detail form p. 41 of The American anti-slavery almanac, for 1837",Boston: N. Southard & D.K. Hitchcock. ,,,1500050004.jpg,Sydney Howard Gay’s Record of Fugitive Slaves,,
9150,"Rare Book & Manuscript Library, Columbia University",periodicals,1838,reformatted digital,eng,,,At head of title: Vol. 1. No. 4,New York and Boston,,Printing Press Demolished at Slavery's Bidding. ,1838,eng,,Slavery--United States,"The American anti-slavery almanac, for 1839.","Illustration is a detail from page 11 of The American anti-slavery almanac, for 1839",New York & Boston : Published for the American Anti-slavery Society; New York : S.W. Benedict; Boston : I. Knapp,,,1500050008.jpg,Sydney Howard Gay’s Record of Fugitive Slaves,,
9148,Massachusetts Historical Society,photographs,1850 -1888,,,,,,,inferred,Sydney Howard Gay portrait photograph,Photograph dates between 1850-1888 based on the earliest date of the collection and Gay's death date.,,,"Gay, Sydney Howard, 1814-1888",,Photograph from Massachusetts Historical Society Portraits of American Abolitionists 1850-1890 collection,,From the Collection of the Massachusetts Historical Society.,,P1-7b_sgay_work.jpg,Sydney Howard Gay’s Record of Fugitive Slaves,,"Portraits of American Abolitionists, Photo. Coll. 81, Massachusetts Historical Society Photo Archives"
8999,"Rare Book & Manuscript Library, Columbia University",periodicals,1838,reformatted digital,eng,,,At head of title: Vol. 1. No. 4,New York and Boston,,Nation’s Act,1838,eng,,Slavery--United States,"The American anti-slavery almanac, for 1839","Illustration is a detail from page 7 of The American anti-slavery almanac, for 1839",New York & Boston : Published for the American Anti-slavery Society; New York : S.W. Benedict; Boston : I. Knapp,,,1500050006.jpg,Sydney Howard Gay’s Record of Fugitive Slaves,,
8998,"Rare Book & Manuscript Library, Columbia University",periodicals,1838,reformatted digital,eng,,,At head of title: Vol. 1. No. 4,New York and Boston,,Colored Scholars Excluded from Schools. ,1838,eng,,Slavery--United States,"The American anti-slavery almanac, for 1839.","Illustration is a detail from page 13 of The American anti-slavery almanac, for 1839",New York & Boston : Published for the American Anti-slavery Society; New York : S.W. Benedict; Boston : I. Knapp,,,1500050009.jpg,Sydney Howard Gay’s Record of Fugitive Slaves,,
8997,"Rare Book & Manuscript Library, Columbia University",periodicals,1838,reformatted digital,eng,,,At head of title: Vol. 1. No. 4,New York and Boston,,Peep at Slavery,1838,eng,,Slavery--United States,"The American anti-slavery almanac, for 1839.","Illustration and text are details from page 31 of The American anti-slavery almanac, for 1839",New York & Boston : Published for the American Anti-slavery Society; New York : S.W. Benedict; Boston : I. Knapp,,,1500050010.jpg,Sydney Howard Gay’s Record of Fugitive Slaves,,
8992,"Rare Book & Manuscript Library, Columbia University",periodicals,1839,,,,,,,,"Northern Freeman Enslaved by Northern Hands. The American Anti-Slavery Almanac, vol. 1, no. 4 (1839), page. 19. ",1839,,,Fugitive slaves--United States,,Illustration is a detail from page 19 ,American Anti-Slavery Almanac,,reformatted digital,FreemanOmeka04.jpg,Sydney Howard Gay’s Record of Fugitive Slaves,,
,,,,,,,,,,,,,,,,,Title is from image caption.,,,,,,,
8991,"Rare Book & Manuscript Library, Columbia University",,1850-10-17,reformatted digital,eng,,,,New York [N.Y.],,"Fugitive slave law.....Hamlet in chains.  National anti-slavery standard. Vol. 21 (Oct. 17, 1850), page 82. ","Oct. 17, 1850",,,Fugitive slaves--United States,,Illustration is a detail from page 82,American Anti-Slavery Society,,,HamletinChains.jpg,Sydney Howard Gay’s Record of Fugitive Slaves,Still Image,
8988,"Rare Book & Manuscript Library, Columbia University",manuscripts,1857,reformatted digital,eng,Sydney Howard Gay Papers,"Box 72, Folder 4, MS0475",,,inferred,"Record of Fugitives. Addenda, page [16]",undated,eng,"Gay, Sydney Howard, 1814-1888",,Fugitive slaves--United States,,,,,http://ldpd.cul.columbia.edu/slave/1402520016.jpg,Sydney Howard Gay’s Record of Fugitive Slaves,Still Image,
8987,"Rare Book & Manuscript Library, Columbia University",manuscripts,1857,reformatted digital,eng,Sydney Howard Gay Papers,"Box 72, Folder 4, MS0475",Reverse of undated document in hand of James Morris,,inferred,"Record of Fugitives. Addenda, page [15]",undated,eng,"Gay, Sydney Howard, 1814-1888",,Fugitive slaves--United States,,,,,http://ldpd.cul.columbia.edu/slave/1402520015.jpg,Sydney Howard Gay’s Record of Fugitive Slaves,Still Image,
8986,"Rare Book & Manuscript Library, Columbia University",manuscripts,1857,reformatted digital,eng,Sydney Howard Gay Papers,"Box 72, Folder 4, MS0475",,,inferred,"Record of Fugitives. Addenda, page [14]",undated,eng,"Gay, Sydney Howard, 1814-1888",,Fugitive slaves--United States,,,,,http://ldpd.cul.columbia.edu/slave/1402520014.jpg,Sydney Howard Gay’s Record of Fugitive Slaves,Still Image,
8985,"Rare Book & Manuscript Library, Columbia University",manuscripts,1856-12-30,reformatted digital,eng,Sydney Howard Gay Papers,"Box 72, Folder 4, MS0475",Reverse  of Dec. 30 1856 document regarding Albert McCealee [?} and John Edward Drayton,,,"Record of Fugitives. Addenda, page [13]",Dec. 30th 1856,eng,"Gay, Sydney Howard, 1814-1888",,Fugitive slaves--America,,,,,http://ldpd.cul.columbia.edu/slave/1402520013.jpg,Sydney Howard Gay’s Record of Fugitive Slaves,Still Image,
8984,"Rare Book & Manuscript Library, Columbia University",manuscripts,1856-12-30,reformatted digital,eng,Sydney Howard Gay Papers,"Box 72, Folder 4, MS0475",,,,"Record of Fugitives. Addenda, page [12]",Dec. 30th 1856,eng,"Gay, Sydney Howard, 1814-1888",,Fugitive slaves--America,,,,,http://ldpd.cul.columbia.edu/slave/1402520012.jpg,Sydney Howard Gay’s Record of Fugitive Slaves,Still Image,
8983,"Rare Book & Manuscript Library, Columbia University",manuscripts,1856-12-29,reformatted digital,eng,Sydney Howard Gay Papers,"Box 72, Folder 4, MS0475",,,,"Record of Fugitives. Addenda, page [11]",Dec. 29th 1856,eng,"Gay, Sydney Howard, 1814-1888",,Fugitive slaves--America,,,,,http://ldpd.cul.columbia.edu/slave/1402520011.jpg,Sydney Howard Gay’s Record of Fugitive Slaves,Still Image,
8982,"Rare Book & Manuscript Library, Columbia University",manuscripts,1856-12-29,reformatted digital,eng,Sydney Howard Gay Papers,"Box 72, Folder 4, MS0475",,,,"Record of Fugitives. Addenda, page [10]",Dec. 29th 1856,eng,"Gay, Sydney Howard, 1814-1888",,Fugitive slaves--America,,,,,http://ldpd.cul.columbia.edu/slave/1402520010.jpg,Sydney Howard Gay’s Record of Fugitive Slaves,Still Image,
8981,"Rare Book & Manuscript Library, Columbia University",manuscripts,1856-12-08,reformatted digital,eng,Sydney Howard Gay Papers,"Box 72, Folder 4, MS0475",,,,"Record of Fugitives. Addenda, page [9]",Dec. 8th 1856,eng,"Gay, Sydney Howard, 1814-1888",,Fugitive slaves--America,,,,,http://ldpd.cul.columbia.edu/slave/1402520009.jpg,Sydney Howard Gay’s Record of Fugitive Slaves,Still Image,
8980,"Rare Book & Manuscript Library, Columbia University",manuscripts,1856-11 1856-12,reformatted digital,eng,Sydney Howard Gay Papers,"Box 72, Folder 4, MS0475",,,inferred,"Record of Fugitives. Addenda, page [8]",Between Nov. 27th and Dec. 8th 1856 ,eng,"Gay, Sydney Howard, 1814-1888",,Fugitive slaves--America,,,,,http://ldpd.cul.columbia.edu/slave/1402520008.jpg,Sydney Howard Gay’s Record of Fugitive Slaves,Still Image,
8979,"Rare Book & Manuscript Library, Columbia University",manuscripts,1856-11-27,reformatted digital,eng,Sydney Howard Gay Papers,"Box 72, Folder 4, MS0475",,,,"Record of Fugitives. Addenda, page [7]",Nov. 27th 1856,eng,"Gay, Sydney Howard, 1814-1888",,Fugitive slaves--America,,,,,http://ldpd.cul.columbia.edu/slave/1402520007.jpg,Sydney Howard Gay’s Record of Fugitive Slaves,Still Image,
8978,"Rare Book & Manuscript Library, Columbia University",manuscripts,1856-11-26,reformatted digital,eng,Sydney Howard Gay Papers,"Box 72, Folder 4, MS0475","Reverse  of Nov. 26, 1856 document regarding William Bailey",,,"Record of Fugitives. Addenda, page [6]",Nov. 26th 1856,eng,"Gay, Sydney Howard, 1814-1888",,Fugitive slaves--America,,,,,http://ldpd.cul.columbia.edu/slave/1402520006.jpg,Sydney Howard Gay’s Record of Fugitive Slaves,Still Image,
8977,"Rare Book & Manuscript Library, Columbia University",manuscripts,1856-11-26,reformatted digital,eng,Sydney Howard Gay Papers,"Box 72, Folder 4, MS0475",,,,"Record of Fugitives. Addenda, page [5]",Nov. 26th 1856,eng,"Gay, Sydney Howard, 1814-1888",,Fugitive slaves--America,,,,,http://ldpd.cul.columbia.edu/slave/1402520005.jpg,Sydney Howard Gay’s Record of Fugitive Slaves,Still Image,
8976,"Rare Book & Manuscript Library, Columbia University",manuscripts,1856-11-24,reformatted digital,eng,Sydney Howard Gay Papers,"Box 72, Folder 4, MS0475",,,,"Record of Fugitives. Addenda, page [3]",Nov. 24th 1856,eng,"Gay, Sydney Howard, 1814-1888",,Fugitive slaves--America,,,,,http://ldpd.cul.columbia.edu/slave/1402520004.jpg,Sydney Howard Gay’s Record of Fugitive Slaves,Still Image,
8975,"Rare Book & Manuscript Library, Columbia University",manuscripts,1856-11-24,reformatted digital,eng,Sydney Howard Gay Papers,"Box 72, Folder 4, MS0475",,,,"Record of Fugitives. Addenda, page [4]",Nov. 24th 1856,eng,"Gay, Sydney Howard, 1814-1888",,Fugitive slaves--America,,,,,http://ldpd.cul.columbia.edu/slave/1402520003.jpg,Sydney Howard Gay’s Record of Fugitive Slaves,Still Image,
8974,"Rare Book & Manuscript Library, Columbia University",manuscripts,1856-11-12,reformatted digital,eng,Sydney Howard Gay Papers,"Box 72, Folder 4, MS0475",,,,"Record of Fugitives. Addenda, page [2]",Nov. 12th 1856,eng,"Gay, Sydney Howard, 1814-1888",,Fugitive slaves--America,,,,,http://ldpd.cul.columbia.edu/slave/1402520002.jpg,Sydney Howard Gay’s Record of Fugitive Slaves,Still Image,
8973,"Rare Book & Manuscript Library, Columbia University",manuscripts,1856-11-10,reformatted digital,eng,Sydney Howard Gay Papers,"Box 72, Folder 4, MS0475",,,,"Record of Fugitives. Addenda, page [1]",Nov. 10th 1856,eng,"Gay, Sydney Howard, 1814-1888",,Fugitive slaves--America,,,,,http://ldpd.cul.columbia.edu/slave/1402520001.jpg,Sydney Howard Gay’s Record of Fugitive Slaves,Still Image,
8970,"Rare Book & Manuscript Library, Columbia University",manuscripts,1855 1856,reformatted digital,eng,Sydney Howard Gay Papers,MS#0475,,,,"Record of Fugitives. Book 2,  back cover",1855-1856,eng,"Gay, Sydney Howard, 1814-1888",Fugitive slaves--United States,,,,,,http://ldpd.cul.columbia.edu/slave/100148126.jpg,Sydney Howard Gay’s Record of Fugitive Slaves,Still Image,
8969,"Rare Book & Manuscript Library, Columbia University",manuscripts,1855 1856,reformatted digital,eng,Sydney Howard Gay Papers,MS#0475,,,,"Record of Fugitives. Book 2,  inside of back cover",1855-1856,eng,"Gay, Sydney Howard, 1814-1888",Fugitive slaves--United States,,,,,,http://ldpd.cul.columbia.edu/slave/100148125.jpg,Sydney Howard Gay’s Record of Fugitive Slaves,Still Image,
8968,"Rare Book & Manuscript Library, Columbia University",manuscripts,1855 1856,reformatted digital,eng,Sydney Howard Gay Papers,MS#0475,Page is upside down in record book,,,"Record of Fugitives. Book 2,  page [70]",1855-1856,eng,"Gay, Sydney Howard, 1814-1888",Fugitive slaves--United States,,,,,,http://ldpd.cul.columbia.edu/slave/100148124.jpg,Sydney Howard Gay’s Record of Fugitive Slaves,Still Image,
8967,"Rare Book & Manuscript Library, Columbia University",manuscripts,1855 1856,reformatted digital,eng,Sydney Howard Gay Papers,MS#0475,Blank page,,,"Record of Fugitives. Book 2,  page [69]",1855-1856,eng,"Gay, Sydney Howard, 1814-1888",Fugitive slaves--United States,,,,,,http://ldpd.cul.columbia.edu/slave/100148123.jpg,Sydney Howard Gay’s Record of Fugitive Slaves,Still Image,
8966,"Rare Book & Manuscript Library, Columbia University",manuscripts,1855 1856,reformatted digital,eng,Sydney Howard Gay Papers,MS#0475,Blank page,,,"Record of Fugitives. Book 2,  page [68]",1855-1856,eng,"Gay, Sydney Howard, 1814-1888",Fugitive slaves--United States,,,,,,http://ldpd.cul.columbia.edu/slave/100148122.jpg,Sydney Howard Gay’s Record of Fugitive Slaves,Still Image,
8965,"Rare Book & Manuscript Library, Columbia University",manuscripts,1855 1856,reformatted digital,eng,Sydney Howard Gay Papers,MS#0475,Blank page,,,"Record of Fugitives. Book 2,  page [67]",1855-1856,eng,"Gay, Sydney Howard, 1814-1888",Fugitive slaves--United States,,,,,,http://ldpd.cul.columbia.edu/slave/100148121.jpg,Sydney Howard Gay’s Record of Fugitive Slaves,Still Image,
8964,"Rare Book & Manuscript Library, Columbia University",manuscripts,1855 1856,reformatted digital,eng,Sydney Howard Gay Papers,MS#0475,Blank page,,,"Record of Fugitives. Book 2,  page [66]",1855-1856,eng,"Gay, Sydney Howard, 1814-1888",Fugitive slaves--United States,,,,,,http://ldpd.cul.columbia.edu/slave/100148120.jpg,Sydney Howard Gay’s Record of Fugitive Slaves,Still Image,
8963,"Rare Book & Manuscript Library, Columbia University",manuscripts,1855 1856,reformatted digital,eng,Sydney Howard Gay Papers,MS#0475,Blank page,,,"Record of Fugitives. Book 2,  page [65]",1855-1856,eng,"Gay, Sydney Howard, 1814-1888",Fugitive slaves--United States,,,,,,http://ldpd.cul.columbia.edu/slave/100148119.jpg,Sydney Howard Gay’s Record of Fugitive Slaves,Still Image,
8962,"Rare Book & Manuscript Library, Columbia University",manuscripts,1855 1856,reformatted digital,eng,Sydney Howard Gay Papers,MS#0475,Blank page,,,"Record of Fugitives. Book 2,  page [64]",1855-1856,eng,"Gay, Sydney Howard, 1814-1888",Fugitive slaves--United States,,,,,,http://ldpd.cul.columbia.edu/slave/100148118.jpg,Sydney Howard Gay’s Record of Fugitive Slaves,Still Image,
8961,"Rare Book & Manuscript Library, Columbia University",manuscripts,1855 1856,reformatted digital,eng,Sydney Howard Gay Papers,MS#0475,Blank page,,,"Record of Fugitives. Book 2,  page [63]",1855-1856,eng,"Gay, Sydney Howard, 1814-1888",Fugitive slaves--United States,,,,,,http://ldpd.cul.columbia.edu/slave/100148117.jpg,Sydney Howard Gay’s Record of Fugitive Slaves,Still Image,
8960,"Rare Book & Manuscript Library, Columbia University",manuscripts,1855 1856,reformatted digital,eng,Sydney Howard Gay Papers,MS#0475,Blank page,,,"Record of Fugitives. Book 2,  page [62]",1855-1856,eng,"Gay, Sydney Howard, 1814-1888",Fugitive slaves--United States,,,,,,http://ldpd.cul.columbia.edu/slave/100148116.jpg,Sydney Howard Gay’s Record of Fugitive Slaves,Still Image,
8959,"Rare Book & Manuscript Library, Columbia University",manuscripts,1855 1856,reformatted digital,eng,Sydney Howard Gay Papers,MS#0475,Blank page,,,"Record of Fugitives. Book 2,  page [61]",1855-1856,eng,"Gay, Sydney Howard, 1814-1888",Fugitive slaves--United States,,,,,,http://ldpd.cul.columbia.edu/slave/100148115.jpg,Sydney Howard Gay’s Record of Fugitive Slaves,Still Image,
8958,"Rare Book & Manuscript Library, Columbia University",manuscripts,1855 1856,reformatted digital,eng,Sydney Howard Gay Papers,MS#0475,Blank page,,,"Record of Fugitives. Book 2,  page [60]",1855-1856,eng,"Gay, Sydney Howard, 1814-1888",Fugitive slaves--United States,,,,,,http://ldpd.cul.columbia.edu/slave/100148114.jpg,Sydney Howard Gay’s Record of Fugitive Slaves,Still Image,
8957,"Rare Book & Manuscript Library, Columbia University",manuscripts,1855 1856,reformatted digital,eng,Sydney Howard Gay Papers,MS#0475,Blank page,,,"Record of Fugitives. Book 2,  page [59]",1855-1856,eng,"Gay, Sydney Howard, 1814-1888",Fugitive slaves--United States,,,,,,http://ldpd.cul.columbia.edu/slave/100148113.jpg,Sydney Howard Gay’s Record of Fugitive Slaves,Still Image,
8956,"Rare Book & Manuscript Library, Columbia University",manuscripts,1855 1856,reformatted digital,eng,Sydney Howard Gay Papers,MS#0475,Blank page,,,"Record of Fugitives. Book 2,  page [58]",1855-1856,eng,"Gay, Sydney Howard, 1814-1888",Fugitive slaves--United States,,,,,,http://ldpd.cul.columbia.edu/slave/100148112.jpg,Sydney Howard Gay’s Record of Fugitive Slaves,Still Image,
8955,"Rare Book & Manuscript Library, Columbia University",manuscripts,1855 1856,reformatted digital,eng,Sydney Howard Gay Papers,MS#0475,Blank page,,,"Record of Fugitives. Book 2,  page [57]",1855-1856,eng,"Gay, Sydney Howard, 1814-1888",Fugitive slaves--United States,,,,,,http://ldpd.cul.columbia.edu/slave/100148111.jpg,Sydney Howard Gay’s Record of Fugitive Slaves,Still Image,
8954,"Rare Book & Manuscript Library, Columbia University",manuscripts,1855 1856,reformatted digital,eng,Sydney Howard Gay Papers,MS#0475,Blank page,,,"Record of Fugitives. Book 2,  page [56]",1855-1856,eng,"Gay, Sydney Howard, 1814-1888",Fugitive slaves--United States,,,,,,http://ldpd.cul.columbia.edu/slave/100148110.jpg,Sydney Howard Gay’s Record of Fugitive Slaves,Still Image,
8953,"Rare Book & Manuscript Library, Columbia University",manuscripts,1855 1856,reformatted digital,eng,Sydney Howard Gay Papers,MS#0475,Blank page,,,"Record of Fugitives. Book 2,  page [55]",1855-1856,eng,"Gay, Sydney Howard, 1814-1888",Fugitive slaves--United States,,,,,,http://ldpd.cul.columbia.edu/slave/100148109.jpg,Sydney Howard Gay’s Record of Fugitive Slaves,Still Image,
8952,"Rare Book & Manuscript Library, Columbia University",manuscripts,1855 1856,reformatted digital,eng,Sydney Howard Gay Papers,MS#0475,Blank page,,,"Record of Fugitives. Book 2,  page [54]",1855-1856,eng,"Gay, Sydney Howard, 1814-1888",Fugitive slaves--United States,,,,,,http://ldpd.cul.columbia.edu/slave/100148108.jpg,Sydney Howard Gay’s Record of Fugitive Slaves,Still Image,
8951,"Rare Book & Manuscript Library, Columbia University",manuscripts,1855 1856,reformatted digital,eng,Sydney Howard Gay Papers,MS#0475,Blank page,,,"Record of Fugitives. Book 2,  page [53]",1855-1856,eng,"Gay, Sydney Howard, 1814-1888",Fugitive slaves--United States,,,,,,http://ldpd.cul.columbia.edu/slave/100148107.jpg,Sydney Howard Gay’s Record of Fugitive Slaves,Still Image,
8950,"Rare Book & Manuscript Library, Columbia University",manuscripts,1855 1856,reformatted digital,eng,Sydney Howard Gay Papers,MS#0475,Blank page,,,"Record of Fugitives. Book 2,  page [52]",1855-1856,eng,"Gay, Sydney Howard, 1814-1888",Fugitive slaves--United States,,,,,,http://ldpd.cul.columbia.edu/slave/100148106.jpg,Sydney Howard Gay’s Record of Fugitive Slaves,Still Image,
8949,"Rare Book & Manuscript Library, Columbia University",manuscripts,1855 1856,reformatted digital,eng,Sydney Howard Gay Papers,MS#0475,Blank page,,,"Record of Fugitives. Book 2,  page [51]",1855-1856,eng,"Gay, Sydney Howard, 1814-1888",Fugitive slaves--United States,,,,,,http://ldpd.cul.columbia.edu/slave/100148105.jpg,Sydney Howard Gay’s Record of Fugitive Slaves,Still Image,
8948,"Rare Book & Manuscript Library, Columbia University",manuscripts,1855 1856,reformatted digital,eng,Sydney Howard Gay Papers,MS#0475,Blank page,,,"Record of Fugitives. Book 2,  page [50]",1855-1856,eng,"Gay, Sydney Howard, 1814-1888",Fugitive slaves--United States,,,,,,http://ldpd.cul.columbia.edu/slave/100148104.jpg,Sydney Howard Gay’s Record of Fugitive Slaves,Still Image,
8947,"Rare Book & Manuscript Library, Columbia University",manuscripts,1855 1856,reformatted digital,eng,Sydney Howard Gay Papers,MS#0475,Blank page,,,"Record of Fugitives. Book 2,  page [49]",1855-1856,eng,"Gay, Sydney Howard, 1814-1888",Fugitive slaves--United States,,,,,,http://ldpd.cul.columbia.edu/slave/100148103.jpg,Sydney Howard Gay’s Record of Fugitive Slaves,Still Image,
8946,"Rare Book & Manuscript Library, Columbia University",manuscripts,1855 1856,reformatted digital,eng,Sydney Howard Gay Papers,MS#0475,Blank page,,,"Record of Fugitives. Book 2,  page [48]",1855-1856,eng,"Gay, Sydney Howard, 1814-1888",Fugitive slaves--United States,,,,,,http://ldpd.cul.columbia.edu/slave/100148102.jpg,Sydney Howard Gay’s Record of Fugitive Slaves,Still Image,
8945,"Rare Book & Manuscript Library, Columbia University",manuscripts,1855 1856,reformatted digital,eng,Sydney Howard Gay Papers,MS#0475,Blank page,,,"Record of Fugitives. Book 2,  page [47]",1855-1856,eng,"Gay, Sydney Howard, 1814-1888",Fugitive slaves--United States,,,,,,http://ldpd.cul.columbia.edu/slave/100148101.jpg,Sydney Howard Gay’s Record of Fugitive Slaves,Still Image,
8944,"Rare Book & Manuscript Library, Columbia University",manuscripts,1855 1856,reformatted digital,eng,Sydney Howard Gay Papers,MS#0475,Blank page,,,"Record of Fugitives. Book 2,  page [46]",1855-1856,eng,"Gay, Sydney Howard, 1814-1888",Fugitive slaves--United States,,,,,,http://ldpd.cul.columbia.edu/slave/100148100.jpg,Sydney Howard Gay’s Record of Fugitive Slaves,Still Image,
8943,"Rare Book & Manuscript Library, Columbia University",manuscripts,1855 1856,reformatted digital,eng,Sydney Howard Gay Papers,MS#0475,Blank page,,,"Record of Fugitives. Book 2,  page [45]",1855-1856,eng,"Gay, Sydney Howard, 1814-1888",Fugitive slaves--United States,,,,,,http://ldpd.cul.columbia.edu/slave/100148099.jpg,Sydney Howard Gay’s Record of Fugitive Slaves,Still Image,
8942,"Rare Book & Manuscript Library, Columbia University",manuscripts,1855 1856,reformatted digital,eng,Sydney Howard Gay Papers,MS#0475,Blank page,,,"Record of Fugitives. Book 2,  page [44]",1855-1856,eng,"Gay, Sydney Howard, 1814-1888",Fugitive slaves--United States,,,,,,http://ldpd.cul.columbia.edu/slave/100148098.jpg,Sydney Howard Gay’s Record of Fugitive Slaves,Still Image,
8941,"Rare Book & Manuscript Library, Columbia University",manuscripts,1855 1856,reformatted digital,eng,Sydney Howard Gay Papers,MS#0475,Blank page,,,"Record of Fugitives. Book 2,  page [43]",1855-1856,eng,"Gay, Sydney Howard, 1814-1888",Fugitive slaves--United States,,,,,,http://ldpd.cul.columbia.edu/slave/100148097.jpg,Sydney Howard Gay’s Record of Fugitive Slaves,Still Image,
8940,"Rare Book & Manuscript Library, Columbia University",manuscripts,1855 1856,reformatted digital,eng,Sydney Howard Gay Papers,MS#0475,Blank page,,,"Record of Fugitives. Book 2,  page [42]",1855-1856,eng,"Gay, Sydney Howard, 1814-1888",Fugitive slaves--United States,,,,,,http://ldpd.cul.columbia.edu/slave/100148096.jpg,Sydney Howard Gay’s Record of Fugitive Slaves,Still Image,
8939,"Rare Book & Manuscript Library, Columbia University",manuscripts,1855 1856,reformatted digital,eng,Sydney Howard Gay Papers,MS#0475,Blank page,,,"Record of Fugitives. Book 2,  page [41]",1855-1856,eng,"Gay, Sydney Howard, 1814-1888",Fugitive slaves--United States,,,,,,http://ldpd.cul.columbia.edu/slave/100148095.jpg,Sydney Howard Gay’s Record of Fugitive Slaves,Still Image,
8938,"Rare Book & Manuscript Library, Columbia University",manuscripts,1855 1856,reformatted digital,eng,Sydney Howard Gay Papers,MS#0475,Blank page,,,"Record of Fugitives. Book 2,  page [40]",1855-1856,eng,"Gay, Sydney Howard, 1814-1888",Fugitive slaves--United States,,,,,,http://ldpd.cul.columbia.edu/slave/100148094.jpg,Sydney Howard Gay’s Record of Fugitive Slaves,Still Image,
8937,"Rare Book & Manuscript Library, Columbia University",manuscripts,1855 1856,reformatted digital,eng,Sydney Howard Gay Papers,MS#0475,,,,"Record of Fugitives. Book 2,  page [39]",1855-1856,eng,"Gay, Sydney Howard, 1814-1888",Fugitive slaves--United States,,,,,,http://ldpd.cul.columbia.edu/slave/100148093.jpg,Sydney Howard Gay’s Record of Fugitive Slaves,Still Image,
8936,"Rare Book & Manuscript Library, Columbia University",manuscripts,1855 1856,reformatted digital,eng,Sydney Howard Gay Papers,MS#0475,,,,"Record of Fugitives. Book 2,  page [38]",1855-1856,eng,"Gay, Sydney Howard, 1814-1888",Fugitive slaves--United States,,,,,,http://ldpd.cul.columbia.edu/slave/100148092.jpg,Sydney Howard Gay’s Record of Fugitive Slaves,Still Image,
8935,"Rare Book & Manuscript Library, Columbia University",manuscripts,1855 1856,reformatted digital,eng,Sydney Howard Gay Papers,MS#0475,,,,"Record of Fugitives. Book 2,  page [37]",1855-1856,eng,"Gay, Sydney Howard, 1814-1888",Fugitive slaves--United States,,,,,,http://ldpd.cul.columbia.edu/slave/100148091.jpg,Sydney Howard Gay’s Record of Fugitive Slaves,Still Image,
8934,"Rare Book & Manuscript Library, Columbia University",manuscripts,1855 1856,reformatted digital,eng,Sydney Howard Gay Papers,MS#0475,,,,"Record of Fugitives. Book 2,  page [36]",1855-1856,eng,"Gay, Sydney Howard, 1814-1888",Fugitive slaves--United States,,,,,,http://ldpd.cul.columbia.edu/slave/100148090.jpg,Sydney Howard Gay’s Record of Fugitive Slaves,Still Image,
8933,"Rare Book & Manuscript Library, Columbia University",manuscripts,1855 1856,reformatted digital,eng,Sydney Howard Gay Papers,MS#0475,,,,"Record of Fugitives. Book 2,  page [35]",1855-1856,eng,"Gay, Sydney Howard, 1814-1888",Fugitive slaves--United States,,,,,,http://ldpd.cul.columbia.edu/slave/100148089.jpg,Sydney Howard Gay’s Record of Fugitive Slaves,Still Image,
8932,"Rare Book & Manuscript Library, Columbia University",manuscripts,1855 1856,reformatted digital,eng,Sydney Howard Gay Papers,MS#0475,,,,"Record of Fugitives. Book 2,  page [34]",1855-1856,eng,"Gay, Sydney Howard, 1814-1888",Fugitive slaves--United States,,,,,,http://ldpd.cul.columbia.edu/slave/100148088.jpg,Sydney Howard Gay’s Record of Fugitive Slaves,Still Image,
8931,"Rare Book & Manuscript Library, Columbia University",manuscripts,1855 1856,reformatted digital,eng,Sydney Howard Gay Papers,MS#0475,,,,"Record of Fugitives. Book 2,  page [33]",1855-1856,eng,"Gay, Sydney Howard, 1814-1888",Fugitive slaves--United States,,,,,,http://ldpd.cul.columbia.edu/slave/100148087.jpg,Sydney Howard Gay’s Record of Fugitive Slaves,Still Image,
8930,"Rare Book & Manuscript Library, Columbia University",manuscripts,1855 1856,reformatted digital,eng,Sydney Howard Gay Papers,MS#0475,,,,"Record of Fugitives. Book 2,  page [32]",1855-1856,eng,"Gay, Sydney Howard, 1814-1888",Fugitive slaves--United States,,,,,,http://ldpd.cul.columbia.edu/slave/100148086.jpg,Sydney Howard Gay’s Record of Fugitive Slaves,Still Image,
8929,"Rare Book & Manuscript Library, Columbia University",manuscripts,1855 1856,reformatted digital,eng,Sydney Howard Gay Papers,MS#0475,,,,"Record of Fugitives. Book 2,  page [31]",1855-1856,eng,"Gay, Sydney Howard, 1814-1888",Fugitive slaves--United States,,,,,,http://ldpd.cul.columbia.edu/slave/100148085.jpg,Sydney Howard Gay’s Record of Fugitive Slaves,Still Image,
8928,"Rare Book & Manuscript Library, Columbia University",manuscripts,1855 1856,reformatted digital,eng,Sydney Howard Gay Papers,MS#0475,,,,"Record of Fugitives. Book 2,  page [30]",1855-1856,eng,"Gay, Sydney Howard, 1814-1888",Fugitive slaves--United States,,,,,,http://ldpd.cul.columbia.edu/slave/100148084.jpg,Sydney Howard Gay’s Record of Fugitive Slaves,Still Image,
8927,"Rare Book & Manuscript Library, Columbia University",manuscripts,1855 1856,reformatted digital,eng,Sydney Howard Gay Papers,MS#0475,,,,"Record of Fugitives. Book 2,  page [29]",1855-1856,eng,"Gay, Sydney Howard, 1814-1888",Fugitive slaves--United States,,,,,,http://ldpd.cul.columbia.edu/slave/100148083.jpg,Sydney Howard Gay’s Record of Fugitive Slaves,Still Image,
8926,"Rare Book & Manuscript Library, Columbia University",manuscripts,1855 1856,reformatted digital,eng,Sydney Howard Gay Papers,MS#0475,,,,"Record of Fugitives. Book 2,  page [28]",1855-1856,eng,"Gay, Sydney Howard, 1814-1888",Fugitive slaves--United States,,,,,,http://ldpd.cul.columbia.edu/slave/100148082.jpg,Sydney Howard Gay’s Record of Fugitive Slaves,Still Image,
8925,"Rare Book & Manuscript Library, Columbia University",manuscripts,1855 1856,reformatted digital,eng,Sydney Howard Gay Papers,MS#0475,,,,"Record of Fugitives. Book 2,  page [27]",1855-1856,eng,"Gay, Sydney Howard, 1814-1888",Fugitive slaves--United States,,,,,,http://ldpd.cul.columbia.edu/slave/100148081.jpg,Sydney Howard Gay’s Record of Fugitive Slaves,Still Image,
8924,"Rare Book & Manuscript Library, Columbia University",manuscripts,1855 1856,reformatted digital,eng,Sydney Howard Gay Papers,MS#0475,,,,"Record of Fugitives. Book 2,  page [26]",1855-1856,eng,"Gay, Sydney Howard, 1814-1888",Fugitive slaves--United States,,,,,,http://ldpd.cul.columbia.edu/slave/100148080.jpg,Sydney Howard Gay’s Record of Fugitive Slaves,Still Image,
8923,"Rare Book & Manuscript Library, Columbia University",manuscripts,1855 1856,reformatted digital,eng,Sydney Howard Gay Papers,MS#0475,,,,"Record of Fugitives. Book 2,  page [25]",1855-1856,eng,"Gay, Sydney Howard, 1814-1888",Fugitive slaves--United States,,,,,,http://ldpd.cul.columbia.edu/slave/100148079.jpg,Sydney Howard Gay’s Record of Fugitive Slaves,Still Image,
8922,"Rare Book & Manuscript Library, Columbia University",manuscripts,1855 1856,reformatted digital,eng,Sydney Howard Gay Papers,MS#0475,,,,"Record of Fugitives. Book 2,  page [24]",1855-1856,eng,"Gay, Sydney Howard, 1814-1888",Fugitive slaves--United States,,,,,,http://ldpd.cul.columbia.edu/slave/100148078.jpg,Sydney Howard Gay’s Record of Fugitive Slaves,Still Image,
8921,"Rare Book & Manuscript Library, Columbia University",manuscripts,1855 1856,reformatted digital,eng,Sydney Howard Gay Papers,MS#0475,,,,"Record of Fugitives. Book 2,  page [23]",1855-1856,eng,"Gay, Sydney Howard, 1814-1888",Fugitive slaves--United States,,,,,,http://ldpd.cul.columbia.edu/slave/100148077.jpg,Sydney Howard Gay’s Record of Fugitive Slaves,Still Image,
8920,"Rare Book & Manuscript Library, Columbia University",manuscripts,1855 1856,reformatted digital,eng,Sydney Howard Gay Papers,MS#0475,,,,"Record of Fugitives. Book 2,  page [22]",1855-1856,eng,"Gay, Sydney Howard, 1814-1888",Fugitive slaves--United States,,,,,,http://ldpd.cul.columbia.edu/slave/100148076.jpg,Sydney Howard Gay’s Record of Fugitive Slaves,Still Image,
8919,"Rare Book & Manuscript Library, Columbia University",manuscripts,1855 1856,reformatted digital,eng,Sydney Howard Gay Papers,MS#0475,,,,"Record of Fugitives. Book 2,  page [21]",1855-1856,eng,"Gay, Sydney Howard, 1814-1888",Fugitive slaves--United States,,,,,,http://ldpd.cul.columbia.edu/slave/100148075.jpg,Sydney Howard Gay’s Record of Fugitive Slaves,Still Image,
8918,"Rare Book & Manuscript Library, Columbia University",manuscripts,1855 1856,reformatted digital,eng,Sydney Howard Gay Papers,MS#0475,,,,"Record of Fugitives. Book 2,  page [20]",1855-1856,eng,"Gay, Sydney Howard, 1814-1888",Fugitive slaves--United States,,,,,,http://ldpd.cul.columbia.edu/slave/100148074.jpg,Sydney Howard Gay’s Record of Fugitive Slaves,Still Image,
8917,"Rare Book & Manuscript Library, Columbia University",manuscripts,1855 1856,reformatted digital,eng,Sydney Howard Gay Papers,MS#0475,,,,"Record of Fugitives. Book 2,  page [19]",1855-1856,eng,"Gay, Sydney Howard, 1814-1888",Fugitive slaves--United States,,,,,,http://ldpd.cul.columbia.edu/slave/100148073.jpg,Sydney Howard Gay’s Record of Fugitive Slaves,Still Image,
8916,"Rare Book & Manuscript Library, Columbia University",manuscripts,1855 1856,reformatted digital,eng,Sydney Howard Gay Papers,MS#0475,,,,"Record of Fugitives. Book 2,  page [18]",1855-1856,eng,"Gay, Sydney Howard, 1814-1888",Fugitive slaves--United States,,,,,,http://ldpd.cul.columbia.edu/slave/100148072.jpg,Sydney Howard Gay’s Record of Fugitive Slaves,Still Image,
8915,"Rare Book & Manuscript Library, Columbia University",manuscripts,1855 1856,reformatted digital,eng,Sydney Howard Gay Papers,MS#0475,,,,"Record of Fugitives. Book 2,  page [17]",1855-1856,eng,"Gay, Sydney Howard, 1814-1888",Fugitive slaves--United States,,,,,,http://ldpd.cul.columbia.edu/slave/100148071.jpg,Sydney Howard Gay’s Record of Fugitive Slaves,Still Image,
8914,"Rare Book & Manuscript Library, Columbia University",manuscripts,1855 1856,reformatted digital,eng,Sydney Howard Gay Papers,MS#0475,,,,"Record of Fugitives. Book 2,  page [16]",1855-1856,eng,"Gay, Sydney Howard, 1814-1888",Fugitive slaves--United States,,,,,,http://ldpd.cul.columbia.edu/slave/100148070.jpg,Sydney Howard Gay’s Record of Fugitive Slaves,Still Image,
8913,"Rare Book & Manuscript Library, Columbia University",manuscripts,1855 1856,reformatted digital,eng,Sydney Howard Gay Papers,MS#0475,,,,"Record of Fugitives. Book 2,  page [15]",1855-1856,eng,"Gay, Sydney Howard, 1814-1888",Fugitive slaves--United States,,,,,,http://ldpd.cul.columbia.edu/slave/100148069.jpg,Sydney Howard Gay’s Record of Fugitive Slaves,Still Image,
8912,"Rare Book & Manuscript Library, Columbia University",manuscripts,1855 1856,reformatted digital,eng,Sydney Howard Gay Papers,MS#0475,,,,"Record of Fugitives. Book 2,  page [14]",1855-1856,eng,"Gay, Sydney Howard, 1814-1888",Fugitive slaves--United States,,,,,,http://ldpd.cul.columbia.edu/slave/100148068.jpg,Sydney Howard Gay’s Record of Fugitive Slaves,Still Image,
8911,"Rare Book & Manuscript Library, Columbia University",manuscripts,1855 1856,reformatted digital,eng,Sydney Howard Gay Papers,MS#0475,,,,"Record of Fugitives. Book 2,  page [13]",1855-1856,eng,"Gay, Sydney Howard, 1814-1888",Fugitive slaves--United States,,,,,,http://ldpd.cul.columbia.edu/slave/100148067.jpg,Sydney Howard Gay’s Record of Fugitive Slaves,Still Image,
8910,"Rare Book & Manuscript Library, Columbia University",manuscripts,1855 1856,reformatted digital,eng,Sydney Howard Gay Papers,MS#0475,,,,"Record of Fugitives. Book 2,  page [12]",1855-1856,eng,"Gay, Sydney Howard, 1814-1888",Fugitive slaves--United States,,,,,,http://ldpd.cul.columbia.edu/slave/100148066.jpg,Sydney Howard Gay’s Record of Fugitive Slaves,Still Image,
8909,"Rare Book & Manuscript Library, Columbia University",manuscripts,1855 1856,reformatted digital,eng,Sydney Howard Gay Papers,MS#0475,,,,"Record of Fugitives. Book 2,  page [11]",1855-1856,eng,"Gay, Sydney Howard, 1814-1888",Fugitive slaves--United States,,,,,,http://ldpd.cul.columbia.edu/slave/100148065.jpg,Sydney Howard Gay’s Record of Fugitive Slaves,Still Image,
8908,"Rare Book & Manuscript Library, Columbia University",manuscripts,1855 1856,reformatted digital,eng,Sydney Howard Gay Papers,MS#0475,,,,"Record of Fugitives. Book 2,  page [10]",1855-1856,eng,"Gay, Sydney Howard, 1814-1888",Fugitive slaves--United States,,,,,,http://ldpd.cul.columbia.edu/slave/100148064.jpg,Sydney Howard Gay’s Record of Fugitive Slaves,Still Image,
8907,"Rare Book & Manuscript Library, Columbia University",manuscripts,1855 1856,reformatted digital,eng,Sydney Howard Gay Papers,MS#0475,,,,"Record of Fugitives. Book 2,  page [9]",1855-1856,eng,"Gay, Sydney Howard, 1814-1888",Fugitive slaves--United States,,,,,,http://ldpd.cul.columbia.edu/slave/100148063.jpg,Sydney Howard Gay’s Record of Fugitive Slaves,Still Image,
8906,"Rare Book & Manuscript Library, Columbia University",manuscripts,1855 1856,reformatted digital,eng,Sydney Howard Gay Papers,MS#0475,,,,"Record of Fugitives. Book 2,  page [8]",1855-1856,eng,"Gay, Sydney Howard, 1814-1888",Fugitive slaves--United States,,,,,,http://ldpd.cul.columbia.edu/slave/100148062.jpg,Sydney Howard Gay’s Record of Fugitive Slaves,Still Image,
8905,"Rare Book & Manuscript Library, Columbia University",manuscripts,1855 1856,reformatted digital,eng,Sydney Howard Gay Papers,MS#0475,,,,"Record of Fugitives. Book 2,  page [7]",1855-1856,eng,"Gay, Sydney Howard, 1814-1888",Fugitive slaves--United States,,,,,,http://ldpd.cul.columbia.edu/slave/100148061.jpg,Sydney Howard Gay’s Record of Fugitive Slaves,Still Image,
8904,"Rare Book & Manuscript Library, Columbia University",manuscripts,1855 1856,reformatted digital,eng,Sydney Howard Gay Papers,MS#0475,,,,"Record of Fugitives. Book 2,  page [6]",1855-1856,eng,"Gay, Sydney Howard, 1814-1888",Fugitive slaves--United States,,,,,,http://ldpd.cul.columbia.edu/slave/100148060.jpg,Sydney Howard Gay’s Record of Fugitive Slaves,Still Image,
8903,"Rare Book & Manuscript Library, Columbia University",manuscripts,1855 1856,reformatted digital,eng,Sydney Howard Gay Papers,MS#0475,,,,"Record of Fugitives. Book 2,  page [5]",1855-1856,eng,"Gay, Sydney Howard, 1814-1888",Fugitive slaves--United States,,,,,,http://ldpd.cul.columbia.edu/slave/100148059.jpg,Sydney Howard Gay’s Record of Fugitive Slaves,Still Image,
8902,"Rare Book & Manuscript Library, Columbia University",manuscripts,1855 1856,reformatted digital,eng,Sydney Howard Gay Papers,MS#0475,,,,"Record of Fugitives. Book 2,  page [4]",1855-1856,eng,"Gay, Sydney Howard, 1814-1888",Fugitive slaves--United States,,,,,,http://ldpd.cul.columbia.edu/slave/100148058.jpg,Sydney Howard Gay’s Record of Fugitive Slaves,Still Image,
8901,"Rare Book & Manuscript Library, Columbia University",manuscripts,1855 1856,reformatted digital,eng,Sydney Howard Gay Papers,MS#0475,,,,"Record of Fugitives. Book 2,  page [3]",1855-1856,eng,"Gay, Sydney Howard, 1814-1888",Fugitive slaves--United States,,,,,,http://ldpd.cul.columbia.edu/slave/100148057.jpg,Sydney Howard Gay’s Record of Fugitive Slaves,Still Image,
8900,"Rare Book & Manuscript Library, Columbia University",manuscripts,1855 1856,reformatted digital,eng,Sydney Howard Gay Papers,MS#0475,,,,"Record of Fugitives. Book 2,  page [2]",1855-1856,eng,"Gay, Sydney Howard, 1814-1888",Fugitive slaves--United States,,,,,,http://ldpd.cul.columbia.edu/slave/100148056.jpg,Sydney Howard Gay’s Record of Fugitive Slaves,Still Image,
8899,"Rare Book & Manuscript Library, Columbia University",manuscripts,1855 1856,reformatted digital,eng,Sydney Howard Gay Papers,MS#0475,,,,"Record of Fugitives. Book 2,  page [1]",1855-1856,eng,"Gay, Sydney Howard, 1814-1888",Fugitive slaves--United States,,,,,,http://ldpd.cul.columbia.edu/slave/100148055.jpg,Sydney Howard Gay’s Record of Fugitive Slaves,Still Image,
8898,"Rare Book & Manuscript Library, Columbia University",manuscripts,1855 1856,reformatted digital,eng,Sydney Howard Gay Papers,MS#0475,,,,"Record of Fugitives. Book 2,  inside of front cover",1855-1856,eng,"Gay, Sydney Howard, 1814-1888",Fugitive slaves--United States,,,,,,http://ldpd.cul.columbia.edu/slave/100148054.jpg,Sydney Howard Gay’s Record of Fugitive Slaves,Still Image,
8897,"Rare Book & Manuscript Library, Columbia University",manuscripts,1855 1856,reformatted digital,eng,Sydney Howard Gay Papers,MS#0475,,,,"Record of Fugitives. Book 2,  front cover",1855-1856,eng,"Gay, Sydney Howard, 1814-1888",Fugitive slaves--United States,,,,,,http://ldpd.cul.columbia.edu/slave/100148053.jpg,Sydney Howard Gay’s Record of Fugitive Slaves,Still Image,
8896,"Rare Book & Manuscript Library, Columbia University",manuscripts,1855 1856,reformatted digital,eng,Sydney Howard Gay Papers,MS#0475,,,,"Record of Fugitives. Book 1,  back cover",1855-1856,eng,"Gay, Sydney Howard, 1814-1888",Fugitive slaves--United States,,,,,,http://ldpd.cul.columbia.edu/slave/100148052.jpg,Sydney Howard Gay’s Record of Fugitive Slaves,Still Image,
8895,"Rare Book & Manuscript Library, Columbia University",manuscripts,1855 1856,reformatted digital,eng,Sydney Howard Gay Papers,MS#0475,,,,"Record of Fugitives. Book 1,  inside of back cover",1855-1856,eng,"Gay, Sydney Howard, 1814-1888",Fugitive slaves--United States,,,,,,http://ldpd.cul.columbia.edu/slave/100148051.jpg,Sydney Howard Gay’s Record of Fugitive Slaves,Still Image,
8894,"Rare Book & Manuscript Library, Columbia University",manuscripts,1855 1856,reformatted digital,eng,Sydney Howard Gay Papers,MS#0475,Page is upside down in record book,,,"Record of Fugitives. Book 1,  page [48]",1855-1856,eng,"Gay, Sydney Howard, 1814-1888",Fugitive slaves--United States,,,,,,http://ldpd.cul.columbia.edu/slave/100148050.jpg,Sydney Howard Gay’s Record of Fugitive Slaves,Still Image,
8893,"Rare Book & Manuscript Library, Columbia University",manuscripts,1855 1856,reformatted digital,eng,Sydney Howard Gay Papers,MS#0475,Blank page,,,"Record of Fugitives. Book 1, page [47]",1855-1856,eng,"Gay, Sydney Howard, 1814-1888",Fugitive slaves--United States,,,,,,http://ldpd.cul.columbia.edu/slave/100148049.jpg,Sydney Howard Gay’s Record of Fugitive Slaves,Still Image,
8892,"Rare Book & Manuscript Library, Columbia University",manuscripts,1855 1856,reformatted digital,eng,Sydney Howard Gay Papers,MS#0475,Blank page,,,"Record of Fugitives. Book 1, page [46]",1855-1856,eng,"Gay, Sydney Howard, 1814-1888",Fugitive slaves--United States,,,,,,http://ldpd.cul.columbia.edu/slave/100148048.jpg,Sydney Howard Gay’s Record of Fugitive Slaves,Still Image,
8891,"Rare Book & Manuscript Library, Columbia University",manuscripts,1855 1856,reformatted digital,eng,Sydney Howard Gay Papers,MS#0475,Page in record book is upside down,,,"Record of Fugitives. Book 1,  page [45]",1855-1856,eng,"Gay, Sydney Howard, 1814-1888",Fugitive slaves--United States,,,,,,http://ldpd.cul.columbia.edu/slave/100148047.jpg,Sydney Howard Gay’s Record of Fugitive Slaves,Still Image,
8890,"Rare Book & Manuscript Library, Columbia University",manuscripts,1855 1856,reformatted digital,eng,Sydney Howard Gay Papers,MS#0475,,,,"Record of Fugitives. Book 1,  page [44]",1855-1856,eng,"Gay, Sydney Howard, 1814-1888",Fugitive slaves--United States,,,,,,http://ldpd.cul.columbia.edu/slave/100148046.jpg,Sydney Howard Gay’s Record of Fugitive Slaves,Still Image,
8889,"Rare Book & Manuscript Library, Columbia University",manuscripts,1855 1856,reformatted digital,eng,Sydney Howard Gay Papers,MS#0475,,,,"Record of Fugitives. Book 1,  page [43]",1855-1856,eng,"Gay, Sydney Howard, 1814-1888",Fugitive slaves--United States,,,,,,http://ldpd.cul.columbia.edu/slave/100148045.jpg,Sydney Howard Gay’s Record of Fugitive Slaves,Still Image,
8888,"Rare Book & Manuscript Library, Columbia University",manuscripts,1855 1856,reformatted digital,eng,Sydney Howard Gay Papers,MS#0475,,,,"Record of Fugitives. Book 1,  page [42]",1855-1856,eng,"Gay, Sydney Howard, 1814-1888",Fugitive slaves--United States,,,,,,http://ldpd.cul.columbia.edu/slave/100148044.jpg,Sydney Howard Gay’s Record of Fugitive Slaves,Still Image,
8887,"Rare Book & Manuscript Library, Columbia University",manuscripts,1855 1856,reformatted digital,eng,Sydney Howard Gay Papers,MS#0475,,,,"Record of Fugitives. Book 1,  page [41]",1855-1856,eng,"Gay, Sydney Howard, 1814-1888",Fugitive slaves--United States,,,,,,http://ldpd.cul.columbia.edu/slave/100148043.jpg,Sydney Howard Gay’s Record of Fugitive Slaves,Still Image,
8886,"Rare Book & Manuscript Library, Columbia University",manuscripts,1855 1856,reformatted digital,eng,Sydney Howard Gay Papers,MS#0475,,,,"Record of Fugitives. Book 1,  page [40]",1855-1856,eng,"Gay, Sydney Howard, 1814-1888",Fugitive slaves--United States,,,,,,http://ldpd.cul.columbia.edu/slave/100148042.jpg,Sydney Howard Gay’s Record of Fugitive Slaves,Still Image,
8885,"Rare Book & Manuscript Library, Columbia University",manuscripts,1855 1856,reformatted digital,eng,Sydney Howard Gay Papers,MS#0475,,,,"Record of Fugitives. Book 1,  page [39]",1855-1856,eng,"Gay, Sydney Howard, 1814-1888",Fugitive slaves--United States,,,,,,http://ldpd.cul.columbia.edu/slave/100148041.jpg,Sydney Howard Gay’s Record of Fugitive Slaves,Still Image,
8884,"Rare Book & Manuscript Library, Columbia University",manuscripts,1855 1856,reformatted digital,eng,Sydney Howard Gay Papers,MS#0475,,,,"Record of Fugitives. Book 1,  page [38]",1855-1856,eng,"Gay, Sydney Howard, 1814-1888",Fugitive slaves--United States,,Page includes pasted newspaper clippings,,,,http://ldpd.cul.columbia.edu/slave/100148040.jpg,Sydney Howard Gay’s Record of Fugitive Slaves,Still Image,
8883,"Rare Book & Manuscript Library, Columbia University",manuscripts,1855 1856,reformatted digital,eng,Sydney Howard Gay Papers,MS#0475,,,,"Record of Fugitives. Book 1,  page [37]",1855-1856,eng,"Gay, Sydney Howard, 1814-1888",Fugitive slaves--United States,,,,,,http://ldpd.cul.columbia.edu/slave/100148039.jpg,Sydney Howard Gay’s Record of Fugitive Slaves,Still Image,
8882,"Rare Book & Manuscript Library, Columbia University",manuscripts,1855 1856,reformatted digital,eng,Sydney Howard Gay Papers,MS#0475,,,,"Record of Fugitives. Book 1,  page [36]",1855-1856,eng,"Gay, Sydney Howard, 1814-1888",Fugitive slaves--United States,,,,,,http://ldpd.cul.columbia.edu/slave/100148038.jpg,Sydney Howard Gay’s Record of Fugitive Slaves,Still Image,
8881,"Rare Book & Manuscript Library, Columbia University",manuscripts,1855 1856,reformatted digital,eng,Sydney Howard Gay Papers,MS#0475,,,,"Record of Fugitives. Book 1,  page [35]",1855-1856,eng,"Gay, Sydney Howard, 1814-1888",Fugitive slaves--United States,,,,,,http://ldpd.cul.columbia.edu/slave/100148037.jpg,Sydney Howard Gay’s Record of Fugitive Slaves,Still Image,
8880,"Rare Book & Manuscript Library, Columbia University",manuscripts,1855 1856,reformatted digital,eng,Sydney Howard Gay Papers,MS#0475,,,,"Record of Fugitives. Book 1,  page [34]",1855-1856,eng,"Gay, Sydney Howard, 1814-1888",Fugitive slaves--United States,,,,,,http://ldpd.cul.columbia.edu/slave/100148036.jpg,Sydney Howard Gay’s Record of Fugitive Slaves,Still Image,
8879,"Rare Book & Manuscript Library, Columbia University",manuscripts,1855 1856,reformatted digital,eng,Sydney Howard Gay Papers,MS#0475,,,,"Record of Fugitives. Book 1,  page [33]",1855-1856,eng,"Gay, Sydney Howard, 1814-1888",Fugitive slaves--United States,,,,,,http://ldpd.cul.columbia.edu/slave/100148035.jpg,Sydney Howard Gay’s Record of Fugitive Slaves,Still Image,
8878,"Rare Book & Manuscript Library, Columbia University",manuscripts,1855 1856,reformatted digital,eng,Sydney Howard Gay Papers,MS#0475,,,,"Record of Fugitives. Book 1,  page [32]",1855-1856,eng,"Gay, Sydney Howard, 1814-1888",Fugitive slaves--United States,,,,,,http://ldpd.cul.columbia.edu/slave/100148034.jpg,Sydney Howard Gay’s Record of Fugitive Slaves,Still Image,
8877,"Rare Book & Manuscript Library, Columbia University",manuscripts,1855 1856,reformatted digital,eng,Sydney Howard Gay Papers,MS#0475,,,,"Record of Fugitives. Book 1,  page [31]",1855-1856,eng,"Gay, Sydney Howard, 1814-1888",Fugitive slaves--United States,,,,,,http://ldpd.cul.columbia.edu/slave/100148033.jpg,Sydney Howard Gay’s Record of Fugitive Slaves,Still Image,
8876,"Rare Book & Manuscript Library, Columbia University",manuscripts,1855 1856,reformatted digital,eng,Sydney Howard Gay Papers,MS#0475,,,,"Record of Fugitives. Book 1,  page [30]",1855-1856,eng,"Gay, Sydney Howard, 1814-1888",Fugitive slaves--United States,,,,,,http://ldpd.cul.columbia.edu/slave/100148032.jpg,Sydney Howard Gay’s Record of Fugitive Slaves,Still Image,
8875,"Rare Book & Manuscript Library, Columbia University",manuscripts,1855 1856,reformatted digital,eng,Sydney Howard Gay Papers,MS#0475,,,,"Record of Fugitives. Book 1,  page [29]",1855-1856,eng,"Gay, Sydney Howard, 1814-1888",Fugitive slaves--United States,,,,,,http://ldpd.cul.columbia.edu/slave/100148031.jpg,Sydney Howard Gay’s Record of Fugitive Slaves,Still Image,
8874,"Rare Book & Manuscript Library, Columbia University",manuscripts,1855 1856,reformatted digital,eng,Sydney Howard Gay Papers,MS#0475,,,,"Record of Fugitives. Book 1,  page [28]",1855-1856,eng,"Gay, Sydney Howard, 1814-1888",Fugitive slaves--United States,,,,,,http://ldpd.cul.columbia.edu/slave/100148030.jpg,Sydney Howard Gay’s Record of Fugitive Slaves,Still Image,
8873,"Rare Book & Manuscript Library, Columbia University",manuscripts,1855 1856,reformatted digital,eng,Sydney Howard Gay Papers,MS#0475,,,,"Record of Fugitives. Book 1,  page [27]",1855-1856,eng,"Gay, Sydney Howard, 1814-1888",Fugitive slaves--United States,,,,,,http://ldpd.cul.columbia.edu/slave/100148029.jpg,Sydney Howard Gay’s Record of Fugitive Slaves,Still Image,
8872,"Rare Book & Manuscript Library, Columbia University",manuscripts,1855 1856,reformatted digital,eng,Sydney Howard Gay Papers,MS#0475,,,,"Record of Fugitives. Book 1,  page [26]",1855-1856,eng,"Gay, Sydney Howard, 1814-1888",Fugitive slaves--United States,,,,,,http://ldpd.cul.columbia.edu/slave/100148028.jpg,Sydney Howard Gay’s Record of Fugitive Slaves,Still Image,
8871,"Rare Book & Manuscript Library, Columbia University",manuscripts,1855 1856,reformatted digital,eng,Sydney Howard Gay Papers,MS#0475,,,,"Record of Fugitives. Book 1,  page [25]",1855-1856,eng,"Gay, Sydney Howard, 1814-1888",Fugitive slaves--United States,,,,,,http://ldpd.cul.columbia.edu/slave/100148027.jpg,Sydney Howard Gay’s Record of Fugitive Slaves,Still Image,
8870,"Rare Book & Manuscript Library, Columbia University",manuscripts,1855 1856,reformatted digital,eng,Sydney Howard Gay Papers,MS#0475,,,,"Record of Fugitives. Book 1,  page [24]",1855-1856,eng,"Gay, Sydney Howard, 1814-1888",Fugitive slaves--United States,,,,,,http://ldpd.cul.columbia.edu/slave/100148026.jpg,Sydney Howard Gay’s Record of Fugitive Slaves,Still Image,
8869,"Rare Book & Manuscript Library, Columbia University",manuscripts,1855 1856,reformatted digital,eng,Sydney Howard Gay Papers,MS#0475,,,,"Record of Fugitives. Book 1,  page [23]",1855-1856,eng,"Gay, Sydney Howard, 1814-1888",Fugitive slaves--United States,,,,,,http://ldpd.cul.columbia.edu/slave/100148025.jpg,Sydney Howard Gay’s Record of Fugitive Slaves,Still Image,
8868,"Rare Book & Manuscript Library, Columbia University",manuscripts,1855 1856,reformatted digital,eng,Sydney Howard Gay Papers,MS#0475,,,,"Record of Fugitives. Book 1,  page [22]",1855-1856,eng,"Gay, Sydney Howard, 1814-1888",Fugitive slaves--United States,,,,,,http://ldpd.cul.columbia.edu/slave/100148024.jpg,Sydney Howard Gay’s Record of Fugitive Slaves,Still Image,
8867,"Rare Book & Manuscript Library, Columbia University",manuscripts,1855 1856,reformatted digital,eng,Sydney Howard Gay Papers,MS#0475,,,,"Record of Fugitives. Book 1,  page [21]",1855-1856,eng,"Gay, Sydney Howard, 1814-1888",Fugitive slaves--United States,,,,,,http://ldpd.cul.columbia.edu/slave/100148023.jpg,Sydney Howard Gay’s Record of Fugitive Slaves,Still Image,
8866,"Rare Book & Manuscript Library, Columbia University",manuscripts,1855 1856,reformatted digital,eng,Sydney Howard Gay Papers,MS#0475,,,,"Record of Fugitives. Book 1,  page [20]",1855-1856,eng,"Gay, Sydney Howard, 1814-1888",Fugitive slaves--United States,,,,,,http://ldpd.cul.columbia.edu/slave/100148022.jpg,Sydney Howard Gay’s Record of Fugitive Slaves,Still Image,
8865,"Rare Book & Manuscript Library, Columbia University",manuscripts,1855 1856,reformatted digital,eng,Sydney Howard Gay Papers,MS#0475,,,,"Record of Fugitives. Book 1,  page [19]",1855-1856,eng,"Gay, Sydney Howard, 1814-1888",Fugitive slaves--United States,,,,,,http://ldpd.cul.columbia.edu/slave/100148021.jpg,Sydney Howard Gay’s Record of Fugitive Slaves,Still Image,
8864,"Rare Book & Manuscript Library, Columbia University",manuscripts,1855 1856,reformatted digital,eng,Sydney Howard Gay Papers,MS#0475,,,,"Record of Fugitives. Book 1,  page [18]",1855-1856,eng,"Gay, Sydney Howard, 1814-1888",Fugitive slaves--United States,,,,,,http://ldpd.cul.columbia.edu/slave/100148020.jpg,Sydney Howard Gay’s Record of Fugitive Slaves,Still Image,
8863,"Rare Book & Manuscript Library, Columbia University",manuscripts,1855 1856,reformatted digital,eng,Sydney Howard Gay Papers,MS#0475,,,,"Record of Fugitives. Book 1,  page [17]",1855-1856,eng,"Gay, Sydney Howard, 1814-1888",Fugitive slaves--United States,,,,,,http://ldpd.cul.columbia.edu/slave/100148019.jpg,Sydney Howard Gay’s Record of Fugitive Slaves,Still Image,
8862,"Rare Book & Manuscript Library, Columbia University",manuscripts,1855 1856,reformatted digital,eng,Sydney Howard Gay Papers,MS#0475,,,,"Record of Fugitives. Book 1,  page [16]",1855-1856,eng,"Gay, Sydney Howard, 1814-1888",Fugitive slaves--United States,,,,,,http://ldpd.cul.columbia.edu/slave/100148018.jpg,Sydney Howard Gay’s Record of Fugitive Slaves,Still Image,
8861,"Rare Book & Manuscript Library, Columbia University",manuscripts,1855 1856,reformatted digital,eng,Sydney Howard Gay Papers,MS#0475,,,,"Record of Fugitives. Book 1,  page [15]",1855-1856,eng,"Gay, Sydney Howard, 1814-1888",Fugitive slaves--United States,,,,,,http://ldpd.cul.columbia.edu/slave/100148017.jpg,Sydney Howard Gay’s Record of Fugitive Slaves,Still Image,
8860,"Rare Book & Manuscript Library, Columbia University",manuscripts,1855 1856,reformatted digital,eng,Sydney Howard Gay Papers,MS#0475,,,,"Record of Fugitives. Book 1,  page [14]",1855-1856,eng,"Gay, Sydney Howard, 1814-1888",Fugitive slaves--United States,,,,,,http://ldpd.cul.columbia.edu/slave/100148016.jpg,Sydney Howard Gay’s Record of Fugitive Slaves,Still Image,
8859,"Rare Book & Manuscript Library, Columbia University",manuscripts,1855 1856,reformatted digital,eng,Sydney Howard Gay Papers,MS#0475,,,,"Record of Fugitives. Book 1,  page [13]",1855-1856,eng,"Gay, Sydney Howard, 1814-1888",Fugitive slaves--United States,,,,,,http://ldpd.cul.columbia.edu/slave/100148015.jpg,Sydney Howard Gay’s Record of Fugitive Slaves,Still Image,
8858,"Rare Book & Manuscript Library, Columbia University",manuscripts,1855 1856,reformatted digital,eng,Sydney Howard Gay Papers,MS#0475,,,,"Record of Fugitives. Book 1,  page [12]",1855-1856,eng,"Gay, Sydney Howard, 1814-1888",Fugitive slaves--United States,,,,,,http://ldpd.cul.columbia.edu/slave/100148014.jpg,Sydney Howard Gay’s Record of Fugitive Slaves,Still Image,
8857,"Rare Book & Manuscript Library, Columbia University",manuscripts,1855 1856,reformatted digital,eng,Sydney Howard Gay Papers,MS#0475,,,,"Record of Fugitives. Book 1,  page [11]",1855-1856,eng,"Gay, Sydney Howard, 1814-1888",Fugitive slaves--United States,,,,,,http://ldpd.cul.columbia.edu/slave/100148013.jpg,Sydney Howard Gay’s Record of Fugitive Slaves,Still Image,
8856,"Rare Book & Manuscript Library, Columbia University",manuscripts,1855 1856,reformatted digital,eng,Sydney Howard Gay Papers,MS#0475,,,,"Record of Fugitives. Book 1,  page [10]",1855-1856,eng,"Gay, Sydney Howard, 1814-1888",Fugitive slaves--United States,,,,,,http://ldpd.cul.columbia.edu/slave/100148012.jpg,Sydney Howard Gay’s Record of Fugitive Slaves,Still Image,
8855,"Rare Book & Manuscript Library, Columbia University",manuscripts,1855 1856,reformatted digital,eng,Sydney Howard Gay Papers,MS#0475,,,,"Record of Fugitives. Book 1,  page [9]",1855-1856,eng,"Gay, Sydney Howard, 1814-1888",Fugitive slaves--United States,,,,,,http://ldpd.cul.columbia.edu/slave/100148011.jpg,Sydney Howard Gay’s Record of Fugitive Slaves,Still Image,
8854,"Rare Book & Manuscript Library, Columbia University",manuscripts,1855 1856,reformatted digital,eng,Sydney Howard Gay Papers,MS#0475,,,,"Record of Fugitives. Book 1,  page [8]",1855-1856,eng,"Gay, Sydney Howard, 1814-1888",Fugitive slaves--United States,,,,,,http://ldpd.cul.columbia.edu/slave/100148010.jpg,Sydney Howard Gay’s Record of Fugitive Slaves,Still Image,
8853,"Rare Book & Manuscript Library, Columbia University",manuscripts,1855 1856,reformatted digital,eng,Sydney Howard Gay Papers,MS#0475,,,,"Record of Fugitives. Book 1,  page [7]",1855-1856,eng,"Gay, Sydney Howard, 1814-1888",Fugitive slaves--United States,,,,,,http://ldpd.cul.columbia.edu/slave/100148009.jpg,Sydney Howard Gay’s Record of Fugitive Slaves,Still Image,
8852,"Rare Book & Manuscript Library, Columbia University",manuscripts,1855 1856,reformatted digital,eng,Sydney Howard Gay Papers,MS#0475,,,,"Record of Fugitives. Book 1,  page [6]",1855-1856,eng,"Gay, Sydney Howard, 1814-1888",Fugitive slaves--United States,,,,,,http://ldpd.cul.columbia.edu/slave/100148008.jpg,Sydney Howard Gay’s Record of Fugitive Slaves,Still Image,
8851,"Rare Book & Manuscript Library, Columbia University",manuscripts,1855 1856,reformatted digital,eng,Sydney Howard Gay Papers,MS#0475,,,,"Record of Fugitives. Book 1,  page [5]",1855-1856,eng,"Gay, Sydney Howard, 1814-1888",Fugitive slaves--United States,,,,,,http://ldpd.cul.columbia.edu/slave/100148007.jpg,Sydney Howard Gay’s Record of Fugitive Slaves,Still Image,
8850,"Rare Book & Manuscript Library, Columbia University",manuscripts,1855 1856,reformatted digital,eng,Sydney Howard Gay Papers,MS#0475,,,,"Record of Fugitives. Book 1,  page [4]",1855-1856,eng,"Gay, Sydney Howard, 1814-1888",Fugitive slaves--United States,,,,,,http://ldpd.cul.columbia.edu/slave/100148006.jpg,Sydney Howard Gay’s Record of Fugitive Slaves,Still Image,
8849,"Rare Book & Manuscript Library, Columbia University",manuscripts,1855 1856,reformatted digital,eng,Sydney Howard Gay Papers,MS#0475,,,,"Record of Fugitives. Book 1,  page [3]",1855-1856,eng,"Gay, Sydney Howard, 1814-1888",Fugitive slaves--United States,,,,,,http://ldpd.cul.columbia.edu/slave/100148005.jpg,Sydney Howard Gay’s Record of Fugitive Slaves,Still Image,
8848,"Rare Book & Manuscript Library, Columbia University",manuscripts,1855 1856,reformatted digital,eng,Sydney Howard Gay Papers,MS#0475,,,,"Record of Fugitives. Book 1,  page [2]",1855-1856,eng,"Gay, Sydney Howard, 1814-1888",Fugitive slaves--United States,,,,,,http://ldpd.cul.columbia.edu/slave/100148004.jpg,Sydney Howard Gay’s Record of Fugitive Slaves,Still Image,
8847,"Rare Book & Manuscript Library, Columbia University",manuscripts,1855 1856,reformatted digital,eng,Sydney Howard Gay Papers,MS#0475,,,,"Record of Fugitives. Book 1,  page [1]",1855-1856,eng,"Gay, Sydney Howard, 1814-1888",Fugitive slaves--United States,,,,,,http://ldpd.cul.columbia.edu/slave/100148003.jpg,Sydney Howard Gay’s Record of Fugitive Slaves,Still Image,
8846,"Rare Book & Manuscript Library, Columbia University",manuscripts,1855 ,reformatted digital,eng,Sydney Howard Gay Papers,MS#0475,,,,"Record of Fugitives. Book 1,  inside of front cover",1855,eng,"Gay, Sydney Howard, 1814-1888",Fugitive slaves--United States,,,,,,http://ldpd.cul.columbia.edu/slave/100148002.jpg,Sydney Howard Gay’s Record of Fugitive Slaves,Still Image,
8845,"Rare Book & Manuscript Library, Columbia University",manuscripts,1855 1856,reformatted digital,eng,Sydney Howard Gay Papers,MS#0475,,,,"Record of Fugitives. Book 1,  front cover",1855,eng,"Gay, Sydney Howard, 1814-1888",Fugitive slaves--United States,,,,,,http://ldpd.cul.columbia.edu/slave/100148001.jpg,Sydney Howard Gay’s Record of Fugitive Slaves,Still Image,
