identifier_omeka,item - public,item - featured,note,keyDate_start,relatedItem_collection,dateQualifier,sublocation,shelfLocator,physicalLocation,digitalOrigin,languageOfCataloging,title,form,name_primary,identifier_clio,language,note_filename,form_originalFormat,relatedItem_Project,location_url_ObjectInContext,Citation - Source
6598,1,0,Image is a digitized positive photograph made from a negative.,1892 ,Charles A. Platt Architectural Records and Papers,exact,Drawings & Archives Department,Box 07,"Avery Architectural & Fine Arts Library, Columbia University",rd,eng,"Villa Caprarola, garden wall and sculpture. Caprarola, Italy.",negatives,"Platt, Charles A. (Charles Adams), 1861-1933",1998.015.00091,eng,http://staging.cul.columbia.edu/cu/lweb/img/assets/10173/Platt_127_1m.jpg,Still Image,Charles A. Platt's Italian Garden Photographs,https://exhibitions.cul.columbia.edu/exhibits/show/platt/unpublished/caprarola,
6597,1,0,Image is a digitized positive photograph made from a negative.,1892,Charles A. Platt Architectural Records and Papers,exact,Drawings & Archives Department,Box 31,"Avery Architectural & Fine Arts Library, Columbia University",,,"Villa Falconieri, fountain (round). Costanzi, Italy.",negatives,"Platt, Charles A. (Charles Adams), 1861-1933",1998.015.00090,,http://staging.cul.columbia.edu/cu/lweb/img/assets/10173/Platt_049m.jpg,Still Image,Charles A. Platt's Italian Garden Photographs,https://exhibitions.cul.columbia.edu/exhibits/show/platt/unpublished/falconieri,
6596,1,0,Image is a digitized positive photograph made from a negative.,1892 ,Charles A. Platt Architectural Records and Papers,exact,Drawings & Archives Department,Box 31,"Avery Architectural & Fine Arts Library, Columbia University",rd,eng,"Villa Caprarola?, base of stairs. Caprarola, Italy.",negatives,"Platt, Charles A. (Charles Adams), 1861-1933",1998.015.00089,eng,http://staging.cul.columbia.edu/cu/lweb/img/assets/10173/Platt_048m.jpg,Still Image,Charles A. Platt's Italian Garden Photographs,https://exhibitions.cul.columbia.edu/exhibits/show/platt/unpublished/caprarola,
6595,1,0,Image is a digitized positive photograph made from a negative.,1892,Charles A. Platt Architectural Records and Papers,exact,Drawings & Archives Department,Box 30,"Avery Architectural & Fine Arts Library, Columbia University",,,"Villa Falconieri, gate surmounted by lions or griffins. Costanzi, Italy.",negatives,"Platt, Charles A. (Charles Adams), 1861-1933",1998.015.00088,,http://staging.cul.columbia.edu/cu/lweb/img/assets/10173/Platt_047m.jpg,Still Image,Charles A. Platt's Italian Garden Photographs,https://exhibitions.cul.columbia.edu/exhibits/show/platt/unpublished/falconieri,
6594,1,0,Image is a digitized positive photograph made from a negative.,1892,Charles A. Platt Architectural Records and Papers,exact,Drawings & Archives Department,Box 30,"Avery Architectural & Fine Arts Library, Columbia University",,,"Unidentified villa, interior view with chair. Unidentified location, Italy.",negatives,"Platt, Charles A. (Charles Adams), 1861-1933",1998.015.00087,,http://staging.cul.columbia.edu/cu/lweb/img/assets/10173/Platt_046m.jpg,Still Image,Charles A. Platt's Italian Garden Photographs,https://exhibitions.cul.columbia.edu/exhibits/show/platt/unpublished/unidentified,
6593,1,0,Image is a digitized positive photograph made from a negative.,1892 ,Charles A. Platt Architectural Records and Papers,exact,Drawings & Archives Department,Box 29,"Avery Architectural & Fine Arts Library, Columbia University",rd,eng,"Villa Lante, corner of villa, hedge, and vase. Bagnaia, Italy.",negatives,"Platt, Charles A. (Charles Adams), 1861-1933",1998.015.00086,eng,http://staging.cul.columbia.edu/cu/lweb/img/assets/10173/Platt_045m.jpg,Still Image,Charles A. Platt's Italian Garden Photographs,https://exhibitions.cul.columbia.edu/exhibits/show/platt/unpublished/lante,
6592,1,0,Image is a digitized positive photograph made from a negative.,1892,Charles A. Platt Architectural Records and Papers,exact,Drawings & Archives Department,Box 29,"Avery Architectural & Fine Arts Library, Columbia University",,,"Unidentified villa, pergola with cactus. Unidentified location, Italy.]",negatives,"Platt, Charles A. (Charles Adams), 1861-1933",1998.015.00085,,http://staging.cul.columbia.edu/cu/lweb/img/assets/10173/Platt_044m.jpg,Still Image,Charles A. Platt's Italian Garden Photographs,https://exhibitions.cul.columbia.edu/exhibits/show/platt/unpublished/unidentified,
6591,1,0,Image is a digitized positive photograph made from a negative.,1892 ,Charles A. Platt Architectural Records and Papers,exact,Drawings & Archives Department,Box 29,"Avery Architectural & Fine Arts Library, Columbia University",rd,eng,"Villa Lante, Fountain of the Dolphins. Bagnaia, Italy.",negatives,"Platt, Charles A. (Charles Adams), 1861-1933",1998.015.00084,eng,http://staging.cul.columbia.edu/cu/lweb/img/assets/10173/Platt_043m.jpg,Still Image,Charles A. Platt's Italian Garden Photographs,https://exhibitions.cul.columbia.edu/exhibits/show/platt/unpublished/lante,
6590,1,0,Image is a digitized positive photograph made from a negative.,1892,Charles A. Platt Architectural Records and Papers,exact,Drawings & Archives Department,Box 28,"Avery Architectural & Fine Arts Library, Columbia University",,,"Unidentified villa, view of entrance with stairs, colonnade, and balcony. Unidentified location, Italy.",negatives,"Platt, Charles A. (Charles Adams), 1861-1933",1998.015.00083,,http://staging.cul.columbia.edu/cu/lweb/img/assets/10173/Platt_042m.jpg,Still Image,Charles A. Platt's Italian Garden Photographs,https://exhibitions.cul.columbia.edu/exhibits/show/platt/unpublished/unidentified,
6589,1,0,Image is a digitized positive photograph made from a negative.,1892,Charles A. Platt Architectural Records and Papers,exact,Drawings & Archives Department,Box 28,"Avery Architectural & Fine Arts Library, Columbia University",,,"Villa Falconieri, view through garden to entrance. Costanzi, Italy.",negatives,"Platt, Charles A. (Charles Adams), 1861-1933",1998.015.00082,,http://staging.cul.columbia.edu/cu/lweb/img/assets/10173/Platt_041m.jpg,Still Image,Charles A. Platt's Italian Garden Photographs,https://exhibitions.cul.columbia.edu/exhibits/show/platt/unpublished/falconieri,
6588,1,0,Image is a digitized positive photograph made from a negative.,1892,Charles A. Platt Architectural Records and Papers,exact,Drawings & Archives Department,Box 26,"Avery Architectural & Fine Arts Library, Columbia University",,,"Unidentified villa, steps to terrace. Unidentified location, Italy.",negatives,"Platt, Charles A. (Charles Adams), 1861-1933",1998.015.00081,,http://staging.cul.columbia.edu/cu/lweb/img/assets/10173/Platt_040m.jpg,Still Image,Charles A. Platt's Italian Garden Photographs,https://exhibitions.cul.columbia.edu/exhibits/show/platt/unpublished/unidentified,
6587,1,0,Image is a digitized positive photograph made from a negative.,1892,Charles A. Platt Architectural Records and Papers,exact,Drawings & Archives Department,Box 26,"Avery Architectural & Fine Arts Library, Columbia University",,,"Pompeii, table with lion or griffin legs and basin. Pompeii, Italy.",negatives,"Platt, Charles A. (Charles Adams), 1861-1933",1998.015.00080,,http://staging.cul.columbia.edu/cu/lweb/img/assets/10173/Platt_039m.jpg,Still Image,Charles A. Platt's Italian Garden Photographs,https://exhibitions.cul.columbia.edu/exhibits/show/platt/unpublished/pompeii,
6586,1,0,Image is a digitized positive photograph made from a negative.,1892,Charles A. Platt Architectural Records and Papers,exact,Drawings & Archives Department,Box 25,"Avery Architectural & Fine Arts Library, Columbia University",,,"Unidentified villa, Corner of villa, lawn, steps. Unidentified location, Italy.",negatives,"Platt, Charles A. (Charles Adams), 1861-1933",1998.015.00079,,http://staging.cul.columbia.edu/cu/lweb/img/assets/10173/Platt_038m.jpg,Still Image,Charles A. Platt's Italian Garden Photographs,https://exhibitions.cul.columbia.edu/exhibits/show/platt/unpublished/unidentified,
6585,1,0,Image is a digitized positive photograph made from a negative.,1892,Charles A. Platt Architectural Records and Papers,exact,Drawings & Archives Department,Box 25,"Avery Architectural & Fine Arts Library, Columbia University",,,"Villa Portici?, tree-shaded walk. Portici, Italy.",negatives,"Platt, Charles A. (Charles Adams), 1861-1933",1998.015.00078,,http://staging.cul.columbia.edu/cu/lweb/img/assets/10173/Platt_037m.jpg,Still Image,Charles A. Platt's Italian Garden Photographs,https://exhibitions.cul.columbia.edu/exhibits/show/platt/unpublished/portici,
6584,1,0,Image is a digitized positive photograph made from a negative.,1892,Charles A. Platt Architectural Records and Papers,exact,Drawings & Archives Department,Box 25,"Avery Architectural & Fine Arts Library, Columbia University",,,"Villa Falconieri, view towards reservoir. Costanzi, Italy.",negatives,"Platt, Charles A. (Charles Adams), 1861-1933",1998.015.00077,,http://staging.cul.columbia.edu/cu/lweb/img/assets/10173/Platt_036m.jpg,Still Image,Charles A. Platt's Italian Garden Photographs,,
6583,1,0,Image is a digitized positive photograph made from a negative.,1892,Charles A. Platt Architectural Records and Papers,exact,Drawings & Archives Department,Box 24,"Avery Architectural & Fine Arts Library, Columbia University",,,"Colonna Gardens?, walk bounded by plantings and high walls. Rome, Italy.",negatives,"Platt, Charles A. (Charles Adams), 1861-1933",1998.015.00076,,http://staging.cul.columbia.edu/cu/lweb/img/assets/10173/Platt_035m.jpg,Still Image,Charles A. Platt's Italian Garden Photographs,https://exhibitions.cul.columbia.edu/exhibits/show/platt/unpublished/colonna,
6582,1,0,Image is a digitized positive photograph made from a negative.,1892,Charles A. Platt Architectural Records and Papers,exact,Drawings & Archives Department,Box 24,"Avery Architectural & Fine Arts Library, Columbia University",,,"Unidentified villa, villa and orchard. Unidentified location, Italy.",negatives,"Platt, Charles A. (Charles Adams), 1861-1933",1998.015.00075,,http://staging.cul.columbia.edu/cu/lweb/img/assets/10173/Platt_034m.jpg,Still Image,Charles A. Platt's Italian Garden Photographs,https://exhibitions.cul.columbia.edu/exhibits/show/platt/unpublished/unidentified,
6581,1,0,Image is a digitized positive photograph made from a negative.,1892,Charles A. Platt Architectural Records and Papers,exact,Drawings & Archives Department,Box 24,"Avery Architectural & Fine Arts Library, Columbia University",,,"Unidentified villa, colonnade and walk with balustrade. Unidentified location, Italy.",negatives,"Platt, Charles A. (Charles Adams), 1861-1933",1998.015.00074,,http://staging.cul.columbia.edu/cu/lweb/img/assets/10173/Platt_033_1m.jpg,Still Image,Charles A. Platt's Italian Garden Photographs,https://exhibitions.cul.columbia.edu/exhibits/show/platt/unpublished/unidentified,
6580,1,0,Image is a digitized positive photograph made from a negative.,1892,Charles A. Platt Architectural Records and Papers,exact,Drawings & Archives Department,Box 23,"Avery Architectural & Fine Arts Library, Columbia University",,,"Villa d'Este?, wooded stairs and walkway to villa. Tivoli, Italy",negatives,"Platt, Charles A. (Charles Adams), 1861-1933",1998.015.00073,,http://staging.cul.columbia.edu/cu/lweb/img/assets/10173/Platt_032m.jpg,Still Image,Charles A. Platt's Italian Garden Photographs,https://exhibitions.cul.columbia.edu/exhibits/show/platt/unpublished/este,
6579,1,0,Image is a digitized positive photograph made from a negative.,1892,Charles A. Platt Architectural Records and Papers,exact,Drawings & Archives Department,Box 23,"Avery Architectural & Fine Arts Library, Columbia University",,,"Unidentified location, garden with wall in background. Unidentified location, Italy.",negatives,"Platt, Charles A. (Charles Adams), 1861-1933",1998.015.00072,,http://staging.cul.columbia.edu/cu/lweb/img/assets/10173/Platt_031m.jpg,Still Image,Charles A. Platt's Italian Garden Photographs,https://exhibitions.cul.columbia.edu/exhibits/show/platt/unpublished/unidentified,
6578,1,0,Image is a digitized positive photograph made from a negative.,1892 ,Charles A. Platt Architectural Records and Papers,exact,Drawings & Archives Department,Box 23,"Avery Architectural & Fine Arts Library, Columbia University",rd,eng,"Villa Lante?, garden walk with potted trees and plants. Bagnaia, Italy.",negatives,"Platt, Charles A. (Charles Adams), 1861-1933",1998.015.00071,eng,http://staging.cul.columbia.edu/cu/lweb/img/assets/10173/Platt_030m.jpg,Still Image,Charles A. Platt's Italian Garden Photographs,https://exhibitions.cul.columbia.edu/exhibits/show/platt/unpublished/lante,
6577,1,0,Image is a digitized positive photograph made from a negative.,1892,Charles A. Platt Architectural Records and Papers,exact,Drawings & Archives Department,Box 22,"Avery Architectural & Fine Arts Library, Columbia University",,,"Colonna Gardens?, stairs bounded by box hedge and trees. Rome, Italy.",negatives,"Platt, Charles A. (Charles Adams), 1861-1933",1998.015.00070,,http://staging.cul.columbia.edu/cu/lweb/img/assets/10173/Platt_029m.jpg,Still Image,Charles A. Platt's Italian Garden Photographs,https://exhibitions.cul.columbia.edu/exhibits/show/platt/unpublished/colonna,
6576,1,0,Image is a digitized positive photograph made from a negative.,1892,Charles A. Platt Architectural Records and Papers,exact,Drawings & Archives Department,Box 22,"Avery Architectural & Fine Arts Library, Columbia University",,,"Villa Taverna?, view of walled walk with hedges and villa. Frascati, Italy.",negatives,"Platt, Charles A. (Charles Adams), 1861-1933",1998.015.00069,,http://staging.cul.columbia.edu/cu/lweb/img/assets/10173/Platt_028m.jpg,Still Image,Charles A. Platt's Italian Garden Photographs,https://exhibitions.cul.columbia.edu/exhibits/show/platt/unpublished/taverna,
6575,1,0,Image is a digitized positive photograph made from a negative.,1892,Charles A. Platt Architectural Records and Papers,exact,Drawings & Archives Department,Box 22,"Avery Architectural & Fine Arts Library, Columbia University",,,"Unidentified villa, foot of staircase. Unidentified location, Italy.",negatives,"Platt, Charles A. (Charles Adams), 1861-1933",1998.015.00068,,http://staging.cul.columbia.edu/cu/lweb/img/assets/10173/Platt_027_1m.jpg,Still Image,Charles A. Platt's Italian Garden Photographs,https://exhibitions.cul.columbia.edu/exhibits/show/platt/unpublished/unidentified,
6574,1,0,Image is a digitized positive photograph made from a negative.,1892,Charles A. Platt Architectural Records and Papers,exact,Drawings & Archives Department,Box 21,"Avery Architectural & Fine Arts Library, Columbia University",,,"Villa d'Este, wooded stairs. Tivoli, Italy.",negatives,"Platt, Charles A. (Charles Adams), 1861-1933",1998.015.00067,,http://staging.cul.columbia.edu/cu/lweb/img/assets/10173/Platt_026m.jpg,Still Image,Charles A. Platt's Italian Garden Photographs,https://exhibitions.cul.columbia.edu/exhibits/show/platt/unpublished/este,
6573,1,0,Image is a digitized positive photograph made from a negative.,1892,Charles A. Platt Architectural Records and Papers,exact,Drawings & Archives Department,Box 21,"Avery Architectural & Fine Arts Library, Columbia University",,,"Pompeii, table with lion or griffin legs, fountain, and basin. Pompeii, Italy.",negatives,"Platt, Charles A. (Charles Adams), 1861-1933",1998.015.00066,,http://staging.cul.columbia.edu/cu/lweb/img/assets/10173/Platt_025m.jpg,Still Image,Charles A. Platt's Italian Garden Photographs,https://exhibitions.cul.columbia.edu/exhibits/show/platt/unpublished/pompeii,
6572,1,0,Image is a digitized positive photograph made from a negative.,1892,Charles A. Platt Architectural Records and Papers,exact,Drawings & Archives Department,Box 21,"Avery Architectural & Fine Arts Library, Columbia University",,,"Villa Falconieri, view of reservoir across garden, statuary in foreground. Costanzi, Italy.",negatives,"Platt, Charles A. (Charles Adams), 1861-1933",1998.015.00065,,http://staging.cul.columbia.edu/cu/lweb/img/assets/10173/Platt_024m.jpg,Still Image,Charles A. Platt's Italian Garden Photographs,https://exhibitions.cul.columbia.edu/exhibits/show/platt/unpublished/falconieri,
6571,1,0,Image is a digitized positive photograph made from a negative.,1892 ,Charles A. Platt Architectural Records and Papers,exact,Drawings & Archives Department,Box 20,"Avery Architectural & Fine Arts Library, Columbia University",rd,eng,"Villa Lante, Fountain of the Moors and garden. Bagnaia, Italy.",negatives,"Platt, Charles A. (Charles Adams), 1861-1933",1998.015.00064,eng,http://staging.cul.columbia.edu/cu/lweb/img/assets/10173/Platt_023m.jpg,Still Image,Charles A. Platt's Italian Garden Photographs,https://exhibitions.cul.columbia.edu/exhibits/show/platt/unpublished/lante,
6570,1,0,Image is a digitized positive photograph made from a negative.,1892,Charles A. Platt Architectural Records and Papers,exact,Drawings & Archives Department,Box 20,"Avery Architectural & Fine Arts Library, Columbia University",,,"Villa Borghese, piazza de Siena. Rome, Italy.",negatives,"Platt, Charles A. (Charles Adams), 1861-1933",1998.015.00063,,http://staging.cul.columbia.edu/cu/lweb/img/assets/10173/Platt_022m.jpg,Still Image,Charles A. Platt's Italian Garden Photographs,https://exhibitions.cul.columbia.edu/exhibits/show/platt/published/borghese,
6569,1,0,Image is a digitized positive photograph made from a negative.,1892,Charles A. Platt Architectural Records and Papers,exact,Drawings & Archives Department,Box 20,"Avery Architectural & Fine Arts Library, Columbia University",,,"Villa Pamfili?, gate with urns, villa exterior. Rome, Italy.",negatives,"Platt, Charles A. (Charles Adams), 1861-1933",1998.015.00062,,http://staging.cul.columbia.edu/cu/lweb/img/assets/10173/Platt_021_1m.jpg,Still Image,Charles A. Platt's Italian Garden Photographs,https://exhibitions.cul.columbia.edu/exhibits/show/platt/unpublished/pamfili,
6568,1,0,Image is a digitized positive photograph made from a negative.,1892,Charles A. Platt Architectural Records and Papers,exact,Drawings & Archives Department,Box 19,"Avery Architectural & Fine Arts Library, Columbia University",,,"Villa Pamfili?, gate and wall with lions. Rome, Italy.",negatives,"Platt, Charles A. (Charles Adams), 1861-1933",1998.015.00061,,http://staging.cul.columbia.edu/cu/lweb/img/assets/10173/Platt_020m.jpg,Still Image,Charles A. Platt's Italian Garden Photographs,https://exhibitions.cul.columbia.edu/exhibits/show/platt/unpublished/pamfili,
6567,1,0,Image is a digitized positive photograph made from a negative.,1892,Charles A. Platt Architectural Records and Papers,exact,Drawings & Archives Department,Box 19,"Avery Architectural & Fine Arts Library, Columbia University",,,"Villa Giusti, wall and cypresses, with villa in distance. Verona, Italy.",negatives,"Platt, Charles A. (Charles Adams), 1861-1933",1998.015.00060,,http://staging.cul.columbia.edu/cu/lweb/img/assets/10173/Platt_019m.jpg,Still Image,Charles A. Platt's Italian Garden Photographs,https://exhibitions.cul.columbia.edu/exhibits/show/platt/unpublished/giusti,
6566,1,0,Image is a digitized positive photograph made from a negative.,1892,Charles A. Platt Architectural Records and Papers,exact,Drawings & Archives Department,Box 19,"Avery Architectural & Fine Arts Library, Columbia University",,,"Villa d'Este?, wooded path with vases, fountain, box hedge. Tivoli, Italy.",negatives,"Platt, Charles A. (Charles Adams), 1861-1933",1998.015.00059,,http://staging.cul.columbia.edu/cu/lweb/img/assets/10173/Platt_018_1m.jpg,Still Image,Charles A. Platt's Italian Garden Photographs,https://exhibitions.cul.columbia.edu/exhibits/show/platt/unpublished/este,
6565,1,0,Image is a digitized positive photograph made from a negative.,1892,Charles A. Platt Architectural Records and Papers,exact,Drawings & Archives Department,Box 18,"Avery Architectural & Fine Arts Library, Columbia University",,,"Villa d'Este, wooded stairs. Tivoli, Italy.",negatives,"Platt, Charles A. (Charles Adams), 1861-1933",1998.015.00058,,http://staging.cul.columbia.edu/cu/lweb/img/assets/10173/Platt_017_1m.jpg,Still Image,Charles A. Platt's Italian Garden Photographs,https://exhibitions.cul.columbia.edu/exhibits/show/platt/unpublished/este,
6564,1,0,Image is a digitized positive photograph made from a negative.,1892,Charles A. Platt Architectural Records and Papers,exact,Drawings & Archives Department,Box 18,"Avery Architectural & Fine Arts Library, Columbia University",,,"Boboli Gardens?, garden view with obelisk, theater, and pergola. Florence, Italy.",negatives,"Platt, Charles A. (Charles Adams), 1861-1933",1998.015.00057,,http://staging.cul.columbia.edu/cu/lweb/img/assets/10173/Platt_016m.jpg,Still Image,Charles A. Platt's Italian Garden Photographs,https://exhibitions.cul.columbia.edu/exhibits/show/platt/unpublished/boboli,
6563,1,0,Image is a digitized positive photograph made from a negative.,1892 ,Charles A. Platt Architectural Records and Papers,exact,Drawings & Archives Department,Box 26,"Avery Architectural & Fine Arts Library, Columbia University",rd,eng,"Villa Lante?, gate. Bagnaia, Italy.",negatives,"Platt, Charles A. (Charles Adams), 1861-1933",1998.015.00056,eng,http://staging.cul.columbia.edu/cu/lweb/img/assets/10173/Platt_015m.jpg,Still Image,Charles A. Platt's Italian Garden Photographs,https://exhibitions.cul.columbia.edu/exhibits/show/platt/unpublished/lante,
6562,1,0,Image is a digitized positive photograph made from a negative.,1892,Charles A. Platt Architectural Records and Papers,exact,Drawings & Archives Department,Box 18,"Avery Architectural & Fine Arts Library, Columbia University",,,"Villa Portici, gate and plantings. Portici, Italy.",negatives,"Platt, Charles A. (Charles Adams), 1861-1933",1998.015.00055,,http://staging.cul.columbia.edu/cu/lweb/img/assets/10173/Platt_014m.jpg,Still Image,Charles A. Platt's Italian Garden Photographs,https://exhibitions.cul.columbia.edu/exhibits/show/platt/unpublished/portici,
6561,1,0,Image is a digitized positive photograph made from a negative.,1892,Charles A. Platt Architectural Records and Papers,exact,Drawings & Archives Department,Box 17,"Avery Architectural & Fine Arts Library, Columbia University",,,"Villa Pamfili?, gate with scrollwork, surmounted by vases. Rome, Italy.",negatives,"Platt, Charles A. (Charles Adams), 1861-1933",1998.015.00054,,http://staging.cul.columbia.edu/cu/lweb/img/assets/10173/Platt_013m.jpg,Still Image,Charles A. Platt's Italian Garden Photographs,https://exhibitions.cul.columbia.edu/exhibits/show/platt/unpublished/pamfili,
6560,1,0,Image is a digitized positive photograph made from a negative.,1892,Charles A. Platt Architectural Records and Papers,exact,Drawings & Archives Department,Box 17,"Avery Architectural & Fine Arts Library, Columbia University",,,"Villa Falconieri?, wall surmounted by columns in wooded area. Frascati, Italy.",negatives,"Platt, Charles A. (Charles Adams), 1861-1933",1998.015.00053,,http://staging.cul.columbia.edu/cu/lweb/img/assets/10173/Platt_012_1m.jpg,Still Image,Charles A. Platt's Italian Garden Photographs,https://exhibitions.cul.columbia.edu/exhibits/show/platt/unpublished/falconieri,
6559,1,0,Image is a digitized positive photograph made from a negative.,1892,Charles A. Platt Architectural Records and Papers,exact,Drawings & Archives Department,Box 17,"Avery Architectural & Fine Arts Library, Columbia University",,,"Villa d'Este, view from porch. Tivoli, Italy.",negatives,"Platt, Charles A. (Charles Adams), 1861-1933",1998.015.00052,,http://staging.cul.columbia.edu/cu/lweb/img/assets/10173/Platt_011m.jpg,Still Image,Charles A. Platt's Italian Garden Photographs,https://exhibitions.cul.columbia.edu/exhibits/show/platt/unpublished/este,
6558,1,0,Image is a digitized positive photograph made from a negative.,1892,Charles A. Platt Architectural Records and Papers,exact,Drawings & Archives Department,Box 16,"Avery Architectural & Fine Arts Library, Columbia University",,,"Quirinal Gardens?, view of hedge walk with villa. Rome, Italy.",negatives,"Platt, Charles A. (Charles Adams), 1861-1933",1998.015.00051,,http://staging.cul.columbia.edu/cu/lweb/img/assets/10173/Platt_010m.jpg,Still Image,Charles A. Platt's Italian Garden Photographs,https://exhibitions.cul.columbia.edu/exhibits/show/platt/unpublished/quirinal,
6557,1,0,Image is a digitized positive photograph made from a negative.,1892,Charles A. Platt Architectural Records and Papers,exact,Drawings & Archives Department,Box 16,"Avery Architectural & Fine Arts Library, Columbia University",,,"Unidentified villa, interior view with chair. Unidentified location, Italy.",negatives,"Platt, Charles A. (Charles Adams), 1861-1933",1998.015.00050,,http://staging.cul.columbia.edu/cu/lweb/img/assets/10173/Platt_009m.jpg,Still Image,Charles A. Platt's Italian Garden Photographs,https://exhibitions.cul.columbia.edu/exhibits/show/platt/unpublished/unidentified,
6556,1,0,Image is a digitized positive photograph made from a negative.,1892,Charles A. Platt Architectural Records and Papers,exact,Drawings & Archives Department,Box 16,"Avery Architectural & Fine Arts Library, Columbia University",,,"Villa Conti, garden walk to rear entrance. Frascati, Italy.",negatives,"Platt, Charles A. (Charles Adams), 1861-1933",1998.015.00049,,http://staging.cul.columbia.edu/cu/lweb/img/assets/10173/Platt_008m.jpg,Still Image,Charles A. Platt's Italian Garden Photographs,https://exhibitions.cul.columbia.edu/exhibits/show/platt/unpublished/conti,
6555,1,0,Image is a digitized positive photograph made from a negative.,1892 ,Charles A. Platt Architectural Records and Papers,exact,Drawings & Archives Department,Box 15,"Avery Architectural & Fine Arts Library, Columbia University",rd,eng,"Villa Caprarola?, entrance and double vaulted colonnade. Caprarola, Italy.",negatives,"Platt, Charles A. (Charles Adams), 1861-1933",1998.015.00048,eng,http://staging.cul.columbia.edu/cu/lweb/img/assets/10173/Platt_007_1m.jpg,Still Image,Charles A. Platt's Italian Garden Photographs,https://exhibitions.cul.columbia.edu/exhibits/show/platt/unpublished/caprarola,
6554,1,0,Image is a digitized positive photograph made from a negative.,1892 ,Charles A. Platt Architectural Records and Papers,exact,Drawings & Archives Department,Box 15,"Avery Architectural & Fine Arts Library, Columbia University",rd,eng,"Unidentified villa, façade from across lawn. Unidentified location, Italy.",negatives,"Platt, Charles A. (Charles Adams), 1861-1933",1998.015.00047,eng,http://staging.cul.columbia.edu/cu/lweb/img/assets/10173/Platt_006m.jpg,Still Image,Charles A. Platt's Italian Garden Photographs,https://exhibitions.cul.columbia.edu/exhibits/show/platt/unpublished/unidentified,
6553,1,0,Image is a digitized positive photograph made from a negative.,1892,Charles A. Platt Architectural Records and Papers,exact,Drawings & Archives Department,Box 15,"Avery Architectural & Fine Arts Library, Columbia University",,,"Colonna Gardens, flower gardens. Rome, Italy.",negatives,"Platt, Charles A. (Charles Adams), 1861-1933",1998.015.00046,,http://staging.cul.columbia.edu/cu/lweb/img/assets/10173/Platt_005_1m.jpg,Still Image,Charles A. Platt's Italian Garden Photographs,https://exhibitions.cul.columbia.edu/exhibits/show/platt/unpublished/colonna,
6552,1,0,Image is a digitized positive photograph made from a negative.,1892,Charles A. Platt Architectural Records and Papers,exact,Drawings & Archives Department,Box 14,"Avery Architectural & Fine Arts Library, Columbia University",,,"Villa d'Este?, wooded path. Tivoli, Italy.",negatives,"Platt, Charles A. (Charles Adams), 1861-1933",1998.015.00045,,http://staging.cul.columbia.edu/cu/lweb/img/assets/10173/Platt_004m.jpg,Still Image,Charles A. Platt's Italian Garden Photographs,https://exhibitions.cul.columbia.edu/exhibits/show/platt/unpublished/este,
6551,1,0,Image is a digitized positive photograph made from a negative.,1892,Charles A. Platt Architectural Records and Papers,exact,Drawings & Archives Department,Box 14,"Avery Architectural & Fine Arts Library, Columbia University",,,"Pompeii, table with lion or griffin legs, basin. Pompeii, Italy.",negatives,"Platt, Charles A. (Charles Adams), 1861-1933",1998.015.00044,,http://staging.cul.columbia.edu/cu/lweb/img/assets/10173/Platt_003m.jpg,Still Image,Charles A. Platt's Italian Garden Photographs,https://exhibitions.cul.columbia.edu/exhibits/show/platt/unpublished/pompeii,
6550,1,0,Image is a digitized positive photograph made from a negative.,1892 ,Charles A. Platt Architectural Records and Papers,exact,Drawings & Archives Department,Box 14,"Avery Architectural & Fine Arts Library, Columbia University",rd,eng,"Villa Lante, Fountain of the Moors. Bagnaia, Italy.",negatives,"Platt, Charles A. (Charles Adams), 1861-1933",1998.015.00043,eng,http://staging.cul.columbia.edu/cu/lweb/img/assets/10173/Platt_002m.jpg,Still Image,Charles A. Platt's Italian Garden Photographs,https://exhibitions.cul.columbia.edu/exhibits/show/platt/unpublished/lante,
6549,1,0,Image is a digitized positive photograph made from a negative.,1892 ,Charles A. Platt Architectural Records and Papers,exact,Drawings & Archives Department,Box 13,"Avery Architectural & Fine Arts Library, Columbia University",rd,eng,"Villa Borghese, Piazza de Siena. Rome, Italy.",negatives,"Platt, Charles A. (Charles Adams), 1861-1933",1998.015.00042,eng,http://staging.cul.columbia.edu/cu/lweb/img/assets/10173/Platt_001m.jpg,Still Image,Charles A. Platt's Italian Garden Photographs,https://exhibitions.cul.columbia.edu/exhibits/show/platt/unpublished/borghese,
6548,1,0,Image is a digitized positive photograph made from a negative.,1892,Charles A. Platt Architectural Records and Papers,exact,Drawings & Archives Department,Box 13,"Avery Architectural & Fine Arts Library, Columbia University",,,"Villa Caprarola, casino, view from entrance court. Caprarola, Italy.",negatives,"Platt, Charles A. (Charles Adams), 1861-1933",1998.015.00041,,http://staging.cul.columbia.edu/cu/lweb/img/assets/10173/Platt_165m.jpg,Still Image,Charles A. Platt's Italian Garden Photographs,https://exhibitions.cul.columbia.edu/exhibits/show/platt/published/caprarola,"Platt, Charles A. Italian Gardens. Portland, OR: Sagapress/Timber Press (1993): 165."
6547,1,0,Image is a digitized positive photograph made from a negative.,1892,Charles A. Platt Architectural Records and Papers,exact,Drawings & Archives Department,Box 13,"Avery Architectural & Fine Arts Library, Columbia University",,,"Villa Portici, pavilion. Portici, Italy.",negatives,"Platt, Charles A. (Charles Adams), 1861-1933",1998.015.00040,,http://staging.cul.columbia.edu/cu/lweb/img/assets/10173/Platt_164m.jpg,Still Image,Charles A. Platt's Italian Garden Photographs,https://exhibitions.cul.columbia.edu/exhibits/show/platt/published/portici,"Platt, Charles A. Italian Gardens. Portland, OR: Sagapress/Timber Press (1993): 164."
6546,1,0,Image is a digitized positive photograph made from a negative.,1892,Charles A. Platt Architectural Records and Papers,exact,Drawings & Archives Department,Box 12,"Avery Architectural & Fine Arts Library, Columbia University",,,"Villa Mondragone, view from terrace toward Frascati and Rome. Frascati, Italy.",negatives,"Platt, Charles A. (Charles Adams), 1861-1933",1998.015.00039,,http://staging.cul.columbia.edu/cu/lweb/img/assets/10173/Platt_163m.jpg,Still Image,Charles A. Platt's Italian Garden Photographs,https://exhibitions.cul.columbia.edu/exhibits/show/platt/published/mondragone,"Platt, Charles A. Italian Gardens. Portland, OR: Sagapress/Timber Press (1993): 163."
6545,1,0,Image is a digitized positive photograph made from a negative.,1892,Charles A. Platt Architectural Records and Papers,exact,Drawings & Archives Department,Box 12,"Avery Architectural & Fine Arts Library, Columbia University",,,"Villa Mondragone, approach to palace from public road, with laurels. Frascati, Italy.",negatives,"Platt, Charles A. (Charles Adams), 1861-1933",1998.015.00038,,http://staging.cul.columbia.edu/cu/lweb/img/assets/10173/Platt_162m.jpg,Still Image,Charles A. Platt's Italian Garden Photographs,https://exhibitions.cul.columbia.edu/exhibits/show/platt/published/mondragone,"Platt, Charles A. Italian Gardens. Portland, OR: Sagapress/Timber Press (1993): 162."
6544,1,0,Image is a digitized positive photograph made from a negative.,1892,Charles A. Platt Architectural Records and Papers,exact,Drawings & Archives Department,Box 12,"Avery Architectural & Fine Arts Library, Columbia University",,,"Villa Taverna, central fountain and laurels. Frascati, Italy.",negatives,"Platt, Charles A. (Charles Adams), 1861-1933",1998.015.00037,,http://staging.cul.columbia.edu/cu/lweb/img/assets/10173/Platt_161m.jpg,Still Image,Charles A. Platt's Italian Garden Photographs,https://exhibitions.cul.columbia.edu/exhibits/show/platt/published/taverna,"Platt, Charles A. Italian Gardens. Portland, OR: Sagapress/Timber Press (1993): 161."
6543,1,0,Image is a digitized positive photograph made from a negative.,1892,Charles A. Platt Architectural Records and Papers,exact,Drawings & Archives Department,Box 27,"Avery Architectural & Fine Arts Library, Columbia University",,,"Villa Taverna, sunken courtyard entrance to gardens. Frascati, Italy.",negatives,"Platt, Charles A. (Charles Adams), 1861-1933",1998.015.00036,,http://staging.cul.columbia.edu/cu/lweb/img/assets/10173/Platt_160m.jpg,Still Image,Charles A. Platt's Italian Garden Photographs,https://exhibitions.cul.columbia.edu/exhibits/show/platt/published/taverna,"Platt, Charles A. Italian Gardens. Portland, OR: Sagapress/Timber Press (1993): 160."
6542,1,0,Image is a digitized positive photograph made from a negative.,1892 ,Charles A. Platt Architectural Records and Papers,exact,Drawings & Archives Department,Box 11,"Avery Architectural & Fine Arts Library, Columbia University",rd,eng,"Villa Taverna, rear façade, sunken courtyard entrance to gardens. Frascati, Italy.",negatives,"Platt, Charles A. (Charles Adams), 1861-1933",1998.015.00035,eng,http://staging.cul.columbia.edu/cu/lweb/img/assets/10173/Platt_159m.jpg,Still Image,Charles A. Platt's Italian Garden Photographs,https://exhibitions.cul.columbia.edu/exhibits/show/platt/published/taverna,"Platt, Charles A. Italian Gardens. Portland, OR: Sagapress/Timber Press (1993): 159."
6541,1,0,Image is a digitized positive photograph made from a negative.,1892,Charles A. Platt Architectural Records and Papers,exact,Drawings & Archives Department,Box 11,"Avery Architectural & Fine Arts Library, Columbia University",,,"Villa Falconieri, portico of villa. Frascati, Italy.",negatives,"Platt, Charles A. (Charles Adams), 1861-1933",1998.015.00034,,http://staging.cul.columbia.edu/cu/lweb/img/assets/10173/Platt_158m.jpg,Still Image,Charles A. Platt's Italian Garden Photographs,https://exhibitions.cul.columbia.edu/exhibits/show/platt/published/falconieri,"Platt, Charles A. Italian Gardens. Portland, OR: Sagapress/Timber Press (1993): 158."
6540,1,0,Image is a digitized positive photograph made from a negative.,1892,Charles A. Platt Architectural Records and Papers,exact,Drawings & Archives Department,Box 27,"Avery Architectural & Fine Arts Library, Columbia University",,,"Villa d'Este, walk along reservoirs. Tivoli, Italy.",negatives,"Platt, Charles A. (Charles Adams), 1861-1933",1998.015.00033,,http://staging.cul.columbia.edu/cu/lweb/img/assets/10173/Platt_157m.jpg,Still Image,Charles A. Platt's Italian Garden Photographs,https://exhibitions.cul.columbia.edu/exhibits/show/platt/published/este,"Platt, Charles A. Italian Gardens. Portland, OR: Sagapress/Timber Press (1993): 157."
6539,1,0,Image is a digitized positive photograph made from a negative.,1892,Charles A. Platt Architectural Records and Papers,exact,Drawings & Archives Department,Box 27,"Avery Architectural & Fine Arts Library, Columbia University",,,"Colonna Gardens, statuary. Rome, Italy.",negatives,"Platt, Charles A. (Charles Adams), 1861-1933",1998.015.00032,,http://staging.cul.columbia.edu/cu/lweb/img/assets/10173/Platt_156m.jpg,Still Image,Charles A. Platt's Italian Garden Photographs,https://exhibitions.cul.columbia.edu/exhibits/show/platt/published/colonna,"Platt, Charles A. Italian Gardens. Portland, OR: Sagapress/Timber Press (1993): 156."
6538,1,0,Image is a digitized positive photograph made from a negative.,1892,Charles A. Platt Architectural Records and Papers,exact,Drawings & Archives Department,Box 11,"Avery Architectural & Fine Arts Library, Columbia University",,,"Colonna Gardens, view towards flower garden. Rome, Italy.",negatives,"Platt, Charles A. (Charles Adams), 1861-1933",1998.015.00031,,http://staging.cul.columbia.edu/cu/lweb/img/assets/10173/Platt_155m.jpg,Still Image,Charles A. Platt's Italian Garden Photographs,https://exhibitions.cul.columbia.edu/exhibits/show/platt/published/colonna,"Platt, Charles A. Italian Gardens. Portland, OR: Sagapress/Timber Press (1993): 155."
6537,1,0,Image is a digitized positive photograph made from a negative.,1892 ,Charles A. Platt Architectural Records and Papers,exact,Drawings & Archives Department,Box 10,"Avery Architectural & Fine Arts Library, Columbia University",rd,eng,"Colonna Gardens, allée and steps. Rome, Italy.",negatives,"Platt, Charles A. (Charles Adams), 1861-1933",1998.015.00030,eng,http://staging.cul.columbia.edu/cu/lweb/img/assets/10173/Platt_154m.jpg,Still Image,Charles A. Platt's Italian Garden Photographs,https://exhibitions.cul.columbia.edu/exhibits/show/platt/published/colonna,"Platt, Charles A. Italian Gardens. Portland, OR: Sagapress/Timber Press (1993): 154."
6536,1,0,Image is a digitized positive photograph made from a negative.,1892,Charles A. Platt Architectural Records and Papers,exact,Drawings & Archives Department,Box 10,"Avery Architectural & Fine Arts Library, Columbia University",,,"Quirinal Gardens, hedge walk. Rome, Italy.",negatives,"Platt, Charles A. (Charles Adams), 1861-1933",1998.015.00029,,http://staging.cul.columbia.edu/cu/lweb/img/assets/10173/Platt_153m.jpg,Still Image,Charles A. Platt's Italian Garden Photographs,https://exhibitions.cul.columbia.edu/exhibits/show/platt/published/quirinal,"Platt, Charles A. Italian Gardens. Portland, OR: Sagapress/Timber Press (1993): 153."
6535,1,0,Image is a digitized positive photograph made from a negative.,1892,Charles A. Platt Architectural Records and Papers,exact,Drawings & Archives Department,Box 10,"Avery Architectural & Fine Arts Library, Columbia University",,,"Quirinal Gardens, entrance to hedge walk. Rome, Italy.",negatives,"Platt, Charles A. (Charles Adams), 1861-1933",1998.015.00028,,http://staging.cul.columbia.edu/cu/lweb/img/assets/10173/Platt_152m.jpg,Still Image,Charles A. Platt's Italian Garden Photographs,https://exhibitions.cul.columbia.edu/exhibits/show/platt/published/quirinal,"Platt, Charles A. Italian Gardens. Portland, OR: Sagapress/Timber Press (1993): 152."
6534,1,0,Image is a digitized positive photograph made from a negative.,1892,Charles A. Platt Architectural Records and Papers,exact,Drawings & Archives Department,Box 09,"Avery Architectural & Fine Arts Library, Columbia University",,,"Villa Pamfili, steps. Rome, Italy.",negatives,"Platt, Charles A. (Charles Adams), 1861-1933",1998.015.00027,,http://staging.cul.columbia.edu/cu/lweb/img/assets/10173/Platt_151m.jpg,Still Image,Charles A. Platt's Italian Garden Photographs,https://exhibitions.cul.columbia.edu/exhibits/show/platt/published/pamfili,"Platt, Charles A. Italian Gardens. Portland, OR: Sagapress/Timber Press (1993): 151."
6533,1,0,Image is a digitized positive photograph made from a negative.,1892 ,Charles A. Platt Architectural Records and Papers,exact,Drawings & Archives Department,Box 09,"Avery Architectural & Fine Arts Library, Columbia University",rd,eng,"Villa Lante, vases and steps to second terrace. Bagnaia, Italy.",negatives,"Platt, Charles A. (Charles Adams), 1861-1933",1998.015.00026,eng,http://staging.cul.columbia.edu/cu/lweb/img/assets/10173/Platt_150m.jpg,Still Image,Charles A. Platt's Italian Garden Photographs,https://exhibitions.cul.columbia.edu/exhibits/show/platt/published/lante,"Platt, Charles A. Italian Gardens. Portland, OR: Sagapress/Timber Press (1993): 150."
6532,1,0,Image is a digitized positive photograph made from a negative.,1892,Charles A. Platt Architectural Records and Papers,exact,Drawings & Archives Department,Box 09,"Avery Architectural & Fine Arts Library, Columbia University",,,"Giusti Garden, general view. Verona, Italy.",negatives,"Platt, Charles A. (Charles Adams), 1861-1933",1998.015.00025,,http://staging.cul.columbia.edu/cu/lweb/img/assets/10173/Platt_149m.jpg,Still Image,Charles A. Platt's Italian Garden Photographs,https://exhibitions.cul.columbia.edu/exhibits/show/platt/published/giusti,"Platt, Charles A. Italian Gardens. Portland, OR: Sagapress/Timber Press (1993): 149."
6531,1,0,Image is a digitized positive photograph made from a negative.,1892 ,Charles A. Platt Architectural Records and Papers,exact,Drawings & Archives Department,Box 08,"Avery Architectural & Fine Arts Library, Columbia University",rd,eng,"Villa Lante, Fountain of the Moors. Bagnaia, Italy.",negatives,"Platt, Charles A. (Charles Adams), 1861-1933",1998.015.00024,eng,http://staging.cul.columbia.edu/cu/lweb/img/assets/10173/Platt_148m.jpg,Still Image,Charles A. Platt's Italian Garden Photographs,https://exhibitions.cul.columbia.edu/exhibits/show/platt/published/lante,"Platt, Charles A. Italian Gardens. Portland, OR: Sagapress/Timber Press (1993): 148."
6530,1,0,Image is a digitized positive photograph made from a negative.,1892 ,Charles A. Platt Architectural Records and Papers,exact,Drawings & Archives Department,Box 08,"Avery Architectural & Fine Arts Library, Columbia University",rd,eng,"Villa Lante, view of pavilion from lower garden. Bagnaia, Italy.",negatives,"Platt, Charles A. (Charles Adams), 1861-1933",1998.015.00023,eng,http://staging.cul.columbia.edu/cu/lweb/img/assets/10173/Platt_147m.jpg,Still Image,Charles A. Platt's Italian Garden Photographs,https://exhibitions.cul.columbia.edu/exhibits/show/platt/published/lante,"Platt, Charles A. Italian Gardens. Portland, OR: Sagapress/Timber Press (1993): 147."
6529,1,0,Image is a digitized positive photograph made from a negative.,1892,Charles A. Platt Architectural Records and Papers,exact,Drawings & Archives Department,Box 08,"Avery Architectural & Fine Arts Library, Columbia University",,,"Villa Mondragone, entrance to villa. Frascati, Italy.",negatives,"Platt, Charles A. (Charles Adams), 1861-1933",1998.015.00022,,http://staging.cul.columbia.edu/cu/lweb/img/assets/10173/Platt_137m.jpg,Still Image,Charles A. Platt's Italian Garden Photographs,https://exhibitions.cul.columbia.edu/exhibits/show/platt/published/mondragone,"Platt, Charles A. Italian Gardens. Portland, OR: Sagapress/Timber Press (1993): 137."
6528,1,0,Image is a digitized positive photograph made from a negative.,1892 ,Charles A. Platt Architectural Records and Papers,exact,Drawings & Archives Department,Box 07,"Avery Architectural & Fine Arts Library, Columbia University",rd,eng,"Villa Caprarola, garden wall, including sculpture with vases. Caprarola, Italy.",negatives,"Platt, Charles A. (Charles Adams), 1861-1933",1998.015.00021,eng,http://staging.cul.columbia.edu/cu/lweb/img/assets/10173/Platt_127m.jpg,Still Image,Charles A. Platt's Italian Garden Photographs,https://exhibitions.cul.columbia.edu/exhibits/show/platt/published/caprarola,"Platt, Charles A. Italian Gardens. New York: Harper & Brothers (1894): 127."
6527,1,0,Image is a digitized positive photograph made from a negative.,1892,Charles A. Platt Architectural Records and Papers,exact,Drawings & Archives Department,Box 07,"Avery Architectural & Fine Arts Library, Columbia University",,,"Villa Portici, garden gate. Portici, Italy.",negatives,"Platt, Charles A. (Charles Adams), 1861-1933",1998.015.00020,,http://staging.cul.columbia.edu/cu/lweb/img/assets/10173/Platt_121m.jpg,Still Image,Charles A. Platt's Italian Garden Photographs,https://exhibitions.cul.columbia.edu/exhibits/show/platt/published/portici,"Platt, Charles A. Italian Gardens. New York: Harper & Brothers (1894): 121."
6526,1,0,Image is a digitized positive photograph made from a negative.,1892,Charles A. Platt Architectural Records and Papers,exact,Drawings & Archives Department,Box 06,"Avery Architectural & Fine Arts Library, Columbia University",,,"Villa Portici, bosquet. Portici, Italy.",negatives,"Platt, Charles A. (Charles Adams), 1861-1933",1998.015.00019,,http://staging.cul.columbia.edu/cu/lweb/img/assets/10173/Platt_118m.jpg,Still Image,Charles A. Platt's Italian Garden Photographs,https://exhibitions.cul.columbia.edu/exhibits/show/platt/published/portici,"Platt, Charles A. Italian Gardens. New York: Harper & Brothers (1894): 118."
6525,1,0,Image is a digitized positive photograph made from a negative.,1892,Charles A. Platt Architectural Records and Papers,exact,Drawings & Archives Department,Box 06,"Avery Architectural & Fine Arts Library, Columbia University",,,"Villa Falconieri, view of villa and garden. Frascati, Italy.",negatives,"Platt, Charles A. (Charles Adams), 1861-1933",1998.015.00018,,http://staging.cul.columbia.edu/cu/lweb/img/assets/10173/Platt_114m.jpg,Still Image,Charles A. Platt's Italian Garden Photographs,https://exhibitions.cul.columbia.edu/exhibits/show/platt/published/falconieri,"Platt, Charles A. Italian Gardens. New York: Harper & Brothers (1894): 114."
6524,1,0,Image is a digitized positive photograph made from a negative.,1892,Charles A. Platt Architectural Records and Papers,exact,Drawings & Archives Department,Box 06,"Avery Architectural & Fine Arts Library, Columbia University",,,"Villa Falconieri, villa entrance. Frascati, Italy.",negatives,"Platt, Charles A. (Charles Adams), 1861-1933",1998.015.00017,,http://staging.cul.columbia.edu/cu/lweb/img/assets/10173/Platt_113m.jpg,Still Image,Charles A. Platt's Italian Garden Photographs,https://exhibitions.cul.columbia.edu/exhibits/show/platt/published/falconieri,"Platt, Charles A. Italian Gardens. New York: Harper & Brothers (1894): 113."
6523,1,0,Image is a digitized positive photograph made from a negative.,1892,Charles A. Platt Architectural Records and Papers,exact,Drawings & Archives Department,Box 05,"Avery Architectural & Fine Arts Library, Columbia University",,,"Villa Falconieri, doorway and tree. Frascati, Italy.",negatives,"Platt, Charles A. (Charles Adams), 1861-1933",1998.015.00016,,http://staging.cul.columbia.edu/cu/lweb/img/assets/10173/Platt_108m.jpg,Still Image,Charles A. Platt's Italian Garden Photographs,https://exhibitions.cul.columbia.edu/exhibits/show/platt/published/falconieri,"Platt, Charles A. Italian Gardens. New York: Harper & Brothers (1894): 108."
6522,1,0,Image is a digitized positive photograph made from a negative.,1892,Charles A. Platt Architectural Records and Papers,exact,Drawings & Archives Department,Box 05,"Avery Architectural & Fine Arts Library, Columbia University",,,"Unidentified villa, wall and cypress adjacent to reservoir. Frascati, Italy.",negatives,"Platt, Charles A. (Charles Adams), 1861-1933",1998.015.00015,,http://staging.cul.columbia.edu/cu/lweb/img/assets/10173/Platt_105m.jpg,Still Image,Charles A. Platt's Italian Garden Photographs,https://exhibitions.cul.columbia.edu/exhibits/show/platt/published/unidentified,"Platt, Charles A. Italian Gardens. New York: Harper & Brothers (1894): 105."
6521,1,0,Image is a digitized positive photograph made from a negative.,1892,Charles A. Platt Architectural Records and Papers,exact,Drawings & Archives Department,Box 27,"Avery Architectural & Fine Arts Library, Columbia University",,,"Villa Aldobrandini, wooded path, benches, vases. Frascati, Italy.",negatives,"Platt, Charles A. (Charles Adams), 1861-1933",1998.015.00014,,http://staging.cul.columbia.edu/cu/lweb/img/assets/10173/Platt_085m.jpg,Still Image,Charles A. Platt's Italian Garden Photographs,https://exhibitions.cul.columbia.edu/exhibits/show/platt/published/aldobrandini,"Platt, Charles A. Italian Gardens. New York: Harper & Brothers (1894): 85."
6520,1,0,Image is a digitized positive photograph made from a negative.,1892,Charles A. Platt Architectural Records and Papers,exact,Drawings & Archives Department,Box 05,"Avery Architectural & Fine Arts Library, Columbia University",,,"Villa Falconieri, view of garden toward reservoir. Fiesole, Italy.",negatives,"Platt, Charles A. (Charles Adams), 1861-1933",1998.015.00013,,http://staging.cul.columbia.edu/cu/lweb/img/assets/10173/Platt_073m.jpg,Still Image,Charles A. Platt's Italian Garden Photographs,https://exhibitions.cul.columbia.edu/exhibits/show/platt/published/falconieri,"Platt, Charles A. Italian Gardens. New York: Harper & Brothers (1894): 73."
6519,1,0,Image is a digitized positive photograph made from a negative.,1892,Charles A. Platt Architectural Records and Papers,exact,Drawings & Archives Department,Box 04,"Avery Architectural & Fine Arts Library, Columbia University",,,"Villa Medici, box walk. Fiesole, Italy.",negatives,"Platt, Charles A. (Charles Adams), 1861-1933",1998.015.00012,,http://staging.cul.columbia.edu/cu/lweb/img/assets/10173/Platt_061m.jpg,Still Image,Charles A. Platt's Italian Garden Photographs,https://exhibitions.cul.columbia.edu/exhibits/show/platt/published/medici,"Platt, Charles A. Italian Gardens. New York: Harper & Brothers (1894): 61."
6518,1,0,Image is a digitized positive photograph made from a negative.,1892,Charles A. Platt Architectural Records and Papers,exact,Drawings & Archives Department,Box 04,"Avery Architectural & Fine Arts Library, Columbia University",,,"Colonna Gardens, niches, sculpture, and cypresses. Rome, Italy.",negatives,"Platt, Charles A. (Charles Adams), 1861-1933",1998.015.00011,,http://staging.cul.columbia.edu/cu/lweb/img/assets/10173/Platt_054m.jpg,Still Image,Charles A. Platt's Italian Garden Photographs,https://exhibitions.cul.columbia.edu/exhibits/show/platt/published/colonna,"Platt, Charles A. Italian Gardens. New York: Harper & Brothers (1894): 54."
6517,1,0,Image is a digitized positive photograph made from a negative.,1892,Charles A. Platt Architectural Records and Papers,exact,Drawings & Archives Department,Box 04,"Avery Architectural & Fine Arts Library, Columbia University",,,"Colonna Gardens, flower garden. Rome, Italy.",negatives,"Platt, Charles A. (Charles Adams), 1861-1933",1998.015.00010,,http://staging.cul.columbia.edu/cu/lweb/img/assets/10173/Platt_053m.jpg,Still Image,Charles A. Platt's Italian Garden Photographs,https://exhibitions.cul.columbia.edu/exhibits/show/platt/published/colonna,"Platt, Charles A. Italian Gardens. New York: Harper & Brothers (1894): 53."
6516,1,0,Image is a digitized positive photograph made from a negative.,1892,Charles A. Platt Architectural Records and Papers,exact,Drawings & Archives Department,Box 03,"Avery Architectural & Fine Arts Library, Columbia University",,,"Villa Pamfili, flower garden. Rome, Italy.",negatives,"Platt, Charles A. (Charles Adams), 1861-1933",1998.015.00009,,http://staging.cul.columbia.edu/cu/lweb/img/assets/10173/Platt_033m.jpg,Still Image,Charles A. Platt's Italian Garden Photographs,https://exhibitions.cul.columbia.edu/exhibits/show/platt/published/pamfili,"Platt, Charles A. Italian Gardens. New York: Harper & Brothers (1894): 33."
6515,1,0,Image is a digitized positive photograph made from a negative.,1892 ,Charles A. Platt Architectural Records and Papers,exact,Drawings & Archives Department,Box 03,"Avery Architectural & Fine Arts Library, Columbia University",rd,eng,"Villa Borghese, Piazza de Siena. Rome, Italy.",negatives,"Platt, Charles A. (Charles Adams), 1861-1933",1998.015.00008,eng,http://staging.cul.columbia.edu/cu/lweb/img/assets/10173/Platt_027m.jpg,Still Image,Charles A. Platt's Italian Garden Photographs,,"Platt, Charles A. Italian Gardens. New York: Harper & Brothers (1894): 27."
6514,1,0,Image is a digitized positive photograph made from a negative.,1892 ,Charles A. Platt Architectural Records and Papers,exact,Drawings & Archives Department,Box 03,"Avery Architectural & Fine Arts Library, Columbia University",rd,eng,"Villa Lante, Fountain of the Moors and garden. Bagnaia, Italy.",negatives,"Platt, Charles A. (Charles Adams), 1861-1933",1998.015.00007,eng,http://staging.cul.columbia.edu/cu/lweb/img/assets/10173/Platt_021m.jpg,Still Image,Charles A. Platt's Italian Garden Photographs,https://exhibitions.cul.columbia.edu/exhibits/show/platt/published/lante,"Platt, Charles A. Italian Gardens. New York: Harper & Brothers (1894): 21."
6513,1,0,Image is a digitized positive photograph made from a negative.,1892 ,Charles A. Platt Architectural Records and Papers,exact,Drawings & Archives Department,Box 02,"Avery Architectural & Fine Arts Library, Columbia University",rd,eng,"Villa Lante, view of stairs, including balustrade, hedge, and villa. Bagnaia, Italy.",negatives,"Platt, Charles A. (Charles Adams), 1861-1933",1998.015.00006,eng,http://staging.cul.columbia.edu/cu/lweb/img/assets/10173/Platt_018m.jpg,Still Image,Charles A. Platt's Italian Garden Photographs,https://exhibitions.cul.columbia.edu/exhibits/show/platt/published/lante,"Platt, Charles A. Italian Gardens. New York: Harper & Brothers (1894): 18."
6512,1,0,Image is a digitized positive photograph made from a negative.,1892 ,Charles A. Platt Architectural Records and Papers,exact,Drawings & Archives Department,Box 02,"Avery Architectural & Fine Arts Library, Columbia University",rd,eng,"Villa Lante, garden. Bagnaia, Italy.",negatives,"Platt, Charles A. (Charles Adams), 1861-1933",1998.015.00005,eng,http://staging.cul.columbia.edu/cu/lweb/img/assets/10173/Platt_017m.jpg,Still Image,Charles A. Platt's Italian Garden Photographs,https://exhibitions.cul.columbia.edu/exhibits/show/platt/published/lante,"Platt, Charles A. Italian Gardens. New York: Harper & Brothers (1894): 17."
6511,1,0,Image is a digitized positive photograph made from a negative.,1892 ,Charles A. Platt Architectural Records and Papers,exact,Drawings & Archives Department,Box 02,"Avery Architectural & Fine Arts Library, Columbia University",rd,eng,"Villa Lante, fountain and flower garden. Bagnaia, Italy.",negatives,"Platt, Charles A. (Charles Adams), 1861-1933",1998.015.00004,eng,http://staging.cul.columbia.edu/cu/lweb/img/assets/10173/Platt_012m.jpg,Still Image,Charles A. Platt's Italian Garden Photographs,https://exhibitions.cul.columbia.edu/exhibits/show/platt/published/lante,"Platt, Charles A. Italian Gardens. New York: Harper & Brothers (1894): 12."
6510,1,0,Image is a digitized positive photograph made from a negative.,1892 ,Charles A. Platt Architectural Records and Papers,exact,Drawings & Archives Department,Box 01,"Avery Architectural & Fine Arts Library, Columbia University",rd,eng,"Villa Lante, terrace casino. Bagnaia, Italy.",negatives,"Platt, Charles A. (Charles Adams), 1861-1933",1998.015.00003,eng,http://staging.cul.columbia.edu/cu/lweb/img/assets/10173/Platt_007m.jpg,Still Image,Charles A. Platt's Italian Garden Photographs,https://exhibitions.cul.columbia.edu/exhibits/show/platt/published/lante,"Platt, Charles A. Italian Gardens. New York: Harper & Brothers (1894): 7."
6509,1,0,Image is a digitized positive photograph made from a negative.,1892,Charles A. Platt Architectural Records and Papers,exact,Drawings & Archives Department,Box 01,"Avery Architectural & Fine Arts Library, Columbia University",,,"Villa Borghese, Piazza de Siena. Rome, Italy.",negatives,"Platt, Charles A. (Charles Adams), 1861-1933",1998.015.00002,,http://staging.cul.columbia.edu/cu/lweb/img/assets/10173/Platt_005m.jpg,Still Image,Charles A. Platt's Italian Garden Photographs,https://exhibitions.cul.columbia.edu/exhibits/show/platt/published/borghese,"Platt, Charles A. Italian Gardens. New York: Harper & Brothers (1894): 5."
6508,1,0,Image is a digitized positive photograph made from a negative.,1892,Charles A. Platt Architectural Records and Papers,exact,Drawings & Archives Department,Box 01,"Avery Architectural & Fine Arts Library, Columbia University",,,"Villa Lante, pavilion. Bagnaia, Italy.",negatives,"Platt, Charles A. (Charles Adams), 1861-1933",1998.015.00001,,http://staging.cul.columbia.edu/cu/lweb/img/assets/10173/Platt_0xi_m.jpg,Still Image,Charles A. Platt's Italian Garden Photographs,https://exhibitions.cul.columbia.edu/exhibits/show/platt/published/lante,"Platt, Charles A. Italian Gardens. New York: Harper & Brothers (1894): xi."
