omeka_identifier-1:omeka_identifier_value,_digital_object_type.string_key,_identifiers-1,_parent_digital_objects-1.identifier,_project.string_key,title-1:title_non_sort_portion,relatedItem_Project,projectURL,collection-1:collection_term.value,collection-1:collection_term.uri,name-1:name_term.value,name-1:name_term.name_type,name-1:name_role-1:name_role_term.authority,name-1:name_role-1:name_role_term.uri,name-1:name_role-1:name_role_term.value,name-1:name_term.authority,name-1:name_term.uri,date_created-1:date_created_start_value,date_created-1:date_created_end_value,date_created-1:date_created_type,date_created_textual-1:date_created_textual_value,abstract-1:abstract_value,type_of_resource-1:type_of_resource_value,language-1:language_term.value,language-1:language_term.authority,language-1:language_term.uri,location-1:location_term.value,location-1:location_term.code,location-1:location_term.uri,location-1:location_term.authority,location-1:location_shelf_location-1:location_shelf_location_free_text,note-2:note_value,note-2:note_type,note-3:note_value,note-3:note_type,digital_origin-1:digital_origin_value,form-1:form_term.value,form-1:form_term.authority,form-1:form_term.uri,place_of_origin-1:place_of_origin_value,place_authority_identifier,publisher-1:publisher_value,language_of_cataloging-1:language_of_cataloging_term.value,clio_identifier-1:clio_identifier_value,subject_topic-1:subject_topic_term.value,subject_topic-1:subject_topic_term.authority,subject_topic-1:subject_topic_term.uri,subject_name-1:subject_name_term.value,subject_name-1:subject_name_term.name_type,subject_name-1:subject_name_term.authority,subject_name-1:subject_name_term.uri,object_in_context_url-1:object_in_context_url_value
,item,readingofbooks_ahq,,reading_of_books,Workes of Geffray Chaucer newlye printed,The Reading of Books and the Reading of Literature ,http://www.columbia.edu/cgi-bin/cul/resolve?clio9399444,Phoenix Collection,http://id.library.columbia.edu/term/ce1f932d-1b2e-409e-a1f0-2b5fe4139e92,"Chaucer, Geoffrey, -1400",personal,marcrelator,http://id.loc.gov/vocabulary/relators/aut,Author,naf,http://id.loc.gov/authorities/names/n79027228,1542,,,1542,Original title page with a much later frontispiece.,still image,English,iso639-2,http://id.loc.gov/vocabulary/iso639-2/eng,"Rare Book & Manuscript Library, Columbia University",NNC-RB,http://id.loc.gov/authorities/names/n78009986,marcorg,Phoenix P017.En1 B64 1542C ,,,,,reformatted digital,books,aat,http://vocab.getty.edu/aat/300028051,England,http://id.loc.gov/authorities/names/n82068148,Printed by [Richard Grafton for] Wyllyam Bonham,eng,6997785,,,,,,,,
omeka_6792,,readingofbooks_ahq_001,readingofbooks_ahq,reading_of_books,Title page,,,,,,,,,,,,,,,,Original title page with a much later frontispiece.,,,,,,,,,,original filename: 120034028.jpg,filename,original filename: 120034028.tif,filename,,,,,,,,,,,,,,,,,https://exhibitions.cul.columbia.edu/exhibits/show/reading/imaginingtheauthor/1542chaucer
omeka_6790,,readingofbooks_ahq_002,readingofbooks_ahq,reading_of_books,Front flyleaf,,,,,,,,,,,,,,,,"Note by James Boaden, former owner.",,,,,,,,,,original filename: 120034026.jpg,filename,original filename: 120034026.tif,filename,,,,,,,,,,,,,,,,,https://exhibitions.cul.columbia.edu/exhibits/show/reading/imaginingtheauthor/1542chaucer
omeka_6791,,readingofbooks_ahq_003,readingofbooks_ahq,reading_of_books,Frontispiece,,,,,,,,,,,,,,,,Original title page with a much later frontispiece.,,,,,,,,,,original filename: 120034027.jpg,filename,original filename: 120034027.tif,filename,,,,,,,,,,,,,"Chaucer, Geoffrey, -1400",personal,naf,http://id.loc.gov/authorities/names/n79027228,https://exhibitions.cul.columbia.edu/exhibits/show/reading/imaginingtheauthor/printauthorship
omeka_6793,,readingofbooks_ahq_004,readingofbooks_ahq,reading_of_books,Signature  A2v-A3r,,,,,,,,,,,,,,,,Editor's preface.,,,,,,,,,,original filename: 120034029.jpg,filename,original filename: 120034029.tif,filename,,,,,,,,,,,,,,,,,https://exhibitions.cul.columbia.edu/exhibits/show/reading/imaginingtheauthor/1542chaucer
omeka_6794,,readingofbooks_ahq_021,readingofbooks_ahq,reading_of_books,Signature  C1r (folio i),,,,,,,,,,,,,,,,"Beginning of the Knight's Tale, with woodcut.",,,,,,,,,,original filename: 120034030.jpg,filename,original filename: 120034030.tif,filename,,,,,,,,,,,,,,,,,https://exhibitions.cul.columbia.edu/exhibits/show/reading/imaginingtheauthor/1542chaucer
omeka_6795,,readingofbooks_ahq_056,readingofbooks_ahq,reading_of_books,Signature  G2v (folio Xxvi),,,,,,,,,,,,,,,,"Beginning of the Squire's Tale, with woodcut.",,,,,,,,,,original filename: 120034031.jpg,filename,original filename: 120034031.tif,filename,,,,,,,,,,,,,,,,,
,item,readingofbooks_ewf,,reading_of_books,Tragedy of Hamlet Prince of Denmark,The Reading of Books and the Reading of Literature ,http://www.columbia.edu/cgi-bin/cul/resolve?clio9399444,,,"Shakespeare, William, 1564-1616",personal,marcrelator,http://id.loc.gov/vocabulary/relators/aut,Author,naf,http://id.loc.gov/authorities/names/n78095332,1683,,,1683,Handwritten table of contents. ,still image,English,iso639-2,http://id.loc.gov/vocabulary/iso639-2/eng,"Rare Book & Manuscript Library, Columbia University",NNC-RB,http://id.loc.gov/authorities/names/n78009986,marcorg,PR3415 .L6 1694g ,,,,,reformatted digital,books,aat,http://vocab.getty.edu/aat/300028051,London (England),http://id.loc.gov/authorities/names/n79005665,H. Heringman and R. Bentley,eng,7217358,,,,,,,,
omeka_6801,,readingofbooks_ewf_099,readingofbooks_ewf,reading_of_books,Flyleaf (facing title page of Love Triumphant),,,,,,,,,,,,,,,,Handwritten table of contents. ,,,,,,,,,,original filename: 120034037.jpg,filename,original filename: 120034037.tif,filename,,,,,,,,,,,,,,,,,https://exhibitions.cul.columbia.edu/exhibits/show/reading/englishcanon/hamlet
omeka_6802,,readingofbooks_ewf_001,readingofbooks_ewf,reading_of_books,Title page,,,,,,,,,,,,,,,,Title page of Hamlet. ,,,,,,,,,,original filename: 120034038.jpg,filename,original filename: 120034038.tif,filename,,,,,,,,,,,,,,,,,https://exhibitions.cul.columbia.edu/exhibits/show/reading/englishcanon/hamlet
omeka_6803,,readingofbooks_ewf_004,readingofbooks_ewf,reading_of_books,Signature A2r,,,,,,,,,,,,,,,,A note to the reader about excisions to the text made during performance.,,,,,,,,,,original filename: 120034039.jpg,filename,original filename: 120034039.tif,filename,,,,,,,,,,,,,,,,,https://exhibitions.cul.columbia.edu/exhibits/show/reading/englishcanon/hamlet
omeka_6804,,readingofbooks_ewf_016,readingofbooks_ewf,reading_of_books,Signature C2v-C3r,,,,,,,,,,,,,,,,"Pages with "", which marks lines deleted during performance",,,,,,,,,,original filename: 120034040.jpg,filename,original filename: 120034040.tif,filename,,,,,,,,,,,,,,,,,https://exhibitions.cul.columbia.edu/exhibits/show/reading/englishcanon/hamlet
omeka_6805,,readingofbooks_ewf_088,readingofbooks_ewf,reading_of_books,Signature  Page 88,,,,,,,,,,,,,,,,The last page of the play. Note the last line was deleted for performance.,,,,,,,,,,original filename: 120034041.jpg,filename,original filename: 120034041.tif,filename,,,,,,,,,,,,,,,,,
,item,readingofbooks_iif,,reading_of_books,"Comedies,  Histories and Tragedies",The Reading of Books and the Reading of Literature ,http://www.columbia.edu/cgi-bin/cul/resolve?clio9399444,,,"Shakespeare, William, 1564-1616",personal,marcrelator,http://id.loc.gov/vocabulary/relators/aut,Author,naf,http://id.loc.gov/authorities/names/n78095332,1632,,,1632,Title page of the Shakespeare second folio.,still image,English,iso639-2,http://id.loc.gov/vocabulary/iso639-2/eng,"Rare Book & Manuscript Library, Columbia University",NNC-RB,http://id.loc.gov/authorities/names/n78009986,marcorg,B823SI IC 32,,,,,reformatted digital,books,aat,http://vocab.getty.edu/aat/300028051,London (England),http://id.loc.gov/authorities/names/n79005665,Printed by Tho. Cotes,eng,,,,,,,,,
omeka_6781,,readingofbooks_iif_001,readingofbooks_iif,reading_of_books,Title page and facing page,,,,,,,,,,,,,,,,Title page of the Shakespeare second folio.,,,,,,,,,,original filename: 120034017.jpg,filename,original filename: 120034017.tif,filename,,,,,,,,,,,,,"Shakespeare, William, 1564-1616",personal,naf,http://id.loc.gov/authorities/names/n78095332,https://exhibitions.cul.columbia.edu/exhibits/show/reading/idealcopy/shakespearefolio
omeka_6782,,readingofbooks_iif_008,readingofbooks_iif,reading_of_books,Signature *4v-A1r,,,,,,,,,,,,,,,,Catalogue and beginning of The Tempest.,,,,,,,,,,original filename: 120034018.jpg,filename,original filename: 120034018.tif,filename,,,,,,,,,,,,,,,,,https://exhibitions.cul.columbia.edu/exhibits/show/reading/idealcopy/shakespearefolio
omeka_6783,,readingofbooks_iif_014,readingofbooks_iif,reading_of_books,Signature A3v,,,,,,,,,,,,,,,,Leaf a little burnt.,,,,,,,,,,original filename: 120034019.jpg,filename,original filename: 120034019.tif,filename,,,,,,,,,,,,,,,,,
omeka_6784,,readingofbooks_iif_061,readingofbooks_iif,reading_of_books,Signature F1r,,,,,,,,,,,,,,,,Grease stain and the beginning of Measure for Measure.,,,,,,,,,,original filename: 120034020.jpg,filename,original filename: 120034020.tif,filename,,,,,,,,,,,,,,,,,https://exhibitions.cul.columbia.edu/exhibits/show/reading/idealcopy/shakespearefolio
omeka_6785,,readingofbooks_iif_999,readingofbooks_iif,reading_of_books,Signature 3D4v (very last page),,,,,,,,,,,,,,,,A dirty page.,,,,,,,,,,original filename: 120034021.jpg,filename,original filename: 120034021.tif,filename,,,,,,,,,,,,,,,,,
omeka_6818,,readingofbooks_lbc_001,readingofbooks_lbc,reading_of_books,Folio 1v,,,,,,,,,,,,,,,,Miniature of the dream of Nabuchodonosor.,,eng,,,,,,,,original filename: DS-8285.jpg,filename,original filename: 8285.tif,filename,,,,,,,,,,,,,,,,,https://exhibitions.cul.columbia.edu/exhibits/show/reading/englishcanon/canonicalbooks
omeka_6819,,readingofbooks_lbc_037,readingofbooks_lbc,reading_of_books,Folio 37r,,,,,,,,,,,,,,,,Incipit liber tertius.,,eng,,,,,,,,original filename: DS-8287.jpg,filename,original filename: 8287.tif,filename,,,,,,,,,,,,,,,,,https://exhibitions.cul.columbia.edu/exhibits/show/reading/englishcanon/msconfessio
omeka_6820,,readingofbooks_lbc_053,readingofbooks_lbc,reading_of_books,Folio 53r,,,,,,,,,,,,,,,,Illuminated leaf cut out.,,eng,,,,,,,,original filename: 0009991.jpg,filename,original filename: 0009991.tif,filename,,,,,,,,,,,,,,,,,https://exhibitions.cul.columbia.edu/exhibits/show/reading/englishcanon/msconfessio
omeka_6821,,readingofbooks_lbc_076,readingofbooks_lbc,reading_of_books,Folio 76r,,,,,,,,,,,,,,,,Marginal note by an early reader.,,eng,,,,,,,,original filename: DS-8290.jpg,filename,original filename: 8290.tif,filename,,,,,,,,,,,,,,,,,https://exhibitions.cul.columbia.edu/exhibits/show/reading/englishcanon/msconfessio
,item,readingofbooks_lbc,,reading_of_books,Confessio Amantis,The Reading of Books and the Reading of Literature ,http://www.columbia.edu/cgi-bin/cul/resolve?clio9399444,George Arthur Plimpton Library,http://id.library.columbia.edu/term/65063ef0-13d8-4c02-a7a8-10a77e763a8c,"Gower, John, 1325?-1408",personal,marcrelator,http://id.loc.gov/vocabulary/relators/aut,Author,naf,http://id.loc.gov/authorities/names/n81039793,1400 ,1415,approximate,circa 1400-1415,Drawings by an early reader plus an illuminated letter cut out.,still image,English,iso639-2,http://id.loc.gov/vocabulary/iso639-2/eng,"Rare Book & Manuscript Library, Columbia University",NNC-RB,http://id.loc.gov/authorities/names/n78009986,marcorg,Plimpton MS 265,,,,,reformatted digital,books,aat,http://vocab.getty.edu/aat/300028051,England,http://id.loc.gov/authorities/names/n82068148,,eng,,,,,,,,,
omeka_6822,,readingofbooks_lbc_171,readingofbooks_lbc,reading_of_books,Folio 171v,,,,,,,,,,,,,,,,Drawings by an early reader plus an illuminated letter cut out.,,eng,,,,,,,,original filename: 0009992.jpg,filename,original filename: 0009992.tif,filename,,,,,,,,,,,,,,,,,https://exhibitions.cul.columbia.edu/exhibits/show/reading/englishcanon/msconfessio
,item,readingofbooks_moe,,reading_of_books,Sixteenth-century Commonplace Book,The Reading of Books and the Reading of Literature ,http://www.columbia.edu/cgi-bin/cul/resolve?clio9399444,George Arthur Plimpton Library,http://id.library.columbia.edu/term/65063ef0-13d8-4c02-a7a8-10a77e763a8c,,,,,,,,1500 ,1599,approximate,circa 1500-1599,A copy of a 1554 letter from William Sommers to Agnes Bowyer.,still image,English,iso639-2,http://id.loc.gov/vocabulary/iso639-2/eng,"Rare Book & Manuscript Library, Columbia University",NNC-RB,http://id.loc.gov/authorities/names/n78009986,marcorg,Plimpton MS 276,,,,,reformatted digital,manuscripts,lcsh,http://id.loc.gov/authorities/subjects/sh85080672,England,http://id.loc.gov/authorities/names/n82068148,,eng,,,,,,,,,
omeka_6824,,readingofbooks_moe_003,readingofbooks_moe,reading_of_books,Folio 3r,,,,,,,,,,,,,,,,A copy of a 1554 letter from William Sommers to Agnes Bowyer.,,eng,,,,,,,,original filename: DS-7189.jpg,filename,original filename: 7189.tif,filename,,,,,,,,,,,,,,,,,https://exhibitions.cul.columbia.edu/exhibits/show/reading/compiling/earlymoderncompiling
omeka_6825,,readingofbooks_moe_003,readingofbooks_moe,reading_of_books,Folio 3v,,,,,,,,,,,,,,,,"The beginning of a 32-line poem, prefaced by a practice alphabet. ",,eng,,,,,,,,original filename: DS-7359.jpg,filename,original filename: 7359.tif,filename,,,,,,,,,,,,,,,,,
omeka_6826,,readingofbooks_moe_004,readingofbooks_moe,reading_of_books,Folio 4r,,,,,,,,,,,,,,,,"Lines from the poem on the previous page, as well as other alphabets.",,eng,,,,,,,,original filename: DS-7190.jpg,filename,original filename: 7190.tif,filename,,,,,,,,,,,,,,,,,https://exhibitions.cul.columbia.edu/exhibits/show/reading/compiling/sixteenthcenturycommonplaceboo
omeka_6827,,readingofbooks_moe_005,readingofbooks_moe,reading_of_books,Folio 5r,,,,,,,,,,,,,,,,The end of a 32-line poem. ,,eng,,,,,,,,original filename: DS-7191.jpg,filename,original filename: 7191.tif,filename,,,,,,,,,,,,,,,,,https://exhibitions.cul.columbia.edu/exhibits/show/reading/compiling/sixteenthcenturycommonplaceboo
omeka_6828,,readingofbooks_moe_007,readingofbooks_moe,reading_of_books,Folio 7r,,,,,,,,,,,,,,,,Text detailing the spiritual dangers of fornication in two hands.,,eng,,,,,,,,original filename: DS-7293.jpg,filename,original filename: 7293.tif,filename,,,,,,,,,,,,,,,,,https://exhibitions.cul.columbia.edu/exhibits/show/reading/compiling/sixteenthcenturycommonplaceboo
omeka_6829,,readingofbooks_moe_017,readingofbooks_moe,reading_of_books,Folio 17v,,,,,,,,,,,,,,,,1554 Signature of William Somer,,eng,,,,,,,,original filename: DS-7367.jpg,filename,original filename: 7367.tif,filename,,,,,,,,,,,,,,,,,https://exhibitions.cul.columbia.edu/exhibits/show/reading/compiling/sixteenthcenturycommonplaceboo
,item,readingofbooks_neo,,reading_of_books,Morall Fabletalke,The Reading of Books and the Reading of Literature ,http://www.columbia.edu/cgi-bin/cul/resolve?clio9399444,Western Manuscripts,http://id.library.columbia.edu/term/edd43702-a7d5-4ab6-894c-b27497a6626f,"Golding, Arthur, 1536-1606",personal,marcrelator,http://id.loc.gov/vocabulary/relators/aut,Author,naf,http://id.loc.gov/authorities/names/n50034544,1575 ,1599,approximate,circa 1575-1599,Title page of A Morall Fabletalke,still image,English,iso639-2,http://id.loc.gov/vocabulary/iso639-2/eng,"Rare Book & Manuscript Library, Columbia University",NNC-RB,http://id.loc.gov/authorities/names/n78009986,marcorg,Western MS 16,,,,,reformatted digital,manuscripts,lcsh,http://id.loc.gov/authorities/subjects/sh85080672,England,http://id.loc.gov/authorities/names/n82068148,,eng,,,,,,,,,
omeka_6830,,readingofbooks_neo_001,readingofbooks_neo,reading_of_books,Folio iv r (title page),,,,,,,,,,,,,,,,Title page of A Morall Fabletalke,,eng,,,,,,,,original filename: DS-6230.jpg,filename,original filename: 6230.tif,filename,,,,,,,,,,,,,,,,,https://exhibitions.cul.columbia.edu/exhibits/show/reading/compiling/morallfabletalke
omeka_6831,,readingofbooks_neo_002,readingofbooks_neo,reading_of_books,Page 1,,,,,,,,,,,,,,,,An opening in A Morall Fabletalke. The first fable and its moral are set off by rubricated text and an owner has made an annotation in the margin.,,eng,,,,,,,,original filename: DS-6231.jpg,filename,original filename: 6231.tif,filename,,,,,,,,,,,,,,,,,https://exhibitions.cul.columbia.edu/exhibits/show/reading/compiling/morallfabletalke
omeka_6832,,readingofbooks_neo_140,readingofbooks_neo,reading_of_books,Pages 140-141,,,,,,,,,,,,,,,,Added tales and morals in the back of A Morall Fabletalke. The hand in which these tales are written is different from that in which the translation of Aesop is done. ,,eng,,,,,,,,original filename: DS-6233.jpg,filename,original filename: 6233.tif ,filename,,,,,,,,,,,,,,,,,https://exhibitions.cul.columbia.edu/exhibits/show/reading/compiling/morallfabletalke
omeka_6833,,readingofbooks_neo_188,readingofbooks_neo,reading_of_books,Pages 188-189,,,,,,,,,,,,,,,,"A Latin poem,  followed by a table. ",,eng,,,,,,,,original filename: DS-6234.jpg,filename,original filename: 6234.tif,filename,,,,,,,,,,,,,,,,,https://exhibitions.cul.columbia.edu/exhibits/show/reading/compiling/morallfabletalke
,item,readingofbooks_oyz,,reading_of_books,Scriptorum illustriu[m] maioris Brytanni[a]e,The Reading of Books and the Reading of Literature ,http://www.columbia.edu/cgi-bin/cul/resolve?clio9399444,,,"Bale, John, 1495-1563",personal,marcrelator,http://id.loc.gov/vocabulary/relators/aut,Author,naf,http://id.loc.gov/authorities/names/n50017581,1557,1559,approximate,circa 1557-1559,Portrait of John Bale,still image,English,iso639-2,http://id.loc.gov/vocabulary/iso639-2/eng,"Rare Book & Manuscript Library, Columbia University",NNC-RB,http://id.loc.gov/authorities/names/n78009986,marcorg,B015.42 B192,,,,,reformatted digital,books,aat,http://vocab.getty.edu/aat/300028051,Basel (Switzerland),http://id.loc.gov/authorities/names/n79062979,Joannem Oporinum,eng,6478246,,,,,,,,
omeka_6772,,readingofbooks_oyz_099,readingofbooks_oyz,reading_of_books,Frontispiece,,,,,,,,,,,,,,,,Portrait of John Bale,,,,,,,,,,original filename: 120034008.jpg,filename,original filename: 120034008.tif,filename,,,,,,,,,,,,,"Bale, John, 1495-1563",personal,naf,http://id.loc.gov/authorities/names/n50017581,https://exhibitions.cul.columbia.edu/exhibits/show/reading/idealcopy/johnbale
omeka_6771,,readingofbooks_oyz_001,readingofbooks_oyz,reading_of_books,Title page,,,,,,,,,,,,,,,,Torn title page of Scriptorum Illustrium,,,,,,,,,,original filename: 120034007.jpg,filename,original filename: 120034007.tif,filename,,,,,,,,,,,,,,,,,https://exhibitions.cul.columbia.edu/exhibits/show/reading/idealcopy/johnbale
omeka_6773,,readingofbooks_oyz_002,readingofbooks_oyz,reading_of_books,Page 1 and facing page,,,,,,,,,,,,,,,,Errata page and the beginning of Scriptorum Illustrium,,,,,,,,,,original filename: 120034009.jpg,filename,original filename: 120034009.tif,filename,,,,,,,,,,,,,,,,,
omeka_6776,,readingofbooks_oyz_312,readingofbooks_oyz,reading_of_books,Signature T4v,,,,,,,,,,,,,,,,The printer's device at the end of Scriptorum Illustrium.,,,,,,,,,,original filename: 120034012.jpg,filename,original filename: 120034012.tif,filename,,,,,,,,,,Printers' marks,fast,http://id.worldcat.org/fast/1076605,,,,,https://exhibitions.cul.columbia.edu/exhibits/show/reading/idealcopy/collation
omeka_6774,,readingofbooks_oyz_474,readingofbooks_oyz,reading_of_books,Signature Ov-2Or (pages 474-75),,,,,,,,,,,,,,,,"Entry for ""Robertus Langelande."" Bale, and later Crowley, would refer to William Langland as Robert Langland.",,,,,,,,,,original filename: 120034010.jpg,filename,original filename: 120034010.tif,filename,,,,,,,,,,,,,,,,,
omeka_6775,,readingofbooks_oyz_524,readingofbooks_oyz,reading_of_books,Signature uu2v-uu3r (pages 524-25),,,,,,,,,,,,,,,,Entries for John Gower and Geoffrey Chaucer,,,,,,,,,,original filename: 120034011.jpg,filename,original filename: 120034011.tif,filename,,,,,,,,,,,,,,,,,https://exhibitions.cul.columbia.edu/exhibits/show/reading/idealcopy/johnbale
,item,readingofbooks_qia,,reading_of_books,Workes of Benjamin Jonson,The Reading of Books and the Reading of Literature ,http://www.columbia.edu/cgi-bin/cul/resolve?clio9399444,,,"Jonson, Benjamin, 1573?-1637",personal,marcrelator,http://id.loc.gov/vocabulary/relators/aut,Author,naf,http://id.loc.gov/authorities/names/n80044918,1616,,,1616,Title page of the Jonson Folio.,still image,English,iso639-2,http://id.loc.gov/vocabulary/iso639-2/eng,"Rare Book & Manuscript Library, Columbia University",NNC-RB,http://id.loc.gov/authorities/names/n78009986,marcorg,PR2600 1616,,,,,reformatted digital,books,aat,http://vocab.getty.edu/aat/300028051,London (England),http://id.loc.gov/authorities/names/n79005665,William Stansby,eng,7315518,,,,,,,,
omeka_6806,,readingofbooks_qia_001,readingofbooks_qia,reading_of_books,Title page,,,,,,,,,,,,,,,,Title page of the Jonson Folio.,,,,,,,,,,original filename: 120034042.jpg,filename,original filename: 120034042.tif,filename,,,,,,,,,,,,,,,,,https://exhibitions.cul.columbia.edu/exhibits/show/reading/imaginingtheauthor/jonsonfolio
omeka_6807,,readingofbooks_qia_439,readingofbooks_qia,reading_of_books,Page 439,,,,,,,,,,,,,,,,Title page of Volpone. ,,,,,,,,,,original filename: 120034043.jpg,filename,original filename: 120034043.tif,filename,,,,,,,,,,,,,,,,,https://exhibitions.cul.columbia.edu/exhibits/show/reading/imaginingtheauthor/jonsonfolio
omeka_6808,,readingofbooks_qia_448,readingofbooks_qia,reading_of_books,Pages 448-49,,,,,,,,,,,,,,,,"""The persons of the play"" and the beginning of Volpone. ",,,,,,,,,,original filename: 120034044.jpg,filename,original filename: 120034044.tif,filename,,,,,,,,,,,,,,,,,https://exhibitions.cul.columbia.edu/exhibits/show/reading/imaginingtheauthor/jonsonfolio
omeka_6809,,readingofbooks_qia_524,readingofbooks_qia,reading_of_books,Page 524,,,,,,,,,,,,,,,,A note describing the original performance.,,,,,,,,,,original filename: 120034045.jpg,filename,original filename: 120034045.tif,filename,,,,,,,,,,,,,,,,,https://exhibitions.cul.columbia.edu/exhibits/show/reading/imaginingtheauthor/jonsonfolio
,item,readingofbooks_rbo,,reading_of_books,"Workes of Our Ancient and Learned English Poet,  Geffrey Chaucer",The Reading of Books and the Reading of Literature ,http://www.columbia.edu/cgi-bin/cul/resolve?clio9399444,,,"Chaucer, Geoffrey, -1400",personal,marcrelator,http://id.loc.gov/vocabulary/relators/aut,Author,naf,http://id.loc.gov/authorities/names/n79027228,1602,,,1602,"Title page of Speight's Chaucer, which details  some of the features of the 1602 edition",still image,English,iso639-2,http://id.loc.gov/vocabulary/iso639-2/eng,"Rare Book & Manuscript Library, Columbia University",NNC-RB,http://id.loc.gov/authorities/names/n78009986,marcorg,B822 C39 I 1602,,,,,reformatted digital,books,aat,http://vocab.getty.edu/aat/300028051,London (England),http://id.loc.gov/authorities/names/n79005665,Adam Islip,eng,5567527,,,,,,,,
omeka_6777,,readingofbooks_rbo_001,readingofbooks_rbo,reading_of_books,Title page,,,,,,,,,,,,,,,,"Title page of Speight's Chaucer, which details  some of the features of the 1602 edition",,,,,,,,,,original filename: 120034013.jpg,filename,original filename: 120034013.tif,filename,,,,,,,,,,,,,,,,,https://exhibitions.cul.columbia.edu/exhibits/show/reading/imaginingtheauthor/speghtchaucer
omeka_6779,,readingofbooks_rbo_005,readingofbooks_rbo,reading_of_books,Signature B1r,,,,,,,,,,,,,,,,"Text of The Canterbury Tales. The margins contain manicules marking the sentences, as the title page advertises. Note the slight difference between the manicules in the left and right margins.",,,,,,,,,,original filename: 120034015.jpg,filename,original filename: 120034015.tif,filename,,,,,,,,,,,,,,,,,https://exhibitions.cul.columbia.edu/exhibits/show/reading/imaginingtheauthor/speghtchaucer
omeka_6778,,readingofbooks_rbo_008,readingofbooks_rbo,reading_of_books,Signature B2v,,,,,,,,,,,,,,,,"A coat-of-arms, which the editors of this volume ""coniecture"" is Chaucer's. The letters ""g"" and ""ar"" indicate its colors, which future owners could fill in. ",,,,,,,,,,original filename: 120034014.jpg,filename,original filename: 120034014.tif,filename,,,,,,,,,,Heraldry,fast,http://id.worldcat.org/fast/955273,,,,,https://exhibitions.cul.columbia.edu/exhibits/show/reading/imaginingtheauthor/speghtchaucer
omeka_6780,,readingofbooks_rbo_256,readingofbooks_rbo,reading_of_books,Signature 3T1r,,,,,,,,,,,,,,,,"A dictionary wherein ""olde and obscure words in Chaucer"" are explained.",,,,,,,,,,original filename: 120034016.jpg,filename,original filename: 120034016.tif,filename,,,,,,,,,,,,,,,,,https://exhibitions.cul.columbia.edu/exhibits/show/reading/imaginingtheauthor/speghtchaucer
,item,readingofbooks_tva,,reading_of_books,Petrarca colla spositione di Misser Giovanni Andrea Gesualdo,The Reading of Books and the Reading of Literature ,http://www.columbia.edu/cgi-bin/cul/resolve?clio9399444,,,"Petrarca, Francesco, 1304-1374",personal,marcrelator,http://id.loc.gov/vocabulary/relators/aut,Author,naf,http://id.loc.gov/authorities/names/n79092622,1533,,,1533,Title page.,still image,English,iso639-2,http://id.loc.gov/vocabulary/iso639-2/eng,"Rare Book & Manuscript Library, Columbia University",NNC-RB,http://id.loc.gov/authorities/names/n78009986,marcorg,B85 P445,,,,,reformatted digital,books,aat,http://vocab.getty.edu/aat/300028051,Venice (Italy),http://id.loc.gov/authorities/names/n79018142,Giouann'Antonio di Nicolini & fratelli da Sabbio,eng,7476848,,,,,,,,
omeka_6765,,readingofbooks_tva_001,readingofbooks_tva,reading_of_books,Title page,,,,,,,,,,,,,,,,Title page.,,,,,,,,,,original filename: 120034001.jpg,filename,original filename: 120034001.tif,filename,,,,,,,,,,,,,,,,,https://exhibitions.cul.columbia.edu/exhibits/show/reading/imaginingtheauthor/petrarch
omeka_6767,,readingofbooks_tva_002,readingofbooks_tva,reading_of_books,Signature A1r,,,,,,,,,,,,,,,,Comment on explanatory note by an early reader.,,,,,,,,,,original filename: 120034003.jpg,filename,original filename: 120034003.tif,filename,,,,,,,,,,,,,,,,,https://exhibitions.cul.columbia.edu/exhibits/show/reading/imaginingtheauthor/petrarch
omeka_6768,,readingofbooks_tva_004,readingofbooks_tva,reading_of_books,Signature A3r,,,,,,,,,,,,,,,,A marginal note suggesting a different explanation.,,,,,,,,,,original filename: 120034004.jpg,filename,original filename: 120034004.tif,filename,,,,,,,,,,,,,,,,,https://exhibitions.cul.columbia.edu/exhibits/show/reading/imaginingtheauthor/petrarch
omeka_6766,,readingofbooks_tva_016,readingofbooks_tva,reading_of_books,Signature A8r,,,,,,,,,,,,,,,,Correction by an early reader.,,,,,,,,,,original filename: 120034002.jpg,filename,original filename: 120034002.tif,filename,,,,,,,,,,,,,,,,,
omeka_6769,,readingofbooks_tva_125,readingofbooks_tva,reading_of_books,Signature I6v,,,,,,,,,,,,,,,,A marginal note by an early reader mentioning Machiavelli.,,,,,,,,,,original filename: 120034005.jpg,filename,original filename: 120034005.tif,filename,,,,,,,,,,,,,,,,,
omeka_6770,,readingofbooks_tva_554,readingofbooks_tva,reading_of_books,Signature KK1v-KK2r,,,,,,,,,,,,,,,,Beginning of the handwritten section of the book.,,,,,,,,,,original filename: 120034006.jpg,filename,original filename: 120034006.tif,filename,,,,,,,,,,,,,,,,,https://exhibitions.cul.columbia.edu/exhibits/show/reading/imaginingtheauthor/petrarch
,item,readingofbooks_tzv,,reading_of_books,Sixteenth-century Commonplace Book,The Reading of Books and the Reading of Literature ,http://www.columbia.edu/cgi-bin/cul/resolve?clio9399444,George Arthur Plimpton Library,http://id.library.columbia.edu/term/65063ef0-13d8-4c02-a7a8-10a77e763a8c,,,,,,,,1400 ,1499,approximate,circa 1400-1499,This commonplace book is bound in a leaf from a fifteenth-century ferial psalter. ,still image,English,iso639-2,http://id.loc.gov/vocabulary/iso639-2/eng,"Rare Book & Manuscript Library, Columbia University",NNC-RB,http://id.loc.gov/authorities/names/n78009986,marcorg,Plimpton MS 276,,,,,reformatted digital,manuscripts,lcsh,http://id.loc.gov/authorities/subjects/sh85080672,England,http://id.loc.gov/authorities/names/n82068148,,eng,,,,,,,,,
omeka_6823,,readingofbooks_tzv_001,readingofbooks_tzv,reading_of_books,Front cover,,,,,,,,,,,,,,,,This commonplace book is bound in a leaf from a fifteenth-century ferial psalter. ,,eng,,,,,,,,original filename: DS-8719.jpg,filename,original filename: 8719.tif,filename,,,,,,,,,,,,,,,,,
,item,readingofbooks_tzz,,reading_of_books,Fifteenth-Century Commonplace Book,The Reading of Books and the Reading of Literature ,http://www.columbia.edu/cgi-bin/cul/resolve?clio9399444,George Arthur Plimpton Library,http://id.library.columbia.edu/term/65063ef0-13d8-4c02-a7a8-10a77e763a8c,,,,,,,,1450 ,1475,approximate,circa 1450-1475,Found in an old book.,still image,English,iso639-2,http://id.loc.gov/vocabulary/iso639-2/eng,"Rare Book & Manuscript Library, Columbia University",NNC-RB,http://id.loc.gov/authorities/names/n78009986,marcorg,Plimpton MS 259,,,,,reformatted digital,manuscripts,lcsh,http://id.loc.gov/authorities/subjects/sh85080672,England,http://id.loc.gov/authorities/names/n82068148,,eng,,,,,,,,,
omeka_6814,,readingofbooks_tzz_008,readingofbooks_tzz,reading_of_books,Folio 8r,,,,,,,,,,,,,,,,Found in an old book.,,eng,,,,,,,,original filename: 0009993.jpg,filename,original filename: 0009993.tif,filename,,,,,,,,,,,,,,,,,https://exhibitions.cul.columbia.edu/exhibits/show/reading/compiling/fifteenthcenturycommonplaceboo
omeka_6815,,readingofbooks_tzz_011,readingofbooks_tzz,reading_of_books,Folio 11r,,,,,,,,,,,,,,,,Words of a good horse.,,eng,,,,,,,,original filename: 0009994.jpg,filename,original filename: 0009994.tif,filename,,,,,,,,,,,,,,,,,https://exhibitions.cul.columbia.edu/exhibits/show/reading/compiling/fifteenthcenturycommonplaceboo
omeka_6816,,readingofbooks_tzz_014,readingofbooks_tzz,reading_of_books,Folio 14r,,,,,,,,,,,,,,,,Proverbs in Latin and English.,,eng,,,,,,,,original filename: 0009995.jpg,filename,original filename: 0009995.tif,filename,,,,,,,,,,,,,,,,,https://exhibitions.cul.columbia.edu/exhibits/show/reading/compiling/fifteenthcenturycommonplaceboo
omeka_6817,,readingofbooks_tzz_054,readingofbooks_tzz,reading_of_books,Folio 54r,,,,,,,,,,,,,,,,Sayings of philosophers.,,eng,,,,,,,,original filename: DS-6056.jpg,filename,original filename: 6056.tif,filename,,,,,,,,,,,,,,,,,https://exhibitions.cul.columbia.edu/exhibits/show/reading/compiling/fifteenthcenturycommonplaceboo
,item,readingofbooks_ubh,,reading_of_books,Vision of Pierce Plowman,The Reading of Books and the Reading of Literature ,http://www.columbia.edu/cgi-bin/cul/resolve?clio9399444,Phoenix Collection,http://id.library.columbia.edu/term/ce1f932d-1b2e-409e-a1f0-2b5fe4139e92,"Langland, William, 1330?-1400?",personal,marcrelator,http://id.loc.gov/vocabulary/relators/aut,Author,naf,http://id.loc.gov/authorities/names/n78095389,1550,,,1550,Title page of The Vision of Pierce Plowman.,still image,English,iso639-2,http://id.loc.gov/vocabulary/iso639-2/eng,"Rare Book & Manuscript Library, Columbia University",NNC-RB,http://id.loc.gov/authorities/names/n78009986,marcorg,Phoenix P821.15 I,,,,,reformatted digital,books,aat,http://vocab.getty.edu/aat/300028051,London (England),http://id.loc.gov/authorities/names/n79005665,Robert Crowley,eng,7483409,,,,,,,,
omeka_6796,,readingofbooks_ubh_001,readingofbooks_ubh,reading_of_books,Title page,,,,,,,,,,,,,,,,Title page of The Vision of Pierce Plowman.,,,,,,,,,,original filename: 120034032.jpg,filename,original filename: 120034032.tif|2nd edition,filename,,,,,,,,,,,,,,,,,https://exhibitions.cul.columbia.edu/exhibits/show/reading/englishcanon/pierceplowman
omeka_6797,,readingofbooks_ubh_005,readingofbooks_ubh,reading_of_books,Signature *2r,,,,,,,,,,,,,,,,"Crowley's letter to the reader. Like Bale, Crowley packages the fourteenth-century poet as a proto-reformer. ",,,,,,,,,,original filename: 120034033.jpg,filename,original filename: 120034033.tif|2nd edition,filename,,,,,,,,,,,,,,,,,https://exhibitions.cul.columbia.edu/exhibits/show/reading/englishcanon/pierceplowman
omeka_6798,,readingofbooks_ubh_007,readingofbooks_ubh,reading_of_books,Signature  [fleur di lis]3r,,,,,,,,,,,,,,,,Text that  summarizes the poem's passus.,,,,,,,,,,original filename: 120034034.jpg,filename,original filename: 120034034.tif|2nd edition,filename,,,,,,,,,,,,,,,,,https://exhibitions.cul.columbia.edu/exhibits/show/reading/englishcanon/pierceplowman
omeka_6799,,readingofbooks_ubh_017,readingofbooks_ubh,reading_of_books,Signature B1r,,,,,,,,,,,,,,,,One of the book's annotators glossed the hard words in the margins.,,,,,,,,,,original filename: 120034035.jpg,filename,original filename: 120034035.tif|2nd edition,filename,,,,,,,,,,,,,,,,,https://exhibitions.cul.columbia.edu/exhibits/show/reading/englishcanon/pierceplowman
omeka_6800,,readingofbooks_ubh_107,readingofbooks_ubh,reading_of_books,Signature N2r,,,,,,,,,,,,,,,,"Bossy printed marginalia. ""Reade thys,"" it instructs.",,,,,,,,,,original filename: 120034036.jpg,filename,original filename: 120034036.tif|2nd edition,filename,,,,,,,,,,,,,,,,,https://exhibitions.cul.columbia.edu/exhibits/show/reading/englishcanon/pierceplowman
,item,readingofbooks_wtb,,reading_of_books,Confessio Amantis,The Reading of Books and the Reading of Literature ,http://www.columbia.edu/cgi-bin/cul/resolve?clio9399444,,,"Gower, John, 1325?-1408",personal,marcrelator,http://id.loc.gov/vocabulary/relators/aut,Author,naf,http://id.loc.gov/authorities/names/n81039793,1554,,,1554,Title page.,still image,English,iso639-2,http://id.loc.gov/vocabulary/iso639-2/eng,"Rare Book & Manuscript Library, Columbia University",NNC-RB,http://id.loc.gov/authorities/names/n78009986,marcorg,PR1984 .C6 1554,,,,,reformatted digital,books,aat,http://vocab.getty.edu/aat/300028051,England,http://id.loc.gov/authorities/names/n82068148,Thomas Berthelette,eng,367502,,,,,,,,
omeka_6810,,readingofbooks_wtb_001,readingofbooks_wtb,reading_of_books,Title page,,,,,,,,,,,,,,,,Title page.,,,,,,,,,,original filename: 120034046.jpg,filename,original filename: 120034046.tif,filename,,,,,,,,,,,,,,,,,https://exhibitions.cul.columbia.edu/exhibits/show/reading/idealcopy/confessioamantis
omeka_6811,,readingofbooks_wtb_002,readingofbooks_wtb,reading_of_books,Signature  *1v-*2r,,,,,,,,,,,,,,,,Beginning of dedicatory epistle.,,,,,,,,,,original filename: 120034047.jpg,filename,original filename: 120034047.tif,filename,,,,,,,,,,,,,,,,,https://exhibitions.cul.columbia.edu/exhibits/show/reading/idealcopy/confessioamantis
omeka_6812,,readingofbooks_wtb_004,readingofbooks_wtb,reading_of_books,Signature  *2v-*3r,,,,,,,,,,,,,,,,Table of contents.,,,,,,,,,,original filename: 120034048.jpg,filename,original filename: 120034048.tif,filename,,,,,,,,,,,,,,,,,https://exhibitions.cul.columbia.edu/exhibits/show/reading/idealcopy/confessioamantis
omeka_6813,,readingofbooks_wtb_013,readingofbooks_wtb,reading_of_books,Signature B1v-B2r,,,,,,,,,,,,,,,,Beginning of Book 1.,,eng,,,,,,,,original filename: 120034049.jpg,filename,original filename: 120034049.tif,filename,,,,,,,,,,,,,,,,,https://exhibitions.cul.columbia.edu/exhibits/show/reading/idealcopy/confessioamantis
,item,readingofbooks_zip,,reading_of_books,Faerie Queene,The Reading of Books and the Reading of Literature ,http://www.columbia.edu/cgi-bin/cul/resolve?clio9399444,,,"Spenser, Edmund, 1552?-1599",personal,marcrelator,http://id.loc.gov/vocabulary/relators/aut,Author,naf,http://id.loc.gov/authorities/names/n78081910,1609,,,1609,"Columbia's copy of the 1609 Faerie Queene lacks the title page and dedicatory epistle. One of the book's owners thus removed the title page preceding books 4-6, inserted it at the beginning of the book, and altered it to read ""The First Part of the Faerie Queene: Containing the first, second, & third books."" Note that several words are pasted in: ""First"" preceding part as well as ""first, second, and third."" ",still image,English,iso639-2,http://id.loc.gov/vocabulary/iso639-2/eng,"Rare Book & Manuscript Library, Columbia University",NNC-RB,http://id.loc.gov/authorities/names/n78009986,marcorg,B823Sp3 Q5 1609,,,,,reformatted digital,books,aat,http://vocab.getty.edu/aat/300028051,London (England),http://id.loc.gov/authorities/names/n79005665,Matthew Lownes,eng,5579826,,,,,,,,
omeka_6786,,readingofbooks_zip_001,readingofbooks_zip,reading_of_books,Title page,,,,,,,,,,,,,,,,"Columbia's copy of the 1609 Faerie Queene lacks the title page and dedicatory epistle. One of the book's owners thus removed the title page preceding books 4-6, inserted it at the beginning of the book, and altered it to read ""The First Part of the Faerie Queene: Containing the first, second, & third books."" Note that several words are pasted in: ""First"" preceding part as well as ""first, second, and third."" ",,,,,,,,,,original filename: 120034022.jpg,filename,original filename: 120034022.tif,filename,,,,,,,,,,,,,,,,,https://exhibitions.cul.columbia.edu/exhibits/show/reading/englishcanon/faeriequeene
omeka_6787,,readingofbooks_zip_012,readingofbooks_zip,reading_of_books,Pages 12-13,,,,,,,,,,,,,,,,"This copy was missing some leaves, so one of the book's owners carefully made an ink facsimile of the missing pages.",,,,,,,,,,original filename: 120034023.jpg,filename,original filename: 120034023.tif,filename,,,,,,,,,,,,,,,,,https://exhibitions.cul.columbia.edu/exhibits/show/reading/englishcanon/faeriequeene
omeka_6788,,readingofbooks_zip_020,readingofbooks_zip,reading_of_books,Pages 20-21,,,,,,,,,,,,,,,,The end of the ink facsimile. ,,,,,,,,,,original filename: 120034024.jpg,filename,original filename: 120034024.tif,filename,,,,,,,,,,,,,,,,,https://exhibitions.cul.columbia.edu/exhibits/show/reading/englishcanon/faeriequeene
omeka_6789,,readingofbooks_zip_186,readingofbooks_zip,reading_of_books,Pages 186-89,,,,,,,,,,,,,,,,The end of Book 3 and beginning of Book 4 of The Faerie Queene. The title page that should be between these two leaves has been moved to the front of the book and altered.,,,,,,,,,,original filename: 120034025.jpg,filename,original filename: 120034025.tif,filename,,,,,,,,,,,,,,,,,https://exhibitions.cul.columbia.edu/exhibits/show/reading/englishcanon/faeriequeene
