relatedItem_collection,name_primary,name_primary_type,name_primary_Relator,name_primary_authority,name_primary_authority_identifier,name 2,name_type_2,nameRelator 2,name_authority 2,name_authority_identifier 2,name 3,name_type 3,nameRelator 3,name_authority 3,name_authority_identifier 3,name 4,name_type 4,nameRelator 4,name_authority 4,name_authority-identifier 4,keyDate_start,keyDate_end,dateQualifier,dateCreated,abstract,identifier_clio,identifier_omeka,typeOfResource,language,location_url_ObjectInContext,physicalLocation,physicalLocation_authority,shelfLocator,sublocation,note 1,note_holdings,note_filename 1,note_filename 2,digitalOrigin,extent,form,form_authority,form_originalFormat,place,place_authority,place_authority_identifier,relatedItem_Project_nonSort,relatedItem_Project,projectURL,note_ownership,publisher,languageOfCataloging,relatedItem_note,accessCondition,subject_topic 1,subject_topic_authority 1,subject_topic_authority_identifier 1,subject_topic 2,subject_topic_authority 2,subject_topic_authority_identifier 2,subject_name,subject_name_authority,subject_name_authority_identifier,subject_geographic,subject_geographic_authority,subject_geographic_authority_identifier,title,title_nonSort,identifier_title,partName,title2,title2_type,item - public,item - featured
Varsity Show Records,,,,,,Varsity Show (Columbia University) (1994),conference,,,,,,,,,,,,,,1994-04,,,Apr-94,"Flyer advertising Varsity Show ""Angels at Columbia: Centennial Approaches"" (1994)",,omeka_4204,still image,eng,https://exhibitions.cul.columbia.edu/exhibits/show/varsity-show/history/evolution,NNC-UA,marcorg,"Box 17, folder 5",,,UA#0106,varsity_100129023,,reformatted digital,"8.5"" x 11""",printed ephemera,aat,fliers (printed matter),,,,The,Varsity Show: A Columbia Tradition,http://www.columbia.edu/cgi-bin/cul/resolve?clio8225262,,,eng,,,College musicals,fast,http://id.worldcat.org/fast/1199201,,,,,,,,,,Angels at Columbia: Centennial Approaches,,varsityshow_aac_000,,,,1,0
Varsity Show Records,,,,,,Varsity Show (Columbia University) (1994),conference,,,,,,,,,,,,,,1994-04,,,Apr-94,"Flyer advertising Varsity Show ""Angels at Columbia: Centennial Approaches"" (1994)",,omeka_4204,still image,eng,https://exhibitions.cul.columbia.edu/exhibits/show/varsity-show/history/evolution,NNC-UA,marcorg,"Box 17, folder 5",,,UA#0106,varsity_100129023,,reformatted digital,"8.5"" x 11""",printed ephemera,aat,fliers (printed matter),,,,The,Varsity Show: A Columbia Tradition,http://www.columbia.edu/cgi-bin/cul/resolve?clio8225262,,,eng,,,College musicals,fast,http://id.worldcat.org/fast/1199201,,,,,,,,,,Angels at Columbia: Centennial Approaches,,varsityshow_aac,,,,1,0
Varsity Show Records,,,,,,Varsity Show (Columbia University) (1994),conference,,,,,,,,,,,,,,1994-04,,,Apr-94,"Program cover for Varsity Show ""Angels at Columbia: Centennial Approaches"" (1994)",,omeka_4203,still image,eng,https://exhibitions.cul.columbia.edu/exhibits/show/varsity-show/artwork/program,NNC-UA,marcorg,"Box 17, folder 5",,,UA#0106,varsity_100129022,,reformatted digital,"8.5"" x 11""",printed ephemera,aat,theater programs,,,,The,Varsity Show: A Columbia Tradition,http://www.columbia.edu/cgi-bin/cul/resolve?clio8225262,,,eng,,,College musicals,fast,http://id.worldcat.org/fast/1199201,,,,,,,,,,Angels at Columbia: Centennial Approaches,,varsityshow_aca_001,Cover,,,1,0
Varsity Show Records,,,,,,Varsity Show (Columbia University) (1994),conference,,,,,,,,,,,,,,1994-04,,,Apr-94,"Program cover for Varsity Show ""Angels at Columbia: Centennial Approaches"" (1994)",,omeka_4203,still image,eng,https://exhibitions.cul.columbia.edu/exhibits/show/varsity-show/artwork/program,NNC-UA,marcorg,"Box 17, folder 5",,,UA#0106,varsity_100129022,,reformatted digital,"8.5"" x 11""",printed ephemera,aat,theater programs,,,,The,Varsity Show: A Columbia Tradition,http://www.columbia.edu/cgi-bin/cul/resolve?clio8225262,,,eng,,,College musicals,fast,http://id.worldcat.org/fast/1199201,,,,,,,,,,Angels at Columbia: Centennial Approaches,,varsityshow_aca,,,,1,0
Columbiana,"Ford, Corey, 1902-1969",personal,aut,naf,http://id.loc.gov/authorities/names/n50024813,"Webb, Roy, 1888-1982",personal,cmp,naf,http://id.loc.gov/authorities/names/n87911954,"Watkins, Morris W.",personal,cmp,,,Alumni Federation of Columbia University,corporate,,naf,http://id.loc.gov/authorities/names/n87895442,1923,,,1923,"Music and Lyrics for ""Roar Lion Roar""","CLIO_6319403
",omeka_4182,still image,eng,https://exhibitions.cul.columbia.edu/exhibits/show/varsity-show/song/roar,NNC-UA,marcorg,CP3 Al8211,,"Corey Ford, Class of 1923, Roy Webb, Class of 1910, Morris W. Watkins, Class of 1924",,Order#100149001.jpg,Order#100149002.jpg,reformatted digital,"7.5"" x 11""",printed ephemera,aat,songbooks,New York (N.Y.),naf,http://id.loc.gov/authorities/names/n79007751,The,Varsity Show: A Columbia Tradition,http://www.columbia.edu/cgi-bin/cul/resolve?clio8225262,,Alumni Federation of Columbia University,eng,,,College musicals,fast,http://id.worldcat.org/fast/1199201,Students' songs,fast,http://id.worldcat.org/fast/1136161,,,,,,,Columbia Songs,,varsityshow_csb_056,Pages 56-59,,,1,0
Columbiana,"Ford, Corey, 1902-1969",personal,aut,naf,http://id.loc.gov/authorities/names/n50024813,"Webb, Roy, 1888-1982",personal,cmp,naf,http://id.loc.gov/authorities/names/n87911954,"Watkins, Morris W.",personal,cmp,,,Alumni Federation of Columbia University,corporate,,naf,http://id.loc.gov/authorities/names/n87895442,1923,,,1923,"Music and Lyrics for ""Roar Lion Roar""","CLIO_6319403
",omeka_4182,still image,eng,https://exhibitions.cul.columbia.edu/exhibits/show/varsity-show/song/roar,NNC-UA,marcorg,CP3 Al8211,,"Corey Ford, Class of 1923, Roy Webb, Class of 1910, Morris W. Watkins, Class of 1924",,Order#100149001.jpg,Order#100149002.jpg,reformatted digital,"7.5"" x 11""",printed ephemera,aat,songbooks,New York (N.Y.),naf,http://id.loc.gov/authorities/names/n79007751,The,Varsity Show: A Columbia Tradition,http://www.columbia.edu/cgi-bin/cul/resolve?clio8225262,,Alumni Federation of Columbia University,eng,,,College musicals,fast,http://id.worldcat.org/fast/1199201,Students' songs,fast,http://id.worldcat.org/fast/1136161,,,,,,,Columbia Songs,,varsityshow_csb,,,,1,0
Varsity Show Records,,,,naf,,Varsity Show (Columbia University) (1982),conference,,,,,,,,,,,,,,1982,,,1982,"Program cover for Varsity Show ""Columbia University Graffiti"" (1982)",,omeka_4201,still image,eng,https://exhibitions.cul.columbia.edu/exhibits/show/varsity-show/history/evolution,NNC-UA,marcorg,"Box 16, folder 19",,,UA#0106,varsity_100129020,,reformatted digital,"8.5"" x 5.5""",printed ephemera,aat,theater programs,,,,The,Varsity Show: A Columbia Tradition,http://www.columbia.edu/cgi-bin/cul/resolve?clio8225262,,,eng,,,College musicals,fast,http://id.worldcat.org/fast/1199201,,,,,,,,,,Columbia University Graffiti,,varsityshow_cug_001,Cover,,,1,0
Varsity Show Records,,,,naf,,Varsity Show (Columbia University) (1982),conference,,,,,,,,,,,,,,1982,,,1982,"Program cover for Varsity Show ""Columbia University Graffiti"" (1982)",,omeka_4201,still image,eng,https://exhibitions.cul.columbia.edu/exhibits/show/varsity-show/history/evolution,NNC-UA,marcorg,"Box 16, folder 19",,,UA#0106,varsity_100129020,,reformatted digital,"8.5"" x 5.5""",printed ephemera,aat,theater programs,,,,The,Varsity Show: A Columbia Tradition,http://www.columbia.edu/cgi-bin/cul/resolve?clio8225262,,,eng,,,College musicals,fast,http://id.worldcat.org/fast/1199201,,,,,,,,,,Columbia University Graffiti,,varsityshow_cug,,,,1,0
Varsity Show Records,,,,,,Varsity Show (Columbia University) (1939),conference,,,,Columbia University Players,corporate,,,,,,,,,1939,,,1939,"Program cover for Varsity Show ""Fair Enough"" (1939)",,omeka_4195,still image,eng,https://exhibitions.cul.columbia.edu/exhibits/show/varsity-show/alums/diamond,NNC-UA,marcorg,"Box 11, folder 11",,,UA#0106,varsity_100129014,,reformatted digital,"9"" x 11.5""",printed ephemera,aat,theater programs,,,,The,Varsity Show: A Columbia Tradition,http://www.columbia.edu/cgi-bin/cul/resolve?clio8225262,,,eng,"The Columbia Jester, 1939",,College musicals,fast,http://id.worldcat.org/fast/1199201,,,,,,,,,,Fair Enough,,varsityshow_fen_001,Cover,,,1,0
Varsity Show Records,,,,,,Varsity Show (Columbia University) (1939),conference,,,,Columbia University Players,corporate,,,,,,,,,1939,,,1939,"Program cover for Varsity Show ""Fair Enough"" (1939)",,omeka_4195,still image,eng,https://exhibitions.cul.columbia.edu/exhibits/show/varsity-show/alums/diamond,NNC-UA,marcorg,"Box 11, folder 11",,,UA#0106,varsity_100129014,,reformatted digital,"9"" x 11.5""",printed ephemera,aat,theater programs,,,,The,Varsity Show: A Columbia Tradition,http://www.columbia.edu/cgi-bin/cul/resolve?clio8225262,,,eng,"The Columbia Jester, 1939",,College musicals,fast,http://id.worldcat.org/fast/1199201,,,,,,,,,,Fair Enough,,varsityshow_fen,,,,1,0
Varsity Show Records,"Green, Holm",personal,,,,Varsity Show (Columbia University) (1923),conference,,,,,,,,,,,,,,1923,,,1923,"Original poster for 1923 Varsity Show ""Half-Moon Inn""",,omeka_4210,still image,eng,https://exhibitions.cul.columbia.edu/exhibits/show/varsity-show/artwork/posters,NNC-UA,marcorg,"UA Flat Files Box 13, folder 3",,,Flat Files UA#0106,varsity_100129029,,reformatted digital,"14.25"" x 9""",posters,aat,posters,,,,The,Varsity Show: A Columbia Tradition,http://www.columbia.edu/cgi-bin/cul/resolve?clio8225262,,,eng,,,College musicals,fast,http://id.worldcat.org/fast/1199201,Pirates,fast,http://id.worldcat.org/fast/1064776,,,,,,,Half-Moon Inn,,varsityshow_hmi_000,,,,1,0
Varsity Show Records,"Green, Holm",personal,,,,Varsity Show (Columbia University) (1923),conference,,,,,,,,,,,,,,1923,,,1923,"Original poster for 1923 Varsity Show ""Half-Moon Inn""",,omeka_4210,still image,eng,https://exhibitions.cul.columbia.edu/exhibits/show/varsity-show/artwork/posters,NNC-UA,marcorg,"UA Flat Files Box 13, folder 3",,,Flat Files UA#0106,varsity_100129029,,reformatted digital,"14.25"" x 9""",posters,aat,posters,,,,The,Varsity Show: A Columbia Tradition,http://www.columbia.edu/cgi-bin/cul/resolve?clio8225262,,,eng,,,College musicals,fast,http://id.worldcat.org/fast/1199201,Pirates,fast,http://id.worldcat.org/fast/1064776,,,,,,,Half-Moon Inn,,varsityshow_hmi,,,,1,0
Varsity Show Records,Slavik,personal,ill,,,Varsity Show (Columbia University) (1926),conference,,,,Columbia University Players,corporate,,,,,,,,,1926,,,1926,"Program cover for Varsity Show, ""His Majest, The Queen"" (1926)",,omeka_4191,still image,eng,https://exhibitions.cul.columbia.edu/exhibits/show/varsity-show/artwork/program,NNC-UA,marcorg,"Box 10, folder 8",,,UA#0106,varsity_100129010,,reformatted digital,"8"" x 10.5""",printed ephemera,aat,theater programs,,,,The,Varsity Show: A Columbia Tradition,http://www.columbia.edu/cgi-bin/cul/resolve?clio8225262,,,eng,,,College musicals,fast,http://id.worldcat.org/fast/1199201,,,,,,,,,,"His Majesty, The Queen",,varsityshow_hmq_001,Cover,,,1,0
Varsity Show Records,Slavik,personal,ill,,,Varsity Show (Columbia University) (1926),conference,,,,Columbia University Players,corporate,,,,,,,,,1926,,,1926,"Program cover for Varsity Show, ""His Majest, The Queen"" (1926)",,omeka_4191,still image,eng,https://exhibitions.cul.columbia.edu/exhibits/show/varsity-show/artwork/program,NNC-UA,marcorg,"Box 10, folder 8",,,UA#0106,varsity_100129010,,reformatted digital,"8"" x 10.5""",printed ephemera,aat,theater programs,,,,The,Varsity Show: A Columbia Tradition,http://www.columbia.edu/cgi-bin/cul/resolve?clio8225262,,,eng,,,College musicals,fast,http://id.worldcat.org/fast/1199201,,,,,,,,,,"His Majesty, The Queen",,varsityshow_hmq,,,,1,0
Varsity Show Records,"Diamond, I. A. L.",personal,aut,naf,http://id.loc.gov/authorities/names/n80070601,,,,,,,,,,,,,,,,1941,,,1941,"Cover of script for 1941 Varsity Show ""Hit The Road""",,omeka_4197,still image,eng,https://exhibitions.cul.columbia.edu/exhibits/show/varsity-show/alums/diamond,NNC-UA,marcorg,"Box 16, folder 1",,"I. A. L. Diamond, Class of 1941",UA#0106,varsity_100129016,,reformatted digital,"9"" x 11.5""",printed ephemera,aat,scripts (documents),,,,The,Varsity Show: A Columbia Tradition,http://www.columbia.edu/cgi-bin/cul/resolve?clio8225262,,,eng,,,College musicals,fast,http://id.worldcat.org/fast/1199201,,,,,,,,,,Hit the Road,,varsityshow_htr_001,Cover,,,1,0
Varsity Show Records,"Diamond, I. A. L.",personal,aut,naf,http://id.loc.gov/authorities/names/n80070601,,,,,,,,,,,,,,,,1941,,,1941,"Cover of script for 1941 Varsity Show ""Hit The Road""",,omeka_4197,still image,eng,https://exhibitions.cul.columbia.edu/exhibits/show/varsity-show/alums/diamond,NNC-UA,marcorg,"Box 16, folder 1",,"I. A. L. Diamond, Class of 1941",UA#0106,varsity_100129016,,reformatted digital,"9"" x 11.5""",printed ephemera,aat,scripts (documents),,,,The,Varsity Show: A Columbia Tradition,http://www.columbia.edu/cgi-bin/cul/resolve?clio8225262,,,eng,,,College musicals,fast,http://id.worldcat.org/fast/1199201,,,,,,,,,,Hit the Road,,varsityshow_htr,,,,1,0
Varsity Show Records,Wide World Photo,corporate,,,,,,,,,,,,,,,,,,,3/20/1939,,,20-Mar-39,"John Bateman, captain of the football team, getting the finishing touches on his hair for 1939 Varsity Show, ""Fair Enough""",,omeka_4184,still image,,https://exhibitions.cul.columbia.edu/exhibits/show/varsity-show/pony/intro,NNC-UA,marcorg,"Box 20, folder 8",,John Bateman,UA#0106,varsity_100129003,,reformatted digital,"7""x 8.5""",photographs,aat,photographs,,,,The,Varsity Show: A Columbia Tradition,http://www.columbia.edu/cgi-bin/cul/resolve?clio8225262,,,eng,,,College theater,fast,http://id.worldcat.org/fast/868221,,,,,,,,,,John Bateman Getting his Hair Done,,varsityshow_jbh_000,,,,1,0
Varsity Show Records,Wide World Photo,corporate,,,,,,,,,,,,,,,,,,,3/20/1939,,,20-Mar-39,"John Bateman, captain of the football team, getting the finishing touches on his hair for 1939 Varsity Show, ""Fair Enough""",,omeka_4184,still image,,https://exhibitions.cul.columbia.edu/exhibits/show/varsity-show/pony/intro,NNC-UA,marcorg,"Box 20, folder 8",,John Bateman,UA#0106,varsity_100129003,,reformatted digital,"7""x 8.5""",photographs,aat,photographs,,,,The,Varsity Show: A Columbia Tradition,http://www.columbia.edu/cgi-bin/cul/resolve?clio8225262,,,eng,,,College theater,fast,http://id.worldcat.org/fast/868221,,,,,,,,,,John Bateman Getting his Hair Done,,varsityshow_jbh,,,,1,0
Varsity Show Records,"Barber, D.",personal,,,,Columbia College Musical Society,corporate,,,,,,,,,,,,,,1894-04,,,April 1894,"Program cover for first Varsity Show, ""Joan of Arc"" (1894)",,omeka_4183,still image,eng,https://exhibitions.cul.columbia.edu/exhibits/show/varsity-show/history/beginnings,NNC-UA,marcorg,"Box 1, folder 2",,,UA#0106,varsity_100129002,,reformatted digital,"7"" x 9.5""",printed ephemera,aat,theater programs,,,,The,Varsity Show: A Columbia Tradition,http://www.columbia.edu/cgi-bin/cul/resolve?clio8225262,,,eng,,,College musicals,fast,http://id.worldcat.org/fast/1199201,,,,"Joan, of Arc, Saint, 1412-1431",naf,http://id.loc.gov/authorities/names/n79033041,,,,"Joan of Arc, or, The monarch, the maid, the minister and the magician",,varsityshow_joa_001,Cover,,,1,0
Varsity Show Records,"Barber, D.",personal,,,,Columbia College Musical Society,corporate,,,,,,,,,,,,,,1894-04,,,April 1894,"Program cover for first Varsity Show, ""Joan of Arc"" (1894)",,omeka_4183,still image,eng,https://exhibitions.cul.columbia.edu/exhibits/show/varsity-show/history/beginnings,NNC-UA,marcorg,"Box 1, folder 2",,,UA#0106,varsity_100129002,,reformatted digital,"7"" x 9.5""",printed ephemera,aat,theater programs,,,,The,Varsity Show: A Columbia Tradition,http://www.columbia.edu/cgi-bin/cul/resolve?clio8225262,,,eng,,,College musicals,fast,http://id.worldcat.org/fast/1199201,,,,"Joan, of Arc, Saint, 1412-1431",naf,http://id.loc.gov/authorities/names/n79033041,,,,"Joan of Arc, or, The monarch, the maid, the minister and the magician",,varsityshow_joa,,,,1,0
Varsity Show Records,,,,,,Varsity Show (Columbia University) (1940),conference,,,,Columbia University Players,corporate,,,,,,,,,1940,,,1940,"Title page inside Varsity Show program for ""Life Begins In 40"" (1940)",,omeka_4196,still image,eng,https://exhibitions.cul.columbia.edu/exhibits/show/varsity-show/alums/diamond,NNC-UA,marcorg,"Box 11, folder 12",,,UA#0106,varsity_100129015,,reformatted digital,"9"" x 11.5""",printed ephemera,aat,theater programs,,,,The,Varsity Show: A Columbia Tradition,http://www.columbia.edu/cgi-bin/cul/resolve?clio8225262,,,eng,"The Columbia Jester, April 1940",,College musicals,fast,http://id.worldcat.org/fast/1199201,,,,,,,,,,Life Begins In '40,,varsityshow_lbe_001,Title page,,,1,0
Varsity Show Records,,,,,,Varsity Show (Columbia University) (1940),conference,,,,Columbia University Players,corporate,,,,,,,,,1940,,,1940,"Title page inside Varsity Show program for ""Life Begins In 40"" (1940)",,omeka_4196,still image,eng,https://exhibitions.cul.columbia.edu/exhibits/show/varsity-show/alums/diamond,NNC-UA,marcorg,"Box 11, folder 12",,,UA#0106,varsity_100129015,,reformatted digital,"9"" x 11.5""",printed ephemera,aat,theater programs,,,,The,Varsity Show: A Columbia Tradition,http://www.columbia.edu/cgi-bin/cul/resolve?clio8225262,,,eng,"The Columbia Jester, April 1940",,College musicals,fast,http://id.worldcat.org/fast/1199201,,,,,,,,,,Life Begins In '40,,varsityshow_lbe,,,,1,0
Varsity Show Records,,,,,,Varsity Show (Columbia University) (1911),conference,,,,,,,,,,,,,,1911,,,1911,"Original poster for 1911 Varsity Show ""Made in India""",,omeka_4215,still image,eng,https://exhibitions.cul.columbia.edu/exhibits/show/varsity-show/artwork/posters,NNC-UA,marcorg,"UA Flat Files Box 14, folder 4",,,Flat Files UA#0106,varsity_100129034,,reformatted digital,"14"" x 11""",posters,aat,posters,,,,The,Varsity Show: A Columbia Tradition,http://www.columbia.edu/cgi-bin/cul/resolve?clio8225262,,,eng,,,College musicals,fast,http://id.worldcat.org/fast/1199201,Elephants,fast,http://id.worldcat.org/fast/908011,,,,,,,Made in India,,varsityshow_mia_000,,,,1,0
Varsity Show Records,,,,,,Varsity Show (Columbia University) (1911),conference,,,,,,,,,,,,,,1911,,,1911,"Original poster for 1911 Varsity Show ""Made in India""",,omeka_4215,still image,eng,https://exhibitions.cul.columbia.edu/exhibits/show/varsity-show/artwork/posters,NNC-UA,marcorg,"UA Flat Files Box 14, folder 4",,,Flat Files UA#0106,varsity_100129034,,reformatted digital,"14"" x 11""",posters,aat,posters,,,,The,Varsity Show: A Columbia Tradition,http://www.columbia.edu/cgi-bin/cul/resolve?clio8225262,,,eng,,,College musicals,fast,http://id.worldcat.org/fast/1199201,Elephants,fast,http://id.worldcat.org/fast/908011,,,,,,,Made in India,,varsityshow_mia,,,,1,0
Varsity Show Records,,,,,,Varsity Show (Columbia University) (2006),conference,,,,,,,,,,,,,,2006-04,,,Apr-06,"Program cover for Varsity Show ""Misery Loves Columbia""",,omeka_4205,still image,eng,https://exhibitions.cul.columbia.edu/exhibits/show/varsity-show/history/evolution,NNC-UA,marcorg,"Box 17, folder 12",,,UA#0106,varsity_100129024,,reformatted digital,"7"" x 10""",printed ephemera,aat,theater programs,,,,The,Varsity Show: A Columbia Tradition,http://www.columbia.edu/cgi-bin/cul/resolve?clio8225262,,,eng,"The Blue and White, the undergraduate magazine of Columbia University, April 2006.",,College musicals,fast,http://id.worldcat.org/fast/1199201,,,,,,,,,,Misery Loves Columbia,,varsityshow_mlc_001,Cover,,,1,0
Varsity Show Records,,,,,,Varsity Show (Columbia University) (2006),conference,,,,,,,,,,,,,,2006-04,,,Apr-06,"Program cover for Varsity Show ""Misery Loves Columbia""",,omeka_4205,still image,eng,https://exhibitions.cul.columbia.edu/exhibits/show/varsity-show/history/evolution,NNC-UA,marcorg,"Box 17, folder 12",,,UA#0106,varsity_100129024,,reformatted digital,"7"" x 10""",printed ephemera,aat,theater programs,,,,The,Varsity Show: A Columbia Tradition,http://www.columbia.edu/cgi-bin/cul/resolve?clio8225262,,,eng,"The Blue and White, the undergraduate magazine of Columbia University, April 2006.",,College musicals,fast,http://id.worldcat.org/fast/1199201,,,,,,,,,,Misery Loves Columbia,,varsityshow_mlc,,,,1,0
Varsity Show Records,,,,,,Varsity Show (Columbia University) (1912),conference,,,,,,,,,,,,,,1912,,,1912,"Original poster for 1912 Varsity Show ""The Mysterious Miss Apache""",,omeka_4216,still image,eng,https://exhibitions.cul.columbia.edu/exhibits/show/varsity-show/artwork/posters,NNC-UA,marcorg,"UA Flat Files Box 14, folder 4",,,Flat Files UA#0106,varsity_100129035,,reformatted digital,"22"" x 14""",posters,aat,posters,,,,The,Varsity Show: A Columbia Tradition,http://www.columbia.edu/cgi-bin/cul/resolve?clio8225262,,,eng,,,College musicals,fast,http://id.worldcat.org/fast/1199201,,,,,,,,,,Mysterious Miss Apache,The,varsityshow_mma_000,,,,1,0
Varsity Show Records,,,,,,Varsity Show (Columbia University) (1912),conference,,,,,,,,,,,,,,1912,,,1912,"Original poster for 1912 Varsity Show ""The Mysterious Miss Apache""",,omeka_4216,still image,eng,https://exhibitions.cul.columbia.edu/exhibits/show/varsity-show/artwork/posters,NNC-UA,marcorg,"UA Flat Files Box 14, folder 4",,,Flat Files UA#0106,varsity_100129035,,reformatted digital,"22"" x 14""",posters,aat,posters,,,,The,Varsity Show: A Columbia Tradition,http://www.columbia.edu/cgi-bin/cul/resolve?clio8225262,,,eng,,,College musicals,fast,http://id.worldcat.org/fast/1199201,,,,,,,,,,Mysterious Miss Apache,The,varsityshow_mma,,,,1,0
Varsity Show Records,Varsity Show (Columbia University) (1929),conference,,,,Columbia University Players,corporate,,,,,,,,,,,,,,1929,,,1929,"Program cover for Varsity Show ""Oh, Hector!"" (1929)",,omeka_4193,still image,eng,https://exhibitions.cul.columbia.edu/exhibits/show/varsity-show/artwork/program,NNC-UA,marcorg,"Box 11, folder 1",,,UA#0106,varsity_100129012,,reformatted digital,"8"" x 10.5""",printed ephemera,aat,theater programs,,,,The,Varsity Show: A Columbia Tradition,http://www.columbia.edu/cgi-bin/cul/resolve?clio8225262,,,eng,,,College musicals,fast,http://id.worldcat.org/fast/1199201,Hector (Legendary character),fast,http://id.worldcat.org/fast/954430,,,,,,,Oh Hector!,,varsityshow_ohh_001,Cover,,,1,0
Varsity Show Records,Varsity Show (Columbia University) (1929),conference,,,,Columbia University Players,corporate,,,,,,,,,,,,,,1929,,,1929,"Program cover for Varsity Show ""Oh, Hector!"" (1929)",,omeka_4193,still image,eng,https://exhibitions.cul.columbia.edu/exhibits/show/varsity-show/artwork/program,NNC-UA,marcorg,"Box 11, folder 1",,,UA#0106,varsity_100129012,,reformatted digital,"8"" x 10.5""",printed ephemera,aat,theater programs,,,,The,Varsity Show: A Columbia Tradition,http://www.columbia.edu/cgi-bin/cul/resolve?clio8225262,,,eng,,,College musicals,fast,http://id.worldcat.org/fast/1199201,Hector (Legendary character),fast,http://id.worldcat.org/fast/954430,,,,,,,Oh Hector!,,varsityshow_ohh,,,,1,0
Varsity Show Records,,,,,,Varsity Show (Columbia University) (1944),conference,,,,,,,,,,,,,,1944,,,1944,"Original poster for 1944 Varsity Show ""On the Double""",,omeka_4214,still image,eng,https://exhibitions.cul.columbia.edu/exhibits/show/varsity-show/history/evolution,NNC-UA,marcorg,"UA Flat Files Box 14, folder 3",,,Flat Files UA#0106,varsity_100129033,,reformatted digital,"14"" x 22""",posters,aat,posters,,,,The,Varsity Show: A Columbia Tradition,http://www.columbia.edu/cgi-bin/cul/resolve?clio8225262,,,eng,,,College musicals,fast,http://id.worldcat.org/fast/1199201,Sailors,fast,http://id.worldcat.org/fast/1103543,,,,,,,On The Double,,varsityshow_otd_000,,,,1,0
Varsity Show Records,,,,,,Varsity Show (Columbia University) (1944),conference,,,,,,,,,,,,,,1944,,,1944,"Original poster for 1944 Varsity Show ""On the Double""",,omeka_4214,still image,eng,https://exhibitions.cul.columbia.edu/exhibits/show/varsity-show/history/evolution,NNC-UA,marcorg,"UA Flat Files Box 14, folder 3",,,Flat Files UA#0106,varsity_100129033,,reformatted digital,"14"" x 22""",posters,aat,posters,,,,The,Varsity Show: A Columbia Tradition,http://www.columbia.edu/cgi-bin/cul/resolve?clio8225262,,,eng,,,College musicals,fast,http://id.worldcat.org/fast/1199201,Sailors,fast,http://id.worldcat.org/fast/1103543,,,,,,,On The Double,,varsityshow_otd,,,,1,0
Varsity Show Records,"Preston, Thomas",personal,ill,,,,,,,,,,,,,,,,,,1936-04,,,Apr-36,"Program cover for Varsity Show ""Off Your Marx"" (1936)",,omeka_4198,still image,eng,https://exhibitions.cul.columbia.edu/exhibits/show/varsity-show/pony/intro,NNC-UA,marcorg,"Box 11, folder 8",,,UA#0106,varsity_100129017,,reformatted digital,"9"" x 11.5""",printed ephemera,aat,theater programs,,,,The,Varsity Show: A Columbia Tradition,http://www.columbia.edu/cgi-bin/cul/resolve?clio8225262,,,eng,"The Columbia Jester, April 1936",,College musicals,fast,http://id.worldcat.org/fast/1199201,,,,"Marx, Karl, 1818-1883",naf,http://id.loc.gov/authorities/names/n79006935,,,,Off Your Marx,,varsityshow_oym_001,Cover,,,1,0
Varsity Show Records,"Preston, Thomas",personal,ill,,,,,,,,,,,,,,,,,,1936-04,,,Apr-36,"Program cover for Varsity Show ""Off Your Marx"" (1936)",,omeka_4198,still image,eng,https://exhibitions.cul.columbia.edu/exhibits/show/varsity-show/pony/intro,NNC-UA,marcorg,"Box 11, folder 8",,,UA#0106,varsity_100129017,,reformatted digital,"9"" x 11.5""",printed ephemera,aat,theater programs,,,,The,Varsity Show: A Columbia Tradition,http://www.columbia.edu/cgi-bin/cul/resolve?clio8225262,,,eng,"The Columbia Jester, April 1936",,College musicals,fast,http://id.worldcat.org/fast/1199201,,,,"Marx, Karl, 1818-1883",naf,http://id.loc.gov/authorities/names/n79006935,,,,Off Your Marx,,varsityshow_oym,,,,1,0
Varsity Show Records,,,,,,,,,,,,,,,,,,,,,1931,,,1931,"""Great Shakes"" (1931) pony ballet. ",,omeka_4208,still image,,https://exhibitions.cul.columbia.edu/exhibits/show/varsity-show/pony/intro,NNC-UA,marcorg,"Box 20, folder 3",,,UA Scan #1125,varsity_100129027,,reformatted digital,"8"" x 10""",photographs,aat,photographs,,,,The,Varsity Show: A Columbia Tradition,http://www.columbia.edu/cgi-bin/cul/resolve?clio8225262,,,eng,,,College musicals,fast,http://id.worldcat.org/fast/1199201,,,,,,,,,,Pony Ballet,,varsityshow_pba_000,,,,1,0
Varsity Show Records,,,,,,,,,,,,,,,,,,,,,1931,,,1931,"""Great Shakes"" (1931) pony ballet. ",,omeka_4208,still image,,https://exhibitions.cul.columbia.edu/exhibits/show/varsity-show/pony/intro,NNC-UA,marcorg,"Box 20, folder 3",,,UA Scan #1125,varsity_100129027,,reformatted digital,"8"" x 10""",photographs,aat,photographs,,,,The,Varsity Show: A Columbia Tradition,http://www.columbia.edu/cgi-bin/cul/resolve?clio8225262,,,eng,,,College musicals,fast,http://id.worldcat.org/fast/1199201,,,,,,,,,,Pony Ballet,,varsityshow_pba,,,,1,0
Varsity Show Records,Associated Press,corporate,,naf,http://id.loc.gov/authorities/names/n80075894,,,,,,,,,,,,,,,,1929,,,1929,"Chorus line known as pony ballet.Caption: ""Columbia men prepare ""Oh! Hector."" Here you have the chorus of the Columbia University Varsity show ""Oh! Hector""--pretty girls! You're wrong--this is a group of the variety of men who will take part in the production which will open March 5. RS 2/16/29""",,omeka_4207,still image,,https://exhibitions.cul.columbia.edu/exhibits/show/varsity-show/pony/intro,NNC-UA,marcorg,"Box 20, folder 1",,,UA Scan #1047,varsity_100129026,,reformatted digital,"8"" x 10""",photographs,aat,photographs,,,,The,Varsity Show: A Columbia Tradition,http://www.columbia.edu/cgi-bin/cul/resolve?clio8225262,,,eng,,,College musicals,fast,http://id.worldcat.org/fast/1199201,,,,,,,,,,Pony Ballet,,varsityshow_pbb_000,,,,1,0
Varsity Show Records,Associated Press,corporate,,naf,http://id.loc.gov/authorities/names/n80075894,,,,,,,,,,,,,,,,1929,,,1929,"Chorus line known as pony ballet.Caption: ""Columbia men prepare ""Oh! Hector."" Here you have the chorus of the Columbia University Varsity show ""Oh! Hector""--pretty girls! You're wrong--this is a group of the variety of men who will take part in the production which will open March 5. RS 2/16/29""",,omeka_4207,still image,,https://exhibitions.cul.columbia.edu/exhibits/show/varsity-show/pony/intro,NNC-UA,marcorg,"Box 20, folder 1",,,UA Scan #1047,varsity_100129026,,reformatted digital,"8"" x 10""",photographs,aat,photographs,,,,The,Varsity Show: A Columbia Tradition,http://www.columbia.edu/cgi-bin/cul/resolve?clio8225262,,,eng,,,College musicals,fast,http://id.worldcat.org/fast/1199201,,,,,,,,,,Pony Ballet,,varsityshow_pbb,,,,1,0
Varsity Show Records,,,,,,,,,,,,,,,,,,,,,1894,,,1894,Shepherd and Shepherdesses from right to left Roger H. Bacon '96; Victor W. Hungerford ' 95; E. H. Janes '95; Henry W. Bull '95; Wm. B. Crowell '95 Law; Foour Dancing Girls from right to left Wm. B. Crowell; Victor W. Hungerford; Henry W. Bull; Part of Ca,,omeka_4206,still image,,https://exhibitions.cul.columbia.edu/exhibits/show/varsity-show/history/beginnings,NNC-UA,marcorg,"Box 19, folder 1",,,UA Scan #0392,varsity_100129025,,reformatted digital,"7"" x 9""",photographs,aat,photographs,,,,The,Varsity Show: A Columbia Tradition,http://www.columbia.edu/cgi-bin/cul/resolve?clio8225262,,,eng,,,College musicals,fast,http://id.worldcat.org/fast/1199201,,,,,,,,,,Joan of Arc cast photo,,varsityshow_pho_000,,,,1,0
Varsity Show Records,,,,,,,,,,,,,,,,,,,,,1894,,,1894,Shepherd and Shepherdesses from right to left Roger H. Bacon '96; Victor W. Hungerford ' 95; E. H. Janes '95; Henry W. Bull '95; Wm. B. Crowell '95 Law; Foour Dancing Girls from right to left Wm. B. Crowell; Victor W. Hungerford; Henry W. Bull; Part of Ca,,omeka_4206,still image,,https://exhibitions.cul.columbia.edu/exhibits/show/varsity-show/history/beginnings,NNC-UA,marcorg,"Box 19, folder 1",,,UA Scan #0392,varsity_100129025,,reformatted digital,"7"" x 9""",photographs,aat,photographs,,,,The,Varsity Show: A Columbia Tradition,http://www.columbia.edu/cgi-bin/cul/resolve?clio8225262,,,eng,,,College musicals,fast,http://id.worldcat.org/fast/1199201,,,,,,,,,,Joan of Arc cast photo,,varsityshow_pho,,,,1,0
Varsity Show Records,"Gunn, Archie, 1863-1930",personal,art,naf,http://id.loc.gov/authorities/names/n2006057355,Varsity Show (Columbia University) (1909),conference,,naf,,,,,,,,,,,,1909,,,1909,"Original oversized poster for 1909 Varsity Show ""In Newport""",,omeka_4219,still image,eng,https://exhibitions.cul.columbia.edu/exhibits/show/varsity-show/artwork/posters,NNC-UA,marcorg,"UA Flat Files, Map Case, drawer 8",,,Flat Files UA#0106,varsity_100129038,,reformatted digital,"37"" x 25.5""",posters,aat,posters,,,,The,Varsity Show: A Columbia Tradition,http://www.columbia.edu/cgi-bin/cul/resolve?clio8225262,,,eng,,,College musicals,fast,http://id.worldcat.org/fast/1199201,,,,,,,,,,In Newport,,varsityshow_pos_000,,,,1,0
Varsity Show Records,"Gunn, Archie, 1863-1930",personal,art,naf,http://id.loc.gov/authorities/names/n2006057355,Varsity Show (Columbia University) (1909),conference,,naf,,,,,,,,,,,,1909,,,1909,"Original oversized poster for 1909 Varsity Show ""In Newport""",,omeka_4219,still image,eng,https://exhibitions.cul.columbia.edu/exhibits/show/varsity-show/artwork/posters,NNC-UA,marcorg,"UA Flat Files, Map Case, drawer 8",,,Flat Files UA#0106,varsity_100129038,,reformatted digital,"37"" x 25.5""",posters,aat,posters,,,,The,Varsity Show: A Columbia Tradition,http://www.columbia.edu/cgi-bin/cul/resolve?clio8225262,,,eng,,,College musicals,fast,http://id.worldcat.org/fast/1199201,,,,,,,,,,In Newport,,varsityshow_pos,,,,1,0
Varsity Show Records,"Frew, Joan",personal,ill,,,Varsity Show (Columbia University) (1916),conference,,,,Columbia University Players,corporate,,,,,,,,,1916,,,1916,"Program cover for Varsity Show, ""The Peace Pirates"" (1916)",,omeka_4186,still image,eng,https://exhibitions.cul.columbia.edu/exhibits/show/varsity-show/artwork/program,NNC-UA,marcorg,"Box 5, folder 9",,,UA#0106,varsity_100129005,,reformatted digital,"8"" x 10.5""",printed ephemera,aat,theater programs,,,,The,Varsity Show: A Columbia Tradition,http://www.columbia.edu/cgi-bin/cul/resolve?clio8225262,,,eng,,,College musicals,fast,http://id.worldcat.org/fast/1199201,,,,,,,,,,Peace Pirates,The,varsityshow_ppp_001,Cover,,,1,0
Varsity Show Records,"Frew, Joan",personal,ill,,,Varsity Show (Columbia University) (1916),conference,,,,Columbia University Players,corporate,,,,,,,,,1916,,,1916,"Program cover for Varsity Show, ""The Peace Pirates"" (1916)",,omeka_4186,still image,eng,https://exhibitions.cul.columbia.edu/exhibits/show/varsity-show/artwork/program,NNC-UA,marcorg,"Box 5, folder 9",,,UA#0106,varsity_100129005,,reformatted digital,"8"" x 10.5""",printed ephemera,aat,theater programs,,,,The,Varsity Show: A Columbia Tradition,http://www.columbia.edu/cgi-bin/cul/resolve?clio8225262,,,eng,,,College musicals,fast,http://id.worldcat.org/fast/1199201,,,,,,,,,,Peace Pirates,The,varsityshow_ppp,,,,1,0
Varsity Show Records,,,,,,,,,,,,,,,,,,,,,1963,,,1963,"Program cover for Varsity Show ""Elsinore!"" (1963)",,omeka_4200,still image,eng,https://exhibitions.cul.columbia.edu/exhibits/show/varsity-show/artwork/program,NNC-UA,marcorg,"Box 16, folder 13",,,UA#0106,varsity_100129019,,reformatted digital,"6"" x 9""",printed ephemera,aat,theater programs,,,,The,Varsity Show: A Columbia Tradition,http://www.columbia.edu/cgi-bin/cul/resolve?clio8225262,,,eng,"The Columbia Jester, 1963",,College musicals,fast,http://id.worldcat.org/fast/1199201,,,,,,,,,,Elsinore!,,varsityshow_pro_001,Cover,,,1,0
Varsity Show Records,,,,,,,,,,,,,,,,,,,,,1963,,,1963,"Program cover for Varsity Show ""Elsinore!"" (1963)",,omeka_4200,still image,eng,https://exhibitions.cul.columbia.edu/exhibits/show/varsity-show/artwork/program,NNC-UA,marcorg,"Box 16, folder 13",,,UA#0106,varsity_100129019,,reformatted digital,"6"" x 9""",printed ephemera,aat,theater programs,,,,The,Varsity Show: A Columbia Tradition,http://www.columbia.edu/cgi-bin/cul/resolve?clio8225262,,,eng,"The Columbia Jester, 1963",,College musicals,fast,http://id.worldcat.org/fast/1199201,,,,,,,,,,Elsinore!,,varsityshow_pro,,,,1,0
Varsity Show Records,"Gilbert T. Washburn & Co. (New York, N.Y.)",corporate,,,,Varsity Show (Columbia University)(1921),conference,,,,Player's Club of Columbia University,corporate,,,,,,,,,1921,,,1921,"Program cover for Varsity Show, ""You'll Never Know"" (1921)",,omeka_4187,still image,eng,https://exhibitions.cul.columbia.edu/exhibits/show/varsity-show/alums/rodgers,NNC-UA,marcorg,"Box 10, folder 3",,,UA#0106,varsity_100129006,,reformatted digital,"8"" x 10.5""",printed ephemera,aat,theater programs,,,,The,Varsity Show: A Columbia Tradition,http://www.columbia.edu/cgi-bin/cul/resolve?clio8225262,,,eng,,,College musicals,fast,http://id.worldcat.org/fast/1199201,,,,,,,,,,You'll Never Know,,varsityshow_psp_001,Cover,,,1,0
Varsity Show Records,"Gilbert T. Washburn & Co. (New York, N.Y.)",corporate,,,,Player's Club of Columbia University,corporate,,,,,,,,,,,,,,1921,,,1921,"Page of photos including Richard Rodgers (composer) and Lorenz Hart (lyricist) from 1921 Varsity Show program ""You'll Never Know""",,omeka_4189,still image,eng,https://exhibitions.cul.columbia.edu/exhibits/show/varsity-show/alums/rodgers,NNC-UA,marcorg,"Box 10, folder 3",,"Richard C.Rodgers, '23, Lorenz Hart, '17, Henry William Hanemann, '17, Herman Axelrod, '15",UA#0106,varsity_100129008,,reformatted digital,"8"" x 10.5""",printed ephemera,aat,theater programs,,,,The,Varsity Show: A Columbia Tradition,http://www.columbia.edu/cgi-bin/cul/resolve?clio8225262,,,eng,,,College musicals,fast,http://id.worldcat.org/fast/1199201,,,,,,,,,,You'll Never Know,,varsityshow_psp_002,Production staff photos,,,1,0
Varsity Show Records,"Gilbert T. Washburn & Co. (New York, N.Y.)",corporate,,,,Player's Club of Columbia University,corporate,,,,,,,,,,,,,,1921,,,1921,"Page of photos including Richard Rodgers (composer) and Lorenz Hart (lyricist) from 1921 Varsity Show program ""You'll Never Know""",,omeka_4189,still image,eng,https://exhibitions.cul.columbia.edu/exhibits/show/varsity-show/alums/rodgers,NNC-UA,marcorg,"Box 10, folder 3",,"Richard C.Rodgers, '23, Lorenz Hart, '17, Henry William Hanemann, '17, Herman Axelrod, '15",UA#0106,varsity_100129008,,reformatted digital,"8"" x 10.5""",printed ephemera,aat,theater programs,,,,The,Varsity Show: A Columbia Tradition,http://www.columbia.edu/cgi-bin/cul/resolve?clio8225262,,,eng,,,College musicals,fast,http://id.worldcat.org/fast/1199201,,,,,,,,,,You'll Never Know,,varsityshow_psp,,,,1,0
Varsity Show Records,"Gilbert T. Washburn & Co. (New York, N.Y.)",corporate,,,,Player's Club of Columbia University,corporate,,,,,,,,,,,,,,1921,,,1921,"Page of photos including Oscar Hammerstein from 1921 Varsity Show program ""You'll Never Know""",,omeka_4188,still image,eng,https://exhibitions.cul.columbia.edu/exhibits/show/varsity-show/alums/rodgers,NNC-UA,marcorg,"Box 10, folder 3",,"Frederick W. Henderson, '21, Oscar Hammerstein 2nd, '16, A. E. Rhinehart, '14, Herbert Fields",UA#0106,varsity_100129007,,reformatted digital,"8"" x 10.5""",printed ephemera,aat,theater programs,,,,The,Varsity Show: A Columbia Tradition,http://www.columbia.edu/cgi-bin/cul/resolve?clio8225262,,,eng,,,College musicals,fast,http://id.worldcat.org/fast/1199201,,,,,,,,,,You'll Never Know,,varsityshow_psp_003,Production staff photos,,,1,0
Varsity Show Records,Varsity Show (Columbia University) (1909),conference,,naf,"http://id.loc.gov/authorities/names/no2014169179
",,,,,,,,,,,,,,,,1909,,,1909,"Printed poster advertising 1909 Varsity Show ""In Newport"" featuring the image of a can can girl.",,omeka_4218,still image,eng,https://exhibitions.cul.columbia.edu/exhibits/show/varsity-show/artwork/posters,NNC-UA,marcorg,"UA Flat Files, Map Case, drawer 8",,,Flat Files UA#0106,varsity_100129037,,reformatted digital,"22.25"" x 14""",posters,aat,posters,,,,The,Varsity Show: A Columbia Tradition,http://www.columbia.edu/cgi-bin/cul/resolve?clio8225262,,,eng,,,College musicals,fast,http://id.worldcat.org/fast/1199201,Dancers,fast,http://id.worldcat.org/fast/887581,,,,,,,In Newport,,varsityshow_pst_000,,,,1,0
Varsity Show Records,Varsity Show (Columbia University) (1909),conference,,naf,"http://id.loc.gov/authorities/names/no2014169179
",,,,,,,,,,,,,,,,1909,,,1909,"Printed poster advertising 1909 Varsity Show ""In Newport"" featuring the image of a can can girl.",,omeka_4218,still image,eng,https://exhibitions.cul.columbia.edu/exhibits/show/varsity-show/artwork/posters,NNC-UA,marcorg,"UA Flat Files, Map Case, drawer 8",,,Flat Files UA#0106,varsity_100129037,,reformatted digital,"22.25"" x 14""",posters,aat,posters,,,,The,Varsity Show: A Columbia Tradition,http://www.columbia.edu/cgi-bin/cul/resolve?clio8225262,,,eng,,,College musicals,fast,http://id.worldcat.org/fast/1199201,Dancers,fast,http://id.worldcat.org/fast/887581,,,,,,,In Newport,,varsityshow_pst,,,,1,0
Varsity Show Records,,,,,,,,,,,,,,,,,,,,,1909,,,1909,"Original pen and ink sketch of a can can girl for use in a poster advertising the 1909 Varsity Show ""In Newport""",,omeka_4217,still image,,https://exhibitions.cul.columbia.edu/exhibits/show/varsity-show/artwork/posters,NNC-UA,marcorg,"UA Flat Files Box 4, folder 1",,,Flat Files UA#0106,varsity_100129036,,reformatted digital,"13.5"" x 10.75""",drawings,gmgpc,drawings (visual works),,,,The,Varsity Show: A Columbia Tradition,http://www.columbia.edu/cgi-bin/cul/resolve?clio8225262,,,eng,,,College musicals,fast,http://id.worldcat.org/fast/1199201,Dancers,fast,http://id.worldcat.org/fast/887581,,,,,,,Pen sketch of can can girl for In Newport poster,,varsityshow_skh_000,,,,1,0
Varsity Show Records,,,,,,,,,,,,,,,,,,,,,1909,,,1909,"Original pen and ink sketch of a can can girl for use in a poster advertising the 1909 Varsity Show ""In Newport""",,omeka_4217,still image,,https://exhibitions.cul.columbia.edu/exhibits/show/varsity-show/artwork/posters,NNC-UA,marcorg,"UA Flat Files Box 4, folder 1",,,Flat Files UA#0106,varsity_100129036,,reformatted digital,"13.5"" x 10.75""",drawings,gmgpc,drawings (visual works),,,,The,Varsity Show: A Columbia Tradition,http://www.columbia.edu/cgi-bin/cul/resolve?clio8225262,,,eng,,,College musicals,fast,http://id.worldcat.org/fast/1199201,Dancers,fast,http://id.worldcat.org/fast/887581,,,,,,,Pen sketch of can can girl for In Newport poster,,varsityshow_skh,,,,1,0
Varsity Show Records,,,,naf,,Varsity Show (Columbia University) (1991),conference,,,,,,,,,,,,,,1991,,,1991,"Program cover for Varsity Show ""The Silence of the Lions"" (1991)",,omeka_4202,still image,eng,https://exhibitions.cul.columbia.edu/exhibits/show/varsity-show/artwork/program,NNC-UA,marcorg,"Box 17, folder 3",,,UA#0106,varsity_100129021,,reformatted digital,"8.5"" x 5.5""",printed ephemera,aat,theater programs,,,,The,Varsity Show: A Columbia Tradition,http://www.columbia.edu/cgi-bin/cul/resolve?clio8225262,,,eng,,,College musicals,fast,http://id.worldcat.org/fast/1199201,,,,,,,,,,Silence of the Lions,The,varsityshow_sol_001,Cover,,,1,0
Varsity Show Records,,,,naf,,Varsity Show (Columbia University) (1991),conference,,,,,,,,,,,,,,1991,,,1991,"Program cover for Varsity Show ""The Silence of the Lions"" (1991)",,omeka_4202,still image,eng,https://exhibitions.cul.columbia.edu/exhibits/show/varsity-show/artwork/program,NNC-UA,marcorg,"Box 17, folder 3",,,UA#0106,varsity_100129021,,reformatted digital,"8.5"" x 5.5""",printed ephemera,aat,theater programs,,,,The,Varsity Show: A Columbia Tradition,http://www.columbia.edu/cgi-bin/cul/resolve?clio8225262,,,eng,,,College musicals,fast,http://id.worldcat.org/fast/1199201,,,,,,,,,,Silence of the Lions,The,varsityshow_sol,,,,1,0
Varsity Show Records,"Bruzza, G.",personal,ill,,,,,,,,,,,,,,,,,,1937,,,1937,"Program cover for Varsity Show ""Some of the People"" (1937)",,omeka_4199,still image,eng,https://exhibitions.cul.columbia.edu/exhibits/show/varsity-show/artwork/program,NNC-UA,marcorg,"Box 11, folder 9",,,UA#0106,varsity_100129018,,reformatted digital,"11.75"" x 8.75""",printed ephemera,aat,theater programs,,,,The,Varsity Show: A Columbia Tradition,http://www.columbia.edu/cgi-bin/cul/resolve?clio8225262,,,eng,"The Columbia Jester, 1937",,College musicals,fast,http://id.worldcat.org/fast/1199201,,,,,,,,,,Some of the People,,varsityshow_sop_001,Cover,,,1,0
Varsity Show Records,"Bruzza, G.",personal,ill,,,,,,,,,,,,,,,,,,1937,,,1937,"Program cover for Varsity Show ""Some of the People"" (1937)",,omeka_4199,still image,eng,https://exhibitions.cul.columbia.edu/exhibits/show/varsity-show/artwork/program,NNC-UA,marcorg,"Box 11, folder 9",,,UA#0106,varsity_100129018,,reformatted digital,"11.75"" x 8.75""",printed ephemera,aat,theater programs,,,,The,Varsity Show: A Columbia Tradition,http://www.columbia.edu/cgi-bin/cul/resolve?clio8225262,,,eng,"The Columbia Jester, 1937",,College musicals,fast,http://id.worldcat.org/fast/1199201,,,,,,,,,,Some of the People,,varsityshow_sop,,,,1,0
Varsity Show Records,,,,,,Varsity Show (Columbia University) (1954),conference,,,,,,,,,,,,,,1954,,,1954,"Original poster (w/glitter) for 1954 Varsity Show ""The Sky's The Limit""",,omeka_4211,still image,eng,https://exhibitions.cul.columbia.edu/exhibits/show/varsity-show/history/evolution,NNC-UA,marcorg,"UA Flat Files Box 14, folder 2",,,Flat Files UA#0106,varsity_100129030,,reformatted digital,"18"" x 14""",posters,aat,posters,,,,The,Varsity Show: A Columbia Tradition,http://www.columbia.edu/cgi-bin/cul/resolve?clio8225262,,,eng,,,College musicals,fast,http://id.worldcat.org/fast/1199201,,,,,,,,,,Sky's The Limit,The,varsityshow_stl_000,,,,1,0
Varsity Show Records,,,,,,Varsity Show (Columbia University) (1954),conference,,,,,,,,,,,,,,1954,,,1954,"Original poster (w/glitter) for 1954 Varsity Show ""The Sky's The Limit""",,omeka_4211,still image,eng,https://exhibitions.cul.columbia.edu/exhibits/show/varsity-show/history/evolution,NNC-UA,marcorg,"UA Flat Files Box 14, folder 2",,,Flat Files UA#0106,varsity_100129030,,reformatted digital,"18"" x 14""",posters,aat,posters,,,,The,Varsity Show: A Columbia Tradition,http://www.columbia.edu/cgi-bin/cul/resolve?clio8225262,,,eng,,,College musicals,fast,http://id.worldcat.org/fast/1199201,,,,,,,,,,Sky's The Limit,The,varsityshow_stl,,,,1,0
Varsity Show Records,"Harrison, Henry Sydnor, 1880-1930",personal,bkd,naf,http://id.loc.gov/authorities/names/no96015562,"Cane, Melville Henry, 1879-1980",personal,lyr,naf,http://id.loc.gov/authorities/names/n50051530,"Erskine, John, 1879-1951",personal,cmp,naf,http://id.loc.gov/authorities/names/n50012296,,,,,,1900,,,1900,"Libretto cover for  Varsity Show, ""The Governor's Vrouw"" (1900)",,omeka_4185,still image,eng,https://exhibitions.cul.columbia.edu/exhibits/show/varsity-show/history/beginnings,NNC-UA,marcorg,"Box 1, folder 6",,,UA#0106,varsity_100129004,,reformatted digital,"10"" x 7""",printed ephemera,aat,librettos,,,,The,Varsity Show: A Columbia Tradition,http://www.columbia.edu/cgi-bin/cul/resolve?clio8225262,,,eng,,,College musicals,fast,http://id.worldcat.org/fast/1199201,,,,,,,,,,Governor's Vrouw,,varsityshow_tgv_001,Cover,,,1,0
Varsity Show Records,"Harrison, Henry Sydnor, 1880-1930",personal,bkd,naf,http://id.loc.gov/authorities/names/no96015562,"Cane, Melville Henry, 1879-1980",personal,lyr,naf,http://id.loc.gov/authorities/names/n50051530,"Erskine, John, 1879-1951",personal,cmp,naf,http://id.loc.gov/authorities/names/n50012296,,,,,,1900,,,1900,"Libretto cover for  Varsity Show, ""The Governor's Vrouw"" (1900)",,omeka_4185,still image,eng,https://exhibitions.cul.columbia.edu/exhibits/show/varsity-show/history/beginnings,NNC-UA,marcorg,"Box 1, folder 6",,,UA#0106,varsity_100129004,,reformatted digital,"10"" x 7""",printed ephemera,aat,librettos,,,,The,Varsity Show: A Columbia Tradition,http://www.columbia.edu/cgi-bin/cul/resolve?clio8225262,,,eng,,,College musicals,fast,http://id.worldcat.org/fast/1199201,,,,,,,,,,Governor's Vrouw,,varsityshow_tgv,,,,1,0
Varsity Show Records,"Ford, Corey, 1902-1969",personal,aut,naf,http://id.loc.gov/authorities/names/n50024813,,,,,,,,,,,,,,,,1923,,,1923,"Side by side text of lyrics from ""Bold Buccaneers"" and ""Roar Lion Roar"" - which used the same music as ""Bold Buccaneers"" ",,omeka_4190,still image,eng,https://exhibitions.cul.columbia.edu/exhibits/show/varsity-show/song/roar,NNC-UA,marcorg,"Box 10, folder 5",,"Corey Ford, Class of 1923",UA#0106,varsity_100129009,,reformatted digital,"7.5"" x 6""",printed ephemera,aat,songs,,,,The,Varsity Show: A Columbia Tradition,http://www.columbia.edu/cgi-bin/cul/resolve?clio8225262,,,eng,,,College musicals,fast,http://id.worldcat.org/fast/1199201,Students' songs,fast,http://id.worldcat.org/fast/1136161,,,,,,,"""Bold Buccaneers"" and ""Roar Lion Roar""",,varsityshow_txt_000,,,,1,0
Varsity Show Records,"Ford, Corey, 1902-1969",personal,aut,naf,http://id.loc.gov/authorities/names/n50024813,,,,,,,,,,,,,,,,1923,,,1923,"Side by side text of lyrics from ""Bold Buccaneers"" and ""Roar Lion Roar"" - which used the same music as ""Bold Buccaneers"" ",,omeka_4190,still image,eng,https://exhibitions.cul.columbia.edu/exhibits/show/varsity-show/song/roar,NNC-UA,marcorg,"Box 10, folder 5",,"Corey Ford, Class of 1923",UA#0106,varsity_100129009,,reformatted digital,"7.5"" x 6""",printed ephemera,aat,songs,,,,The,Varsity Show: A Columbia Tradition,http://www.columbia.edu/cgi-bin/cul/resolve?clio8225262,,,eng,,,College musicals,fast,http://id.worldcat.org/fast/1199201,Students' songs,fast,http://id.worldcat.org/fast/1136161,,,,,,,"""Bold Buccaneers"" and ""Roar Lion Roar""",,varsityshow_txt,,,,1,0
Varsity Show Records,Varsity Show (Columbia University) (1955),conference,,,,,,,,,,,,,,,,,,,1955,,,1955,"Original poster (w/glitter) for 1955 Varsity Show ""When in Rome""",,omeka_4212,still image,eng,https://exhibitions.cul.columbia.edu/exhibits/show/varsity-show/pony/intro,NNC-UA,marcorg,"UA Flat Files Box 14, folder 2",,,Flat Files UA#0106,varsity_100129031,,reformatted digital,"18"" x 14""",posters,aat,posters,,,,The,Varsity Show: A Columbia Tradition,http://www.columbia.edu/cgi-bin/cul/resolve?clio8225262,,,eng,,,College musicals,fast,http://id.worldcat.org/fast/1199201,,,,,,,,,,When in Rome,,varsityshow_wir_000,,,,1,0
Varsity Show Records,Varsity Show (Columbia University) (1955),conference,,,,,,,,,,,,,,,,,,,1955,,,1955,"Original poster (w/glitter) for 1955 Varsity Show ""When in Rome""",,omeka_4212,still image,eng,https://exhibitions.cul.columbia.edu/exhibits/show/varsity-show/pony/intro,NNC-UA,marcorg,"UA Flat Files Box 14, folder 2",,,Flat Files UA#0106,varsity_100129031,,reformatted digital,"18"" x 14""",posters,aat,posters,,,,The,Varsity Show: A Columbia Tradition,http://www.columbia.edu/cgi-bin/cul/resolve?clio8225262,,,eng,,,College musicals,fast,http://id.worldcat.org/fast/1199201,,,,,,,,,,When in Rome,,varsityshow_wir,,,,1,0
Varsity Show Records,,,,,,Varsity Show (Columbia University) (1938),conference,,naf,,,,,,,,,,,,1938,,,1938,"Original poster for 1938 Varsity Show ""You've Got Something There""",,omeka_4213,still image,eng,https://exhibitions.cul.columbia.edu/exhibits/show/varsity-show/artwork/posters,NNC-UA,marcorg,"UA Flat Files Box 14, folder 3",,,Flat Files UA#0106,varsity_100129032,,reformatted digital,"22.5"" x 14""",posters,aat,posters,,,,The,Varsity Show: A Columbia Tradition,http://www.columbia.edu/cgi-bin/cul/resolve?clio8225262,,,eng,,,College musicals,fast,http://id.worldcat.org/fast/1199201,,,,,,,,,,You've Got Something There poster,,varsityshow_ygs_000,,,,1,0
Varsity Show Records,,,,,,Varsity Show (Columbia University) (1938),conference,,naf,,,,,,,,,,,,1938,,,1938,"Original poster for 1938 Varsity Show ""You've Got Something There""",,omeka_4213,still image,eng,https://exhibitions.cul.columbia.edu/exhibits/show/varsity-show/artwork/posters,NNC-UA,marcorg,"UA Flat Files Box 14, folder 3",,,Flat Files UA#0106,varsity_100129032,,reformatted digital,"22.5"" x 14""",posters,aat,posters,,,,The,Varsity Show: A Columbia Tradition,http://www.columbia.edu/cgi-bin/cul/resolve?clio8225262,,,eng,,,College musicals,fast,http://id.worldcat.org/fast/1199201,,,,,,,,,,You've Got Something There poster,,varsityshow_ygs,,,,1,0
Varsity Show Records,Wade,personal,cov,,,Varsity Show (Columbia University) (1921),conference,,,,,,,,,,,,,,1921,,,1921,"Original poster for 1921 Varsity Show ""You'll Never Know""",,omeka_4209,still image,eng,https://exhibitions.cul.columbia.edu/exhibits/show/varsity-show/artwork/posters,NNC-UA,marcorg,"UA Flat Files Box 13, folder 3",,,Flat Files UA#0106,varsity_100129028,,reformatted digital,"15.5"" x 11""",posters,aat,posters,,,,The,Varsity Show: A Columbia Tradition,http://www.columbia.edu/cgi-bin/cul/resolve?clio8225262,,,eng,,,College musicals,fast,http://id.worldcat.org/fast/1199201,,,,,,,,,,You'll Never Know,,varsityshow_ynk_000,,,,1,0
Varsity Show Records,Wade,personal,cov,,,Varsity Show (Columbia University) (1921),conference,,,,,,,,,,,,,,1921,,,1921,"Original poster for 1921 Varsity Show ""You'll Never Know""",,omeka_4209,still image,eng,https://exhibitions.cul.columbia.edu/exhibits/show/varsity-show/artwork/posters,NNC-UA,marcorg,"UA Flat Files Box 13, folder 3",,,Flat Files UA#0106,varsity_100129028,,reformatted digital,"15.5"" x 11""",posters,aat,posters,,,,The,Varsity Show: A Columbia Tradition,http://www.columbia.edu/cgi-bin/cul/resolve?clio8225262,,,eng,,,College musicals,fast,http://id.worldcat.org/fast/1199201,,,,,,,,,,You'll Never Know,,varsityshow_ynk,,,,1,0
Varsity Show Records,,,,,,Varsity Show (Columbia University) (1938),conference,,naf,,Columbia University Players,corporate,,,,,,,,,1938,,,1938,"Program cover for Varsity Show ""You've Got Something There"" (1938)",,omeka_4194,still image,eng,https://exhibitions.cul.columbia.edu/exhibits/show/varsity-show/alums/diamond,NNC-UA,marcorg,"Box 11, folder 10",,,UA#0106,varsity_100129013,,reformatted digital,"9"" x 11.5""",printed ephemera,aat,theater programs,,,,The,Varsity Show: A Columbia Tradition,http://www.columbia.edu/cgi-bin/cul/resolve?clio8225262,,,eng,"The Columbia Jester, 1938",,College musicals,fast,http://id.worldcat.org/fast/1199201,,,,,,,,,,You've Got Something There program cover,,varsityshow_yvg_001,Cover,,,1,0
Varsity Show Records,,,,,,Varsity Show (Columbia University) (1938),conference,,naf,,Columbia University Players,corporate,,,,,,,,,1938,,,1938,"Program cover for Varsity Show ""You've Got Something There"" (1938)",,omeka_4194,still image,eng,https://exhibitions.cul.columbia.edu/exhibits/show/varsity-show/alums/diamond,NNC-UA,marcorg,"Box 11, folder 10",,,UA#0106,varsity_100129013,,reformatted digital,"9"" x 11.5""",printed ephemera,aat,theater programs,,,,The,Varsity Show: A Columbia Tradition,http://www.columbia.edu/cgi-bin/cul/resolve?clio8225262,,,eng,"The Columbia Jester, 1938",,College musicals,fast,http://id.worldcat.org/fast/1199201,,,,,,,,,,You've Got Something There program cover,,varsityshow_yvg,,,,1,0
Varsity Show Records,Varsity Show (Columbia University) (1928),conference,,naf,http://id.loc.gov/authorities/names/no2014167390,Columbia University Players,corporate,,,,,,,,,,,,,,1928,,,1928,"Program cover for Varsity Show, ""Zuleika"" (1928)",,omeka_4192,still image,eng,https://exhibitions.cul.columbia.edu/exhibits/show/varsity-show/history/beginnings,NNC-UA,marcorg,"Box 10, folder 10",,,UA#0106,varsity_100129011,,reformatted digital,"8"" x 10.5""",printed ephemera,aat,theater programs,,,,The,Varsity Show: A Columbia Tradition,http://www.columbia.edu/cgi-bin/cul/resolve?clio8225262,,,eng,,,College musicals,fast,http://id.worldcat.org/fast/1199201,,,,,,,,,,Zuleika program cover,,varsityshow_zul_001,Cover,,,1,0
Varsity Show Records,Varsity Show (Columbia University) (1928),conference,,naf,http://id.loc.gov/authorities/names/no2014167390,Columbia University Players,corporate,,,,,,,,,,,,,,1928,,,1928,"Program cover for Varsity Show, ""Zuleika"" (1928)",,omeka_4192,still image,eng,https://exhibitions.cul.columbia.edu/exhibits/show/varsity-show/history/beginnings,NNC-UA,marcorg,"Box 10, folder 10",,,UA#0106,varsity_100129011,,reformatted digital,"8"" x 10.5""",printed ephemera,aat,theater programs,,,,The,Varsity Show: A Columbia Tradition,http://www.columbia.edu/cgi-bin/cul/resolve?clio8225262,,,eng,,,College musicals,fast,http://id.worldcat.org/fast/1199201,,,,,,,,,,Zuleika program cover,,varsityshow_zul,,,,1,0
