item - public,item - itemId,item - featured,item - MODS - FormGenre,item - MODS - KeyDate - Single/Start,item - MODS - KeyDate - End,item - MODS - TypeofDate,item - DublinCore - Source,item - DublinCore - Title,item - DublinCore - Title - Whole,item - DublinCore - Title - Part,item - DublinCore - Subject 1,item - DublinCore - Subject 2,item - DublinCore - Date,item - DublinCore - Coverage,item - DublinCore - Creator 1,item - DublinCore - Creator 2,item - DublinCore - Language,item - DublinCore - Description,item - DublinCore - Publisher,item - AdditionalItemMetadata - Provenance ,item - AdditionalItemMetadata - TemporalCoverage,item - AdditionalItemMetadata - RightsHolder,item - OriginalFileLoadedIntoOmeka 1,item - OriginalFileLoadedIntoOmeka 2,item - MODS - DigitalOrigin,item - MODS - RepositoryName,item - MODS - RepositoryName - code,item - MODS - LanguageofCataloging,item - MODS - PublicationDate,item - MODS - ShelfLocation,item - MODS - PublicationPlace,item - MODS - Collection,item - OmekaCollection,item - ItemType,item - ItemType - text,item - ItemInContext,project URL
1,6681,0,photographs,1889,,,,"Photograph of Edith Louise and Joseph Pulitzer, Jr.","Photograph of Edith Louise and Joseph Pulitzer, Jr.",,"Pulitzer, Edith Louise","Pulitzer, Joseph, 1885-1955",1889,,"Kurtz, William, 1833-1904",,eng,,,"Gift of Joseph Pulitzer, Jr.",,,original filename: Pulitzer Youngest Children 006.jpg,,reformatted digital,"Rare Book & Manuscript Library, Columbia University",NNC-RB,eng,1889,"World Papers, Box 10",New York (N.Y.),World records,Joseph Pulitzer and The World,still image,,https://exhibitions.cul.columbia.edu/index.php/exhibits/show/pulitzer/pulitzer-family/family,http://www.columbia.edu/cgi-bin/cul/resolve?clio9225138
1,6601,0,books,1924,,,,Joseph Pulitzer His Life & Letters,Joseph Pulitzer His Life & Letters,,"Pulitzer, Joseph, 1847-1911",,1924,,"Seitz, Don Carlos, 1862-1935",,eng,,"Simon and Schuster, inc.",,,,original filename: Seitz Biography.jpg,,reformatted digital,"Rare Book & Manuscript Library, Columbia University",NNC-RB,eng,1924,,New York,,Joseph Pulitzer and The World,still image,,https://exhibitions.cul.columbia.edu/index.php/exhibits/show/pulitzer/pulitzer-biographies/pulitzer-biographies,http://www.columbia.edu/cgi-bin/cul/resolve?clio9225138
1,6600,0,books,1931,,,,End of The World. Cover,End of The World,Cover,"World (New York, N.Y. : 1860-1931)",,1931,,"Barrett, James Wyman, 1885-",,eng,,Harper & Brothers,,,,original filename: End_of_the_World1.jpg,,reformatted digital,"Rare Book & Manuscript Library, Columbia University",NNC-RB,eng,1931,Box 60,New York,Joseph Pulitzer papers,Joseph Pulitzer and The World,still image,,https://exhibitions.cul.columbia.edu/index.php/exhibits/show/pulitzer/the-end-of-the-world/end-and-demolition,http://www.columbia.edu/cgi-bin/cul/resolve?clio9225138
1,6499,0,photographs,1873,,,St. Louis Post-Dispatch,Joseph and Albert Pulitzer,Joseph and Albert Pulitzer,,"Pulitzer, Joseph, 1847-1911","Pulitzer, Albert",1873,,,,,Photograph of Joseph and Albert Pulitzer,,,,St. Louis Post-Dispatch,original filename: joseph & albert1.jpg,,reformatted digital,Non-Columbia Location,Non-CUL,eng,1873,,New York,,Joseph Pulitzer and The World,still image,,https://exhibitions.cul.columbia.edu/index.php/exhibits/show/pulitzer/pulitzer-family/family,http://www.columbia.edu/cgi-bin/cul/resolve?clio9225138
1,6498,0,books,2010,,,,"Pulitzer, A Life in Politics, Print, and Power. Front cover","Pulitzer, A Life in Politics, Print, and Power",Front cover,"Pulitzer, Joseph, 1847-1911",,2010,,"Morris, James McGrath",,eng,,Harper,,,,original filename: Pulitzer Morris DJ.jpg,,reformatted digital,"Rare Book & Manuscript Library, Columbia University",NNC-RB,eng,2010,,New York,,Joseph Pulitzer and The World,still image,,https://exhibitions.cul.columbia.edu/index.php/exhibits/show/pulitzer/pulitzer-biographies/pulitzer-biographies,http://www.columbia.edu/cgi-bin/cul/resolve?clio9225138
1,6497,0,photographs,1905-06,,,,Portrait of Joseph Pulitzer,Portrait of Joseph Pulitzer,,"Pulitzer, Joseph, 1847-1911",,"June, 1905",,"Sargent, John Singer, 1856-1925",,eng,,Jean Paul Torno,"Photography: Jean Paul Torno
Private Collection",,Private Collection,original filename: Sargent Portrait.jpg,,reformatted digital,Non-Columbia Location,Non-CUL,eng,1905-06,,,,Joseph Pulitzer and The World,still image,Original Format: Oil painting,https://exhibitions.cul.columbia.edu/index.php/exhibits/show/pulitzer/pulitzer-family/family-portraits,http://www.columbia.edu/cgi-bin/cul/resolve?clio9225138
1,6496,0,photographs,1955,,,,World Building interior,World Building interior,,"World (New York, N.Y. : 1860-1931)",,1955,,,,,"Photograph of World Building interior showing stained glass window ""Liberty Lighting the World""",,,,,original filename: World bldg inside1.jpg,,reformatted digital,Non-Columbia Location,Non-CUL,eng,,,,,Joseph Pulitzer and The World,still image,,https://exhibitions.cul.columbia.edu/index.php/exhibits/show/pulitzer/the-end-of-the-world/end-and-demolition,http://www.columbia.edu/cgi-bin/cul/resolve?clio9225138
1,6495,0,photographs,1912,,,,Dedication of the Columbia School of Journalism,Dedication of the Columbia School of Journalism,,Columbia University. School of Journalism,,1912,,,,,"Photograph of the Dedication of the Columbia School of Journalism, Nicholas Murray Butler and bust of Joseph Pulitzer by August Rodin",,,,,original filename: Rodin Bust and officials1.jpg,,reformatted digital,"University Archives, Columbia University",NNC-UA,eng,1912,,,,Joseph Pulitzer and The World,still image,,https://exhibitions.cul.columbia.edu/index.php/exhibits/show/pulitzer/philanthropy/school-of-journalism,http://www.columbia.edu/cgi-bin/cul/resolve?clio9225138
1,6494,0,photographs,1955,,,,Opening of the Cornerstone Box,Opening of the Cornerstone Box,,,,1955,,,,,"Photograph of the Opening of the Cornerstone Box, World Building",,"Library of Congress, New York World-Telegram & Sun Collection",,"Library of Congress, New York World-Telegram & Sun Collection",original filename: Cornerstone box opening2.jpg,,reformatted digital,Non-Columbia Location,Non-CUL,eng,1955,,,,Joseph Pulitzer and The World,still image,,https://exhibitions.cul.columbia.edu/index.php/exhibits/show/pulitzer/the-end-of-the-world/end-and-demolition,http://www.columbia.edu/cgi-bin/cul/resolve?clio9225138
1,6493,0,photographs,1889,,,,World Room Window in the Journalism building,World Room Window in the Journalism building,,Columbia University. School of Journalism,,1889,,"Heinigke & Bowen, New York",,eng,"Stained glass window created for World Building, ""Liberty Lighting the World""; World Room, Journalism School",,Eileen Barroso,,Eileen Barroso,original filename: World Room stained glass window3.jpg,,reformatted digital,Non-Columbia Location,Non-CUL,eng,,,,,Joseph Pulitzer and The World,still image,,https://exhibitions.cul.columbia.edu/index.php/exhibits/show/pulitzer/the-world-building/world-building-window,http://www.columbia.edu/cgi-bin/cul/resolve?clio9225138
1,3015,0,pamphlets,1910-01,,,,"Circuit Court of the United States, Southern District of New York, United States of America v. Press Publishing Company, Indictment for Publishing a Libel","Circuit Court of the United States, Southern District of New York, United States of America v. Press Publishing Company, Indictment for Publishing a Libel",,,,"January, 1910",New York,"DeLancey, Nicoll",,eng,,Evening Post Job Printing Office,Gift of Mrs. Ann Satterthwaite,1910-01,,original filename: pulitzer_100018090,,reformatted digital,"Rare Book & Manuscript Library, Columbia University",NNC-RB,eng,,Box 12,,William McMurtrie papers,Joseph Pulitzer and The World,still image,Original Format: Printed pamphlet,https://exhibitions.cul.columbia.edu/index.php/exhibits/show/pulitzer/politics/panama-canal-libel-case,http://www.columbia.edu/cgi-bin/cul/resolve?clio9225138
1,3014,0,drawings,1910-01,,,,"Pen and ink drawing, inscribed to William McMurtrie Speer","Pen and ink drawing, inscribed to William McMurtrie Speer",,,,"January, 1910",New York,,,eng,,,Gift of Mrs. Ann Satterthwaite,1910-01,,original filename: pulitzer_100018089,,reformatted digital,"Rare Book & Manuscript Library, Columbia University",NNC-RB,eng,,,,William McMurtrie papers,Joseph Pulitzer and The World,still image,Original Format: Drawing,https://exhibitions.cul.columbia.edu/index.php/exhibits/show/pulitzer/politics/panama-canal-libel-case,http://www.columbia.edu/cgi-bin/cul/resolve?clio9225138
1,3013,0,correspondence,1911-11-02,,,,"Typescript, carbon, letter to Editors, New York World","Typescript, carbon, letter to Editors, New York World",,,,"1911, November 2",New York,"McMurran, C. W.",,eng,,,"Gift of Joseph Pulitzer, Jr.",1911-11-02,,original filename: pulitzer_100018088,,reformatted digital,"Rare Book & Manuscript Library, Columbia University",NNC-RB,eng,,Box 56,,Joseph Pulitzer papers,Joseph Pulitzer and The World,still image,"Original Format: Typed letter, signed",,http://www.columbia.edu/cgi-bin/cul/resolve?clio9225138
1,3012,0,correspondence,1911-11-02,,,,"Typed letter, signed, to Mr. Thwaites, enclosing letter to Editors","Typed letter, signed, to Mr. Thwaites, enclosing letter to Editors",,,,"1911, November 2",New York,"McMurran, C. W.",,eng,,,"Gift of Joseph Pulitzer, Jr.",1911-11-02,,original filename: pulitzer_100018087,,reformatted digital,"Rare Book & Manuscript Library, Columbia University",NNC-RB,eng,,Box 56,,Joseph Pulitzer papers,Joseph Pulitzer and The World,still image,"Original Format: Typed letter, signed",https://exhibitions.cul.columbia.edu/index.php/exhibits/show/pulitzer/the-end-of-the-world/death-of-joseph-pulitzer,http://www.columbia.edu/cgi-bin/cul/resolve?clio9225138
1,3011,0,drawings,1886-11-06,,,,Harpers Weekly illustration Dedication of Statue of Liberty,Harpers Weekly illustration Dedication of Statue of Liberty,,,,"November 6, 1886",New York,,,,,,,1886-11-06,,original filename: pulitzer_100018086,,reformatted digital,"Rare Book & Manuscript Library, Columbia University",NNC-RB,eng,,,,,Joseph Pulitzer and The World,still image,Original Format: Magazine Tearsheet,https://exhibitions.cul.columbia.edu/index.php/exhibits/show/pulitzer/the-statue-of-liberty/statue-of-liberty,http://www.columbia.edu/cgi-bin/cul/resolve?clio9225138
1,3010,0,correspondence,1887,,inferred,,Autograph letter signed by A. Rubin. Page 2,Autograph letter signed by A. Rubin,Page 2,,,[1887],Paris (France),"Rubin, A.",,eng,,,"Gift of Joseph Pulitzer, Jr.",1887,,original filename: pulitzer_100018085b,,reformatted digital,"Rare Book & Manuscript Library, Columbia University",NNC-RB,eng,,Box 9,,World records,Joseph Pulitzer and The World,still image,"Original Format: Autograph letter, signed",https://exhibitions.cul.columbia.edu/index.php/exhibits/show/pulitzer/the-statue-of-liberty/statue-of-liberty,http://www.columbia.edu/cgi-bin/cul/resolve?clio9225138
1,3009,0,correspondence,1887,,inferred,,Autograph letter signed by A. Rubin. Pages 1-2,Autograph letter signed by A. Rubin,Pages 1-2,,,[1887],Paris (France),,,eng,,,"Gift of Joseph Pulitzer, Jr.",1887,,original filename: pulitzer_100018085a,pulitzer_page2.jpg,reformatted digital,"Rare Book & Manuscript Library, Columbia University",NNC-RB,eng,,Box 9,,World records,Joseph Pulitzer and The World,still image,"Original Format: Autograph letter, signed",,http://www.columbia.edu/cgi-bin/cul/resolve?clio9225138
1,3008,0,printed ephemera,1898-03-27,,,World,Most marvellous mechanical production of the age,Most marvellous mechanical production of the age,,,,"March 27, 1898",,,,eng,,,,,,original filename: pulitzer_100018084,,reformatted digital,"Rare Book & Manuscript Library, Columbia University",NNC-RB,eng,1898-03-27,,,,Joseph Pulitzer and The World,still image,,https://exhibitions.cul.columbia.edu/index.php/exhibits/show/pulitzer/the-world/working-at-the-world,http://www.columbia.edu/cgi-bin/cul/resolve?clio9225138
1,3007,0,printed ephemera,1899-07-13,,,,Members of the Staff will please note,Members of the Staff will please note,,,,"July 13, 1899",New York,"Burton, Pomeroy",,eng,,,"Gift of Joseph Pulitzer, Jr.",1899-07-13,,original filename: pulitzer_100018083,,reformatted digital,"Rare Book & Manuscript Library, Columbia University",NNC-RB,eng,,Box 12,,World records,Joseph Pulitzer and The World,still image,Original Format: Typed Memo,https://exhibitions.cul.columbia.edu/index.php/exhibits/show/pulitzer/the-world/the-pulitzer-prize,http://www.columbia.edu/cgi-bin/cul/resolve?clio9225138
1,3006,0,manuscripts,1908-03,,,,Saloon Food Account book. Unnumbered page,Saloon Food Account book,Unnumbered page,,,March 1908,Leith and various places,Steam Yacht Liberty,,eng,,,"Gift of Joseph Pulitzer, Jr.",1908-03 - 1909-02,,original filename: pulitzer_100018082a,,reformatted digital,"Rare Book & Manuscript Library, Columbia University",NNC-RB,eng,,Box 49,,Joseph Pulitzer papers,Joseph Pulitzer and The World,still image,Original Format: Ledger,https://exhibitions.cul.columbia.edu/index.php/exhibits/show/pulitzer/pulitzer-family/homes,http://www.columbia.edu/cgi-bin/cul/resolve?clio9225138
1,3005,0,manuscripts,1908-03,,,,Saloon Food Account book. Front cover,Saloon Food Account book,Front cover,,,March 1908,Leith and various places,Steam Yacht Liberty,,eng,,,"Gift of Joseph Pulitzer, Jr.",1908-03 - 1909-02,,original filename: pulitzer_100018082,,reformatted digital,"Rare Book & Manuscript Library, Columbia University",NNC-RB,eng,,Box 49,,Joseph Pulitzer papers,Joseph Pulitzer and The World,still image,Original Format: Ledger,https://exhibitions.cul.columbia.edu/index.php/exhibits/show/pulitzer/pulitzer-family/homes,http://www.columbia.edu/cgi-bin/cul/resolve?clio9225138
1,3004,0,printed ephemera,1901-12-28,,,,"Harpers Weekly cartoon ""American Editors II Joseph Pulitzer""","Harpers Weekly cartoon ""American Editors II Joseph Pulitzer""",,,,"December 28, 1901",New York,Harpers Weekly,,eng,,,,1901-12-28,,original filename: pulitzer_100018081,,reformatted digital,"Rare Book & Manuscript Library, Columbia University",NNC-RB,eng,,,,,Joseph Pulitzer and The World,still image,Original Format: Magazine Tearsheet,https://exhibitions.cul.columbia.edu/index.php/exhibits/show/pulitzer/pulitzer-family/pulitzer-family,http://www.columbia.edu/cgi-bin/cul/resolve?clio9225138
1,3003,0,pamphlets,1912-12-16,,,,"Profession of Journalism, Accuracy in the News, An Address Before the Pulitzer School of Journalism, Columbia University, New York, Delivered at Earl Hall. Front cover","Profession of Journalism, Accuracy in the News, An Address Before the Pulitzer School of Journalism, Columbia University, New York, Delivered at Earl Hall",Front cover,,,"December 16, 1912",New York,"Pulitzer, Ralph, 1879-1939",,eng,,,"Gift of Joseph Pulitzer, Jr.",1912-12-16,,original filename: pulitzer_100018080,,reformatted digital,"Rare Book & Manuscript Library, Columbia University",NNC-RB,eng,,Box 57,,Joseph Pulitzer papers,Joseph Pulitzer and The World,still image,Original Format: Printed pamphlet,https://exhibitions.cul.columbia.edu/index.php/exhibits/show/pulitzer/philanthropy/school-of-journalism,http://www.columbia.edu/cgi-bin/cul/resolve?clio9225138
1,3002,0,correspondence,1907-05-27,,,,"Typed letter, signed, to Joseph Pulitzer","Typed letter, signed, to Joseph Pulitzer",,,,"May 27, 1907",New York,"Butler, Nicholas Murray, 1862-1947",,eng,,,"Gift of Joseph Pulitzer, Jr.",1907-05-27,,original filename: pulitzer_100018079a,,reformatted digital,"Rare Book & Manuscript Library, Columbia University",NNC-RB,eng,,Box 1,,Joseph Pulitzer papers,Joseph Pulitzer and The World,still image,"Original Format: Typed letter, signed",,http://www.columbia.edu/cgi-bin/cul/resolve?clio9225138
1,3001,0,correspondence,1907-05-27,,,,"Typed letter, signed, to Joseph Pulitzer","Typed letter, signed, to Joseph Pulitzer",,,,"May 27, 1907",New York,"Butler, Nicholas Murray, 1862-1947",,eng,,,"Gift of Joseph Pulitzer, Jr.",1907-05-27,,original filename: pulitzer_100018079,,reformatted digital,"Rare Book & Manuscript Library, Columbia University",NNC-RB,eng,,Box 1,,Joseph Pulitzer papers,Joseph Pulitzer and The World,still image,"Original Format: Typed letter, signed",https://exhibitions.cul.columbia.edu/index.php/exhibits/show/pulitzer/philanthropy/school-of-journalism,http://www.columbia.edu/cgi-bin/cul/resolve?clio9225138
1,3000,0,manuscripts,1903-11,,approximate,,Typed text of article on St. Louis Exposition,Typed text of article on St. Louis Exposition,,,,"circa November, 1903",,"Davis, Varina, 1826-1906",,eng,,,"Gift of Joseph Pulitzer, Jr.",,,original filename: pulitzer_100018078a,,reformatted digital,"Rare Book & Manuscript Library, Columbia University",NNC-RB,eng,,Box 2,,Joseph Pulitzer papers,Joseph Pulitzer and The World,still image,Original Format: Typed text of article,,http://www.columbia.edu/cgi-bin/cul/resolve?clio9225138
1,2999,0,manuscripts,1903-11,,approximate,,Typed text of article on St. Louis Exposition,Typed text of article on St. Louis Exposition,,,,"circa November, 1903",,"Davis, Varina, 1826-1906",,eng,,,"Gift of Joseph Pulitzer, Jr.",,,original filename: pulitzer_100018078,,reformatted digital,"Rare Book & Manuscript Library, Columbia University",NNC-RB,eng,,Box 2,,Joseph Pulitzer papers,Joseph Pulitzer and The World,still image,Original Format: Typed text of article,https://exhibitions.cul.columbia.edu/index.php/exhibits/show/pulitzer/philanthropy/school-of-journalism,http://www.columbia.edu/cgi-bin/cul/resolve?clio9225138
1,2998,0,manuscripts,1903-08,,inferred,,Draft agreement with Columbia University to endow the School of Journalism,Draft agreement with Columbia University to endow the School of Journalism,,Columbia University. School of Journalism,,"[August, 1903]",,"Pulitzer, Joseph, 1847-1911",,eng,,,"Gift of Joseph Pulitzer, Jr.",1903-08,,original filename: pulitzer_100018077a,,reformatted digital,"Rare Book & Manuscript Library, Columbia University",NNC-RB,eng,,Box 25,,Joseph Pulitzer papers,Joseph Pulitzer and The World,still image,Original Format: Draft agreement,https://exhibitions.cul.columbia.edu/index.php/exhibits/show/pulitzer/philanthropy/school-of-journalism,http://www.columbia.edu/cgi-bin/cul/resolve?clio9225138
1,2997,0,manuscripts,1903-08,,inferred,,Draft agreement with Columbia University to endow the School of Journalism,Draft agreement with Columbia University to endow the School of Journalism,,Columbia University. School of Journalism,,"[August, 1903]",,"Pulitzer, Joseph, 1847-1911",,eng,,,"Gift of Joseph Pulitzer, Jr.",1903-08,,original filename: pulitzer_100018077,,reformatted digital,"Rare Book & Manuscript Library, Columbia University",NNC-RB,eng,,Box 25,,Joseph Pulitzer papers,Joseph Pulitzer and The World,still image,Original Format: Draft agreement,,http://www.columbia.edu/cgi-bin/cul/resolve?clio9225138
1,2996,0,correspondence,1905-11-13,,,,"Typed letter, signed, to Joseph Pulitzer","Typed letter, signed, to Joseph Pulitzer",,,,13-Nov-1905,New York,"Damrosch, Walter, 1862-1950",,eng,,,"Gift of Joseph Pulitzer, Jr.",,,original filename: pulitzer_100018076,,reformatted digital,"Rare Book & Manuscript Library, Columbia University",NNC-RB,eng,,Box 1,,Joseph Pulitzer papers,Joseph Pulitzer and The World,still image,"Original Format: Typed letter, signed",https://exhibitions.cul.columbia.edu/index.php/exhibits/show/pulitzer/philanthropy/philanthropy,http://www.columbia.edu/cgi-bin/cul/resolve?clio9225138
1,2995,0,correspondence,1906-01-15,,,,"Typed letter, signed, to Alfred Butes","Typed letter, signed, to Alfred Butes",,,,15-Jan-1906,New York,"De Forest, Robert W. (Robert Weeks), 1848-1931",,eng,,,"Gift of Joseph Pulitzer, Jr.",,,original filename: pulitzer_100018075a,,reformatted digital,"Rare Book & Manuscript Library, Columbia University",NNC-RB,eng,,Box 2,,Joseph Pulitzer papers,Joseph Pulitzer and The World,still image,"Original Format: Typed letter, signed",,http://www.columbia.edu/cgi-bin/cul/resolve?clio9225138
1,2994,0,correspondence,1906-01-15,,,,"Typed letter, signed, to Alfred Butes","Typed letter, signed, to Alfred Butes",,,,15-Jan-1906,New York,"De Forest, Robert W. (Robert Weeks), 1848-1931",,eng,,,"Gift of Joseph Pulitzer, Jr.",,,original filename: pulitzer_100018075,,reformatted digital,"Rare Book & Manuscript Library, Columbia University",NNC-RB,eng,,Box 2,,Joseph Pulitzer papers,Joseph Pulitzer and The World,still image,"Original Format: Typed letter, signed",https://exhibitions.cul.columbia.edu/index.php/exhibits/show/pulitzer/philanthropy/philanthropy,http://www.columbia.edu/cgi-bin/cul/resolve?clio9225138
1,2993,0,manuscripts,1906-10-10,,,,Typed memorial to Carl Schurz,Typed memorial to Carl Schurz,,,,10-Oct-1906,,"Pulitzer, Joseph, 1847-1911",,eng,,,"Gift of Joseph Pulitzer, Jr.",,,original filename: pulitzer_100018074a,,reformatted digital,"Rare Book & Manuscript Library, Columbia University",NNC-RB,eng,,Box 40,,Joseph Pulitzer papers,Joseph Pulitzer and The World,still image,Original Format: Typed memorial,https://exhibitions.cul.columbia.edu/index.php/exhibits/show/pulitzer/the-world/the-st--louis-post-dispatch,http://www.columbia.edu/cgi-bin/cul/resolve?clio9225138
1,2992,0,manuscripts,1906-10-10,,,,Typed memorial to Carl Schurz,Typed memorial to Carl Schurz,,,,10-Oct-1906,,"Pulitzer, Joseph, 1847-1911",,eng,,,"Gift of Joseph Pulitzer, Jr.",,,original filename: pulitzer_100018074,,reformatted digital,"Rare Book & Manuscript Library, Columbia University",NNC-RB,eng,,Box 40,,Joseph Pulitzer papers,Joseph Pulitzer and The World,still image,Original Format: Typed memorial,https://exhibitions.cul.columbia.edu/index.php/exhibits/show/pulitzer/the-world/the-st--louis-post-dispatch,http://www.columbia.edu/cgi-bin/cul/resolve?clio9225138
1,2991,0,correspondence,1903-01-13,,,,"Typed letter, signed, to Joseph Pulitzer","Typed letter, signed, to Joseph Pulitzer",,,,13-Jan-1903,New York,"Plimpton, George A. (George Arthur), 1855-1936",,eng,,,"Gift of Joseph Pulitzer, Jr.",1903-01-13,,original filename: pulitzer_100018073,,reformatted digital,"Rare Book & Manuscript Library, Columbia University",NNC-RB,eng,,Box 3,,Joseph Pulitzer papers,Joseph Pulitzer and The World,still image,"Original Format: Typed letter, signed",https://exhibitions.cul.columbia.edu/index.php/exhibits/show/pulitzer/philanthropy/philanthropy,http://www.columbia.edu/cgi-bin/cul/resolve?clio9225138
1,2990,0,correspondence,1902-08-23,,,,"Typed letter, signed, to Joseph Pulitzer","Typed letter, signed, to Joseph Pulitzer",,,,23-Aug-1902,South Weymouth (Mass.),"Washington, Booker T., 1856-1915",,eng,,,"Gift of Joseph Pulitzer, Jr.",1902-08-23,,original filename: pulitzer_100018072,,reformatted digital,"Rare Book & Manuscript Library, Columbia University",NNC-RB,eng,,Box 3,,Joseph Pulitzer papers,Joseph Pulitzer and The World,still image,"Original Format: Typed letter, signed",https://exhibitions.cul.columbia.edu/index.php/exhibits/show/pulitzer/philanthropy/philanthropy,http://www.columbia.edu/cgi-bin/cul/resolve?clio9225138
1,2989,0,printed ephemera,1886-11-29,,,,Receipt for donation,Receipt for donation,,,,"November 29, 1886",,"Pulitzer, Joseph, 1847-1911",,eng,,,"Gift of Joseph Pulitzer, Jr.",1886-11-29,,original filename: pulitzer_100018071a,,reformatted digital,"Rare Book & Manuscript Library, Columbia University",NNC-RB,eng,,Box 6,,Joseph Pulitzer papers,Joseph Pulitzer and The World,still image,Original Format: Receipt,,http://www.columbia.edu/cgi-bin/cul/resolve?clio9225138
1,2988,0,correspondence,1886-11-26,,,,"Draft of manuscript letter, with corrections, to Alexander S. Webb","Draft of manuscript letter, with corrections, to Alexander S. Webb",,,,"November 26, 1886",,"Pulitzer, Joseph, 1847-1911",,eng,,,"Gift of Joseph Pulitzer, Jr.",1886-11-26,,original filename: pulitzer_100018071,,reformatted digital,"Rare Book & Manuscript Library, Columbia University",NNC-RB,eng,,Box 6,,Joseph Pulitzer papers,Joseph Pulitzer and The World,still image,"Original Format: Draft manuscript letter, with autograph corrections",https://exhibitions.cul.columbia.edu/index.php/exhibits/show/pulitzer/philanthropy/philanthropy,http://www.columbia.edu/cgi-bin/cul/resolve?clio9225138
1,2987,0,correspondence,1886-04,,,,"Draft manuscript letter, with autograph corrections, to Board of Trustees, New York Press Club","Draft manuscript letter, with autograph corrections, to Board of Trustees, New York Press Club",,,,"April, 1886",New York,"Pulitzer, Joseph, 1847-1911",,eng,,,"Gift of Joseph Pulitzer, Jr.",1886-04,,original filename: pulitzer_100018070a,,reformatted digital,"Rare Book & Manuscript Library, Columbia University",NNC-RB,eng,,Box 6,,Joseph Pulitzer papers,Joseph Pulitzer and The World,still image,"Original Format: Draft manuscript letter, with autograph corrections",,http://www.columbia.edu/cgi-bin/cul/resolve?clio9225138
1,2986,0,correspondence,1886-04,,,,"Draft manuscript letter, with autograph corrections, to Board of Trustees, New York Press Club","Draft manuscript letter, with autograph corrections, to Board of Trustees, New York Press Club",,,,"April, 1886",New York,"Pulitzer, Joseph, 1847-1911",,eng,,,"Gift of Joseph Pulitzer, Jr.",1886-04,,original filename: pulitzer_100018070,,reformatted digital,"Rare Book & Manuscript Library, Columbia University",NNC-RB,eng,,Box 6,,Joseph Pulitzer papers,Joseph Pulitzer and The World,still image,"Original Format: Draft manuscript letter, with autograph corrections",https://exhibitions.cul.columbia.edu/index.php/exhibits/show/pulitzer/philanthropy/philanthropy,http://www.columbia.edu/cgi-bin/cul/resolve?clio9225138
1,2985,0,manuscripts,1911-01,,questionable,,Freedom of the Press [Proof of Editorial],Freedom of the Press [Proof of Editorial],,,,[January 1911?],New York,"Pulitzer, Joseph, 1847-1911",,eng,,,"Gift of Joseph Pulitzer, Jr.",,,original filename: pulitzer_100018069,,reformatted digital,"Rare Book & Manuscript Library, Columbia University",NNC-RB,eng,,Box 51,,World records,Joseph Pulitzer and The World,still image,Original Format: Proof of World editorial,https://exhibitions.cul.columbia.edu/index.php/exhibits/show/pulitzer/politics/panama-canal-libel-case,http://www.columbia.edu/cgi-bin/cul/resolve?clio9225138
1,2984,0,pamphlets,1911,,,,Roosevelt Panama Libel Case Against The New York World (The United States vs. The Press Publishing Co) [Proof],Roosevelt Panama Libel Case Against The New York World (The United States vs. The Press Publishing Co) [Proof],,,,1911,New York,"World (New York, N.Y. : 1860-1931)",,eng,,,"Gift of Joseph Pulitzer, Jr.",1911,,original filename: pulitzer_100018068,,reformatted digital,"Rare Book & Manuscript Library, Columbia University",NNC-RB,eng,,Box 51,,World records,Joseph Pulitzer and The World,still image,Original Format: Proof of printed pamphet,https://exhibitions.cul.columbia.edu/index.php/exhibits/show/pulitzer/politics/panama-canal-libel-case,http://www.columbia.edu/cgi-bin/cul/resolve?clio9225138
1,2983,0,manuscripts,1911-01,,inferred,,Manuscript Notes on the Panama Canal libel case pamphlet,Manuscript Notes on the Panama Canal libel case pamphlet,,,,[January 1911],"On board ""Liberty""","Pulitzer, Joseph, 1847-1911",,eng,,,"Gift of Joseph Pulitzer, Jr.",1911-01,,original filename: pulitzer_100018067a,,reformatted digital,"Rare Book & Manuscript Library, Columbia University",NNC-RB,eng,,Box 51,,World records,Joseph Pulitzer and The World,still image,Original Format: Manuscript Notes,,http://www.columbia.edu/cgi-bin/cul/resolve?clio9225138
1,2982,0,manuscripts,1911-01,,inferred,,Manuscript Notes on the Panama Canal libel case pamphlet,Manuscript Notes on the Panama Canal libel case pamphlet,,,,[January 1911],"On board ""Liberty""","Pulitzer, Joseph, 1847-1911",,eng,,,"Gift of Joseph Pulitzer, Jr.",1911-01,,original filename: pulitzer_100018067,,reformatted digital,"Rare Book & Manuscript Library, Columbia University",NNC-RB,eng,,Box 51,,World records,Joseph Pulitzer and The World,still image,Original Format: Manuscript Notes,https://exhibitions.cul.columbia.edu/index.php/exhibits/show/pulitzer/politics/panama-canal-libel-case,http://www.columbia.edu/cgi-bin/cul/resolve?clio9225138
1,2981,0,correspondence,1909-04-13,,,,Autograph letter to Joseph Pulitzer. Page 6,Autograph letter to Joseph Pulitzer,Page 6,,,13-Apr-1909,New York,"Hosmer, G. W. (George Washington), 1830-1914",,eng,,,"Gift of Joseph Pulitzer, Jr.",1929,,original filename: pulitzer_100018066e,,reformatted digital,"Rare Book & Manuscript Library, Columbia University",NNC-RB,eng,,Box 50,,World records,Joseph Pulitzer and The World,still image,"Original Format: Autograph letter, signed",,http://www.columbia.edu/cgi-bin/cul/resolve?clio9225138
1,2980,0,correspondence,1909-04-13,,,,Autograph letter to Joseph Pulitzer. Page 5,Autograph letter to Joseph Pulitzer,Page 5,,,13-Apr-1909,New York,"Hosmer, G. W. (George Washington), 1830-1914",,eng,,,"Gift of Joseph Pulitzer, Jr.",1929,,original filename: pulitzer_100018066d,,reformatted digital,"Rare Book & Manuscript Library, Columbia University",NNC-RB,eng,,Box 50,,World records,Joseph Pulitzer and The World,still image,"Original Format: Autograph letter, signed",,http://www.columbia.edu/cgi-bin/cul/resolve?clio9225138
1,2979,0,correspondence,1909-04-13,,,,Autograph letter to Joseph Pulitzer. Page 4,Autograph letter to Joseph Pulitzer,Page 4,,,13-Apr-1909,New York,"Hosmer, G. W. (George Washington), 1830-1914",,eng,,,"Gift of Joseph Pulitzer, Jr.",1929,,original filename: pulitzer_100018066c,,reformatted digital,"Rare Book & Manuscript Library, Columbia University",NNC-RB,eng,,Box 50,,World records,Joseph Pulitzer and The World,still image,"Original Format: Autograph letter, signed",,http://www.columbia.edu/cgi-bin/cul/resolve?clio9225138
1,2978,0,correspondence,1909-04-13,,,,Autograph letter to Joseph Pulitzer. Page 3,Autograph letter to Joseph Pulitzer,Page 3,,,13-Apr-1909,New York,"Hosmer, G. W. (George Washington), 1830-1914",,eng,,,"Gift of Joseph Pulitzer, Jr.",1929,,original filename: pulitzer_100018066b,,reformatted digital,"Rare Book & Manuscript Library, Columbia University",NNC-RB,eng,,Box 50,,World records,Joseph Pulitzer and The World,still image,"Original Format: Autograph letter, signed",,http://www.columbia.edu/cgi-bin/cul/resolve?clio9225138
1,2977,0,correspondence,1909-04-13,,,,Autograph letter to Joseph Pulitzer. Page 2,Autograph letter to Joseph Pulitzer,Page 2,,,13-Apr-1909,New York,"Hosmer, G. W. (George Washington), 1830-1914",,eng,,,"Gift of Joseph Pulitzer, Jr.",1929,,original filename: pulitzer_100018066a,,reformatted digital,"Rare Book & Manuscript Library, Columbia University",NNC-RB,eng,,Box 50,,World records,Joseph Pulitzer and The World,still image,"Original Format: Autograph letter, signed",,http://www.columbia.edu/cgi-bin/cul/resolve?clio9225138
1,2976,0,correspondence,1909-04-13,,,,Autograph letter to Joseph Pulitzer. Page 1,Autograph letter to Joseph Pulitzer,Page 1,,,13-Apr-1909,New York,"Hosmer, G. W. (George Washington), 1830-1914",,eng,,,"Gift of Joseph Pulitzer, Jr.",1929,,original filename: pulitzer_100018066,,reformatted digital,"Rare Book & Manuscript Library, Columbia University",NNC-RB,eng,,Box 50,,World records,Joseph Pulitzer and The World,still image,"Original Format: Autograph letter, signed",https://exhibitions.cul.columbia.edu/index.php/exhibits/show/pulitzer/politics/panama-canal-libel-case,http://www.columbia.edu/cgi-bin/cul/resolve?clio9225138
1,2975,0,manuscripts,1911-08-04,,,,Manuscript Report on a World Editorial Talk [by Joseph Pulitzer],Manuscript Report on a World Editorial Talk [by Joseph Pulitzer],,,,4-Aug-1911,"On board ""Liberty""","Firestone, Clark B. (Clark Barnaby), 1869-1957","Pulitzer, Joseph, 1847-1911",eng,,,"Gift of Joseph Pulitzer, Jr.",,,original filename: pulitzer_100018065a,,reformatted digital,"Rare Book & Manuscript Library, Columbia University",NNC-RB,eng,,Box 52,,World records,Joseph Pulitzer and The World,still image,Original Format: Manuscript Report,,http://www.columbia.edu/cgi-bin/cul/resolve?clio9225138
1,2974,0,manuscripts,1911-08-04,,,,Manuscript Report on a World Editorial Talk [by Joseph Pulitzer],Manuscript Report on a World Editorial Talk [by Joseph Pulitzer],,,,4-Aug-1911,"On board ""Liberty""","Firestone, Clark B. (Clark Barnaby), 1869-1957","Pulitzer, Joseph, 1847-1911",eng,,,"Gift of Joseph Pulitzer, Jr.",,,original filename: pulitzer_100018065,,reformatted digital,"Rare Book & Manuscript Library, Columbia University",NNC-RB,eng,,Box 52,,World records,Joseph Pulitzer and The World,still image,Original Format: Manuscript Report,https://exhibitions.cul.columbia.edu/index.php/exhibits/show/pulitzer/politics/drum-major,http://www.columbia.edu/cgi-bin/cul/resolve?clio9225138
1,2973,0,manuscripts,1908,,inferred,,Manuscript memo on editorial view regarding 1908 elections,Manuscript memo on editorial view regarding 1908 elections,,,,[1908],,"Pulitzer, Joseph, 1847-1911",,eng,,,"Gift of Joseph Pulitzer, Jr.",1908,,original filename: pulitzer_100018064a,,reformatted digital,"Rare Book & Manuscript Library, Columbia University",NNC-RB,eng,,Box 46,,World records,Joseph Pulitzer and The World,still image,Original Format: Manuscript memo,https://exhibitions.cul.columbia.edu/index.php/exhibits/show/pulitzer/politics/drum-major,http://www.columbia.edu/cgi-bin/cul/resolve?clio9225138
1,2972,0,manuscripts,1908,,inferred,,Manuscript memo on editorial view regarding 1908 elections,Manuscript memo on editorial view regarding 1908 elections,,,,[1908],,"Pulitzer, Joseph, 1847-1911",,eng,,,"Gift of Joseph Pulitzer, Jr.",1908,,original filename: pulitzer_100018064,,reformatted digital,"Rare Book & Manuscript Library, Columbia University",NNC-RB,eng,,Box 46,,World records,Joseph Pulitzer and The World,still image,Original Format: Manuscript memo,,http://www.columbia.edu/cgi-bin/cul/resolve?clio9225138
1,2971,0,caricatures and cartoons,1910-09-04,,,,Tom's Dream,Tom's Dream,,,,"September 4, 1910",New York,"Rogers, W. A. (William Allen), 1854-1931",,eng,,,"Gift of Joseph Pulitzer, Jr.",1910-09-04,,original filename: pulitzer_100018063,,reformatted digital,"Rare Book & Manuscript Library, Columbia University",NNC-RB,eng,,World Papers Box 33,,World records,Joseph Pulitzer and The World,still image,Original Format: Magazine tearsheets,https://exhibitions.cul.columbia.edu/index.php/exhibits/show/pulitzer/politics/drum-major,http://www.columbia.edu/cgi-bin/cul/resolve?clio9225138
1,2970,0,manuscripts,1898-11-18,,,,Memo for Mr. Pulitzer on Mr. Norris' Comparison of World and Journal Revenues. Page 2,Memo for Mr. Pulitzer on Mr. Norris' Comparison of World and Journal Revenues,Page 2,,,"November 18, 1898",New York,"Seitz, Don Carlos, 1862-1935",,eng,,,"Gift of Joseph Pulitzer, Jr.",1898-11-18,,original filename: pulitzer_100018062a,,reformatted digital,"Rare Book & Manuscript Library, Columbia University",NNC-RB,eng,,World Papers Box 11,,World records,Joseph Pulitzer and The World,still image,Original Format: Typed document,,http://www.columbia.edu/cgi-bin/cul/resolve?clio9225138
1,2969,0,manuscripts,1898-11-18,,,,Memo for Mr. Pulitzer on Mr. Norris' Comparison of World and Journal Revenues. Page 1,Memo for Mr. Pulitzer on Mr. Norris' Comparison of World and Journal Revenues,Page 1,,,"November 18, 1898",New York,"Seitz, Don Carlos, 1862-1935",,eng,,,"Gift of Joseph Pulitzer, Jr.",1898-11-18,,original filename: pulitzer_100018062,,reformatted digital,"Rare Book & Manuscript Library, Columbia University",NNC-RB,eng,,Box 11,,World records,Joseph Pulitzer and The World,still image,Original Format: Typed document,https://exhibitions.cul.columbia.edu/index.php/exhibits/show/pulitzer/the-world/rivalry-with-hearst,http://www.columbia.edu/cgi-bin/cul/resolve?clio9225138
1,2968,0,corporation reports,1898-11-14,,,,Typed Memorandum Journal & World Revenues Compared,Typed Memorandum Journal & World Revenues Compared,,"World (New York, N.Y. : 1860-1931)",,"November 14, 1898",New York,"Norris, John",,eng,,,"Gift of Joseph Pulitzer, Jr.",1898-11-14,,original filename: pulitzer_100018061d,,reformatted digital,"Rare Book & Manuscript Library, Columbia University",NNC-RB,eng,,Box 11,,World records,Joseph Pulitzer and The World,still image,Original Format: Typed document,,http://www.columbia.edu/cgi-bin/cul/resolve?clio9225138
1,2967,0,corporation reports,1898-11-14,,,,Typed Memorandum Journal & World Revenues Compared,Typed Memorandum Journal & World Revenues Compared,,"World (New York, N.Y. : 1860-1931)",,"November 14, 1898",New York,"Norris, John",,eng,,,"Gift of Joseph Pulitzer, Jr.",1898-11-14,,original filename: pulitzer_100018061c,,reformatted digital,"Rare Book & Manuscript Library, Columbia University",NNC-RB,eng,,Box 11,,World records,Joseph Pulitzer and The World,still image,Original Format: Typed document,,http://www.columbia.edu/cgi-bin/cul/resolve?clio9225138
1,2966,0,corporation reports,1898-11-14,,,,Typed Memorandum Journal & World Revenues Compared,Typed Memorandum Journal & World Revenues Compared,,"World (New York, N.Y. : 1860-1931)",,"November 14, 1898",New York,"Norris, John",,eng,,,"Gift of Joseph Pulitzer, Jr.",1898-11-14,,original filename: pulitzer_100018061b,,reformatted digital,"Rare Book & Manuscript Library, Columbia University",NNC-RB,eng,,Box 11,,World records,Joseph Pulitzer and The World,still image,Original Format: Typed document,,http://www.columbia.edu/cgi-bin/cul/resolve?clio9225138
1,2965,0,corporation reports,1898-11-14,,,,Typed Memorandum Journal & World Revenues Compared,Typed Memorandum Journal & World Revenues Compared,,"World (New York, N.Y. : 1860-1931)",,"November 14, 1898",New York,"Norris, John",,eng,,,"Gift of Joseph Pulitzer, Jr.",1898-11-14,,original filename: pulitzer_100018061a,,reformatted digital,"Rare Book & Manuscript Library, Columbia University",NNC-RB,eng,,Box 11,,World records,Joseph Pulitzer and The World,still image,Original Format: Typed document,,http://www.columbia.edu/cgi-bin/cul/resolve?clio9225138
1,2964,0,corporation reports,1898-11-14,,,,Typed Memorandum Journal & World Revenues Compared,Typed Memorandum Journal & World Revenues Compared,,"World (New York, N.Y. : 1860-1931)",,"November 14, 1898",New York,"Norris, John",,eng,,,"Gift of Joseph Pulitzer, Jr.",1898-11-14,,original filename: pulitzer_100018061,,reformatted digital,"Rare Book & Manuscript Library, Columbia University",NNC-RB,eng,,Box 11,,World records,Joseph Pulitzer and The World,still image,Original Format: Typed document,https://exhibitions.cul.columbia.edu/index.php/exhibits/show/pulitzer/the-world/rivalry-with-hearst,http://www.columbia.edu/cgi-bin/cul/resolve?clio9225138
1,2963,0,manuscripts,1885-12-19,,,,Manuscript Account for legal services rendered by Roscoe Conkling to Joseph Pulitzer,Manuscript Account for legal services rendered by Roscoe Conkling to Joseph Pulitzer,,,,"December 19, 1885",New York,,,eng,,,"Gift of Joseph Pulitzer, Jr.",1885-12-19,,original filename: pulitzer_100018060,,reformatted digital,"Rare Book & Manuscript Library, Columbia University",NNC-RB,eng,,Box 8,,World records,Joseph Pulitzer and The World,still image,Original Format: Manuscript document,https://exhibitions.cul.columbia.edu/index.php/exhibits/show/pulitzer/politics/litigation,http://www.columbia.edu/cgi-bin/cul/resolve?clio9225138
1,2962,0,correspondence,1886-04-12,,,,Autograph letter to Joseph Pulitzer,Autograph letter to Joseph Pulitzer,,,,"April 12, 1886",Albany (N.Y.),"Willers, Diedrich, 1833-1908",,eng,,,"Gift of Joseph Pulitzer, Jr.",1886-04-12,,original filename: pulitzer_100018059,,reformatted digital,"Rare Book & Manuscript Library, Columbia University",NNC-RB,eng,,Box 6,,Joseph Pulitzer papers,Joseph Pulitzer and The World,still image,"Original Format: Autograph letter, signed",https://exhibitions.cul.columbia.edu/index.php/exhibits/show/pulitzer/politics/drum-major,http://www.columbia.edu/cgi-bin/cul/resolve?clio9225138
1,2961,0,corporation reports,1899,,approximate,,Memorandum comparing The Journal and The Evening World,Memorandum comparing The Journal and The Evening World,,"World (New York, N.Y. : 1860-1931)",,circa 1899,New York,"Pulitzer, Ralph, 1879-1939",,eng,,,"Gift of Joseph Pulitzer, Jr.",,,original filename: pulitzer_100018058b,,reformatted digital,"Rare Book & Manuscript Library, Columbia University",NNC-RB,eng,,Box 4,,Joseph Pulitzer papers,Joseph Pulitzer and The World,still image,Original Format: Autograph Manuscript,,http://www.columbia.edu/cgi-bin/cul/resolve?clio9225138
1,2960,0,corporation reports,1899,,approximate,,Memorandum comparing The Journal and The Evening World,Memorandum comparing The Journal and The Evening World,,"World (New York, N.Y. : 1860-1931)",,circa 1899,New York,"Pulitzer, Ralph, 1879-1939",,eng,,,"Gift of Joseph Pulitzer, Jr.",,,original filename: pulitzer_100018058a,,reformatted digital,"Rare Book & Manuscript Library, Columbia University",NNC-RB,eng,,Box 4,,Joseph Pulitzer papers,Joseph Pulitzer and The World,still image,Original Format: Autograph Manuscript,,http://www.columbia.edu/cgi-bin/cul/resolve?clio9225138
1,2959,0,corporation reports,1899,,approximate,,Memorandum comparing The Journal and The Evening World,Memorandum comparing The Journal and The Evening World,,"World (New York, N.Y. : 1860-1931)",,circa 1899,New York,"Pulitzer, Ralph, 1879-1939",,eng,,,"Gift of Joseph Pulitzer, Jr.",,,original filename: pulitzer_100018058,,reformatted digital,"Rare Book & Manuscript Library, Columbia University",NNC-RB,eng,,Box 4,,Joseph Pulitzer papers,Joseph Pulitzer and The World,still image,Original Format: Autograph Manuscript,https://exhibitions.cul.columbia.edu/index.php/exhibits/show/pulitzer/the-world/rivalry-with-hearst,http://www.columbia.edu/cgi-bin/cul/resolve?clio9225138
1,2958,0,manuscripts,1899-09,,,,Memorandum of Agreement as discussed by Mr. Seitz and Mr. Carvalho,Memorandum of Agreement as discussed by Mr. Seitz and Mr. Carvalho,,,,"September, 1899",New York,"Seitz, Don Carlos, 1862-1935",,eng,,,"Gift of Joseph Pulitzer, Jr.",1899-09,,original filename: pulitzer_100018057c,,reformatted digital,"Rare Book & Manuscript Library, Columbia University",NNC-RB,eng,,Box 13,,World records,Joseph Pulitzer and The World,still image,Original Format: Typed Memo,,http://www.columbia.edu/cgi-bin/cul/resolve?clio9225138
1,2957,0,manuscripts,1899-09,,,,Memorandum of Agreement as discussed by Mr. Seitz and Mr. Carvalho,Memorandum of Agreement as discussed by Mr. Seitz and Mr. Carvalho,,,,"September, 1899",New York,"Seitz, Don Carlos, 1862-1935",,eng,,,"Gift of Joseph Pulitzer, Jr.",1899-09,,original filename: pulitzer_100018057b,,reformatted digital,"Rare Book & Manuscript Library, Columbia University",NNC-RB,eng,,Box 13,,World records,Joseph Pulitzer and The World,still image,Original Format: Typed Memo,,http://www.columbia.edu/cgi-bin/cul/resolve?clio9225138
1,2956,0,manuscripts,1899-09,,,,Memorandum of Agreement as discussed by Mr. Seitz and Mr. Carvalho,Memorandum of Agreement as discussed by Mr. Seitz and Mr. Carvalho,,,,"September, 1899",New York,"Seitz, Don Carlos, 1862-1935",,eng,,,"Gift of Joseph Pulitzer, Jr.",1899-09,,original filename: pulitzer_100018057a,,reformatted digital,"Rare Book & Manuscript Library, Columbia University",NNC-RB,eng,,Box 13,,World records,Joseph Pulitzer and The World,still image,Original Format: Typed Memo,,http://www.columbia.edu/cgi-bin/cul/resolve?clio9225138
1,2955,0,manuscripts,1899-09,,,,Memorandum of Agreement as discussed by Mr. Seitz and Mr. Carvalho,Memorandum of Agreement as discussed by Mr. Seitz and Mr. Carvalho,,,,"September, 1899",New York,"Seitz, Don Carlos, 1862-1935",,eng,,,"Gift of Joseph Pulitzer, Jr.",1899-09,,original filename: pulitzer_100018057,,reformatted digital,"Rare Book & Manuscript Library, Columbia University",NNC-RB,eng,,Box 13,,World records,Joseph Pulitzer and The World,still image,Original Format: Typed Memo,https://exhibitions.cul.columbia.edu/index.php/exhibits/show/pulitzer/the-world/rivalry-with-hearst,http://www.columbia.edu/cgi-bin/cul/resolve?clio9225138
1,2954,0,manuscripts,1899-07-27,,,,Memo for Mr. Pulitzer on the Newsboys' Strike. Page 3,Memo for Mr. Pulitzer on the Newsboys' Strike,Page 3,,,"July 27, 1899",New York,"Seitz, Don Carlos, 1862-1935",,eng,,,"Gift of Joseph Pulitzer, Jr.",1899-07-27,,original filename: pulitzer_100018056b,,reformatted digital,"Rare Book & Manuscript Library, Columbia University",NNC-RB,eng,,World Papers Box 12,,World records,Joseph Pulitzer and The World,still image,Original Format: Typed Memo,,http://www.columbia.edu/cgi-bin/cul/resolve?clio9225138
1,2953,0,manuscripts,1899-07-27,,,,Memo for Mr. Pulitzer on the Newsboys' Strike. Page 2,Memo for Mr. Pulitzer on the Newsboys' Strike,Page 2,,,"July 27, 1899",New York,"Seitz, Don Carlos, 1862-1935",,eng,,,"Gift of Joseph Pulitzer, Jr.",1899-07-27,,original filename: pulitzer_100018056a,,reformatted digital,"Rare Book & Manuscript Library, Columbia University",NNC-RB,eng,,Box 12,,World records,Joseph Pulitzer and The World,still image,Original Format: Typed Memo,,http://www.columbia.edu/cgi-bin/cul/resolve?clio9225138
1,2952,0,manuscripts,1899-07-27,,,,Memo for Mr. Pulitzer on the Newsboys' Strike. Page 1,Memo for Mr. Pulitzer on the Newsboys' Strike,Page 1,,,"July 27, 1899",New York,"Seitz, Don Carlos, 1862-1935",,eng,,,"Gift of Joseph Pulitzer, Jr.",1899-07-27,,original filename: pulitzer_100018056,,reformatted digital,"Rare Book & Manuscript Library, Columbia University",NNC-RB,eng,,Box 12,,World records,Joseph Pulitzer and The World,still image,Original Format: Typed Memo,https://exhibitions.cul.columbia.edu/index.php/exhibits/show/pulitzer/the-world/newsboys--strike,http://www.columbia.edu/cgi-bin/cul/resolve?clio9225138
1,2951,0,correspondence,1899-07-26,,,,Telegram on the Newsboys' Strike,Telegram on the Newsboys' Strike,,,,"July 26, 1899",New York,"Seitz, Don Carlos, 1862-1935",,eng,,,"Gift of Joseph Pulitzer, Jr.",1899-07-26,,original filename: pulitzer_100018055,,reformatted digital,"Rare Book & Manuscript Library, Columbia University",NNC-RB,eng,,World Papers Box 12,,World records,Joseph Pulitzer and The World,still image,Original Format: Telegram,https://exhibitions.cul.columbia.edu/index.php/exhibits/show/pulitzer/the-world/newsboys--strike,http://www.columbia.edu/cgi-bin/cul/resolve?clio9225138
1,2950,0,manuscripts,1899-07-22,,,,Memo for Mr. Pulitzer on the Newsboys' Strike. Page 3,Memo for Mr. Pulitzer on the Newsboys' Strike,Page 3,,,"July 22, 1899",New York,"Seitz, Don Carlos, 1862-1935",,eng,,,"Gift of Joseph Pulitzer, Jr.",1899-07-22,,original filename: pulitzer_100018054b,,reformatted digital,"Rare Book & Manuscript Library, Columbia University",NNC-RB,eng,,World Papers Box 12,,World records,Joseph Pulitzer and The World,still image,Original Format: Typed Memo,,http://www.columbia.edu/cgi-bin/cul/resolve?clio9225138
1,2949,0,manuscripts,1899-07-22,,,,Memo for Mr. Pulitzer on the Newsboys' Strike. Page 2,Memo for Mr. Pulitzer on the Newsboys' Strike,Page 2,,,"July 22, 1899",New York,"Seitz, Don Carlos, 1862-1935",,eng,,,"Gift of Joseph Pulitzer, Jr.",1899-07-22,,original filename: pulitzer_100018054a,,reformatted digital,"Rare Book & Manuscript Library, Columbia University",NNC-RB,eng,,World Papers Box 12,,World records,Joseph Pulitzer and The World,still image,Original Format: Typed Memo,,http://www.columbia.edu/cgi-bin/cul/resolve?clio9225138
1,2948,0,manuscripts,1899-07-22,,,,Memo for Mr. Pulitzer on the Newsboys' Strike. Page 1,Memo for Mr. Pulitzer on the Newsboys' Strike,Page 1,,,"July 22, 1899",New York,"Seitz, Don Carlos, 1862-1935",,eng,,,"Gift of Joseph Pulitzer, Jr.",1899-07-22,,original filename: pulitzer_100018054,,reformatted digital,"Rare Book & Manuscript Library, Columbia University",NNC-RB,eng,,World Papers Box 12,,World records,Joseph Pulitzer and The World,still image,Original Format: Typed Memo,https://exhibitions.cul.columbia.edu/index.php/exhibits/show/pulitzer/the-world/newsboys--strike,http://www.columbia.edu/cgi-bin/cul/resolve?clio9225138
1,2947,0,correspondence,1899-07-24,,,,Telegram on the Newsboys' Strike,Telegram on the Newsboys' Strike,,,,"July 24, 1899",New York,"Seitz, Don Carlos, 1862-1935",,eng,,,"Gift of Joseph Pulitzer, Jr.",1899-07-24,,original filename: pulitzer_100018053,,reformatted digital,"Rare Book & Manuscript Library, Columbia University",NNC-RB,eng,,World Papers Box 12,,World records,Joseph Pulitzer and The World,still image,Original Format: Telegram,https://exhibitions.cul.columbia.edu/index.php/exhibits/show/pulitzer/the-world/newsboys--strike,http://www.columbia.edu/cgi-bin/cul/resolve?clio9225138
1,2946,0,books,1906,,approximate,,Cable Code Book used by H. A. Jenks. Pages 248-249,Cable Code Book used by H. A. Jenks,Pages 248-249,,,circa 1906,New York,"World (New York, N.Y. : 1860-1931)",,eng,,,"Gift of Joseph Pulitzer, Jr.",,,original filename: pulitzer_100018052e,,reformatted digital,"Rare Book & Manuscript Library, Columbia University",NNC-RB,eng,,Box 40,,World records,Joseph Pulitzer and The World,still image,Original Format: Manuscript book with printed additions,https://exhibitions.cul.columbia.edu/index.php/exhibits/show/pulitzer/the-world/cable-code-book,http://www.columbia.edu/cgi-bin/cul/resolve?clio9225138
1,2945,0,books,1906,,approximate,,Cable Code Book used by H. A. Jenks. Page 99,Cable Code Book used by H. A. Jenks,Page 99,,,circa 1906,New York,"World (New York, N.Y. : 1860-1931)",,eng,,,"Gift of Joseph Pulitzer, Jr.",,,original filename: pulitzer_100018052d,,reformatted digital,"Rare Book & Manuscript Library, Columbia University",NNC-RB,eng,,Box 40,,World records,Joseph Pulitzer and The World,still image,Original Format: Manuscript book with printed additions,https://exhibitions.cul.columbia.edu/index.php/exhibits/show/pulitzer/the-world/cable-code-book,http://www.columbia.edu/cgi-bin/cul/resolve?clio9225138
1,2944,0,books,1906,,approximate,,Cable Code Book used by H. A. Jenks. Page 91,Cable Code Book used by H. A. Jenks,Page 91,,,circa 1906,New York,"World (New York, N.Y. : 1860-1931)",,eng,,,"Gift of Joseph Pulitzer, Jr.",,,original filename: pulitzer_100018052c,,reformatted digital,"Rare Book & Manuscript Library, Columbia University",NNC-RB,eng,,Box 40,,World records,Joseph Pulitzer and The World,still image,Original Format: Manuscript book with printed additions,https://exhibitions.cul.columbia.edu/index.php/exhibits/show/pulitzer/the-world/cable-code-book,http://www.columbia.edu/cgi-bin/cul/resolve?clio9225138
1,2943,0,books,1906,,approximate,,Cable Code Book used by H. A. Jenks. Page 33,Cable Code Book used by H. A. Jenks,Page 33,,,circa 1906,New York,"World (New York, N.Y. : 1860-1931)",,eng,,,"Gift of Joseph Pulitzer, Jr.",,,original filename: pulitzer_100018052b,,reformatted digital,"Rare Book & Manuscript Library, Columbia University",NNC-RB,eng,,Box 40,,World records,Joseph Pulitzer and The World,still image,Original Format: Manuscript book with printed additions,https://exhibitions.cul.columbia.edu/index.php/exhibits/show/pulitzer/the-world/cable-code-book,http://www.columbia.edu/cgi-bin/cul/resolve?clio9225138
1,2942,0,books,1906,,approximate,,Cable Code Book used by H. A. Jenks. Pages 18-19,Cable Code Book used by H. A. Jenks,Pages 18-19,,,circa 1906,New York,"World (New York, N.Y. : 1860-1931)",,eng,,,"Gift of Joseph Pulitzer, Jr.",,,original filename: pulitzer_100018052a,,reformatted digital,"Rare Book & Manuscript Library, Columbia University",NNC-RB,eng,,Box 40,,World records,Joseph Pulitzer and The World,still image,Original Format: Manuscript book with printed additions,https://exhibitions.cul.columbia.edu/index.php/exhibits/show/pulitzer/the-world/cable-code-book,http://www.columbia.edu/cgi-bin/cul/resolve?clio9225138
1,2941,0,books,1906,,approximate,,Cable Code Book used by H. A. Jenks. Front cover,Cable Code Book used by H. A. Jenks,Front cover,,,circa 1906,New York,"World (New York, N.Y. : 1860-1931)",,eng,,,"Gift of Joseph Pulitzer, Jr.",,,original filename: pulitzer_100018052,,reformatted digital,"Rare Book & Manuscript Library, Columbia University",NNC-RB,eng,,Box 40,,World records,Joseph Pulitzer and The World,still image,Original Format: Manuscript book with printed additions,https://exhibitions.cul.columbia.edu/index.php/exhibits/show/pulitzer/the-world/cable-code-book,http://www.columbia.edu/cgi-bin/cul/resolve?clio9225138
1,2940,0,manuscripts,1889-10,,,,Address read at Cornerstone Laying Ceremony inscribed on parchment,Address read at Cornerstone Laying Ceremony inscribed on parchment,,,,"October, 1889",New York,"Pulitzer, Joseph, 1847-1911",,eng,,,,1889-10,,original filename: pulitzer_100018051,,reformatted digital,"Rare Book & Manuscript Library, Columbia University",NNC-RB,eng,,Flat Box 1,,World records,Joseph Pulitzer and The World,still image,Original Format: Manuscript on parchment,https://exhibitions.cul.columbia.edu/index.php/exhibits/show/pulitzer/the-world-building/laying-the-cornerstone,http://www.columbia.edu/cgi-bin/cul/resolve?clio9225138
1,2939,0,objects,1889-10,,,,Copper Cornerstone Box,Copper Cornerstone Box,,,,"October, 1889",New York,"World (New York, N.Y. : 1860-1931)",,eng,,,,1889-10,,original filename: pulitzer_100018050c,,reformatted digital,"Rare Book & Manuscript Library, Columbia University",NNC-RB,eng,,,,World records,Joseph Pulitzer and The World,still image,Original Format: Copper Box,https://exhibitions.cul.columbia.edu/index.php/exhibits/show/pulitzer/the-end-of-the-world/end-and-demolition,http://www.columbia.edu/cgi-bin/cul/resolve?clio9225138
1,2938,0,objects,1889-10,,,,Copper Cornerstone Box,Copper Cornerstone Box,,,,"October, 1889",New York,"World (New York, N.Y. : 1860-1931)",,eng,,,,1889-10,,original filename: pulitzer_100018050b,,reformatted digital,"Rare Book & Manuscript Library, Columbia University",NNC-RB,eng,,,,World records,Joseph Pulitzer and The World,still image,Original Format: Copper Box,https://exhibitions.cul.columbia.edu/index.php/exhibits/show/pulitzer/the-world-building/laying-the-cornerstone,http://www.columbia.edu/cgi-bin/cul/resolve?clio9225138
1,2937,0,objects,1889-10,,,,Copper Cornerstone Box,Copper Cornerstone Box,,,,"October, 1889",New York,"World (New York, N.Y. : 1860-1931)",,eng,,,,1889-10,,original filename: pulitzer_100018050a,,reformatted digital,"Rare Book & Manuscript Library, Columbia University",NNC-RB,eng,,,,World records,Joseph Pulitzer and The World,still image,Original Format: Copper Box,,http://www.columbia.edu/cgi-bin/cul/resolve?clio9225138
1,2936,0,objects,1889-10,,,,Copper Cornerstone Box,Copper Cornerstone Box,,,,"October, 1889",New York,"World (New York, N.Y. : 1860-1931)",,eng,,,,1889-10,,original filename: pulitzer_100018050,,reformatted digital,"Rare Book & Manuscript Library, Columbia University",NNC-RB,eng,,,,World records,Joseph Pulitzer and The World,still image,Original Format: Copper Box,,http://www.columbia.edu/cgi-bin/cul/resolve?clio9225138
1,2935,0,books,1890,,,,"World, Its History & Its New Home. Back cover","World, Its History & Its New Home",Back cover,"World (New York, N.Y. : 1860-1931)",,1890,New York,"World (New York, N.Y. : 1860-1931)",,eng,,,American Typefounders Company Library,1890,,original filename: pulitzer_100018048b,,reformatted digital,"Rare Book & Manuscript Library, Columbia University",NNC-RB,eng,,PN4899 N48 1890,,Graphic Arts,Joseph Pulitzer and The World,still image,Original Format: Printed pamphlet,https://exhibitions.cul.columbia.edu/index.php/exhibits/show/pulitzer/the-world-building/the-world-building-finished,http://www.columbia.edu/cgi-bin/cul/resolve?clio9225138
1,2934,0,books,1890,,,,"World, Its History & Its New Home. Title page","World, Its History & Its New Home",Title page,,,1890,New York,"World (New York, N.Y. : 1860-1931)",,eng,,,American Typefounders Company Library,1890,,original filename: pulitzer_100018048a,,reformatted digital,"Rare Book & Manuscript Library, Columbia University",NNC-RB,eng,,PN4899 N48 1890,,Graphic Arts,Joseph Pulitzer and The World,still image,Original Format: Printed pamphlet,https://exhibitions.cul.columbia.edu/index.php/exhibits/show/pulitzer/the-world-building/the-world-building-finished,http://www.columbia.edu/cgi-bin/cul/resolve?clio9225138
1,2933,0,books,1890,,,,"World, Its History & Its New Home. Front cover","World, Its History & Its New Home",Front cover,,,1890,New York,"World (New York, N.Y. : 1860-1931)",,eng,,,American Typefounders Company Library,1890,,original filename: pulitzer_100018048,,reformatted digital,"Rare Book & Manuscript Library, Columbia University",NNC-RB,eng,,PN4899 N48 1890,,Graphic Arts,Joseph Pulitzer and The World,still image,Original Format: Printed pamphlet,https://exhibitions.cul.columbia.edu/index.php/exhibits/show/pulitzer/the-world-building/the-world-building-finished,http://www.columbia.edu/cgi-bin/cul/resolve?clio9225138
1,2932,0,periodicals,1889-10-10,,,,"World, Evening Edition, Second Anniversary Number","World, Evening Edition, Second Anniversary Number",,,,"October 10, 1889",New York,"World (New York, N.Y. : 1860-1931)",,eng,,,"Gift of Joseph Pulitzer, Jr.",1889-10-10,,original filename: pulitzer_100018047,,reformatted digital,"Rare Book & Manuscript Library, Columbia University",NNC-RB,eng,,Box 10,,World records,Joseph Pulitzer and The World,still image,Original Format: Newspaper,https://exhibitions.cul.columbia.edu/index.php/exhibits/show/pulitzer/the-world-building/laying-the-cornerstone,http://www.columbia.edu/cgi-bin/cul/resolve?clio9225138
1,2931,0,correspondence,1889-05-15,,,,Typed letter to George Post,Typed letter to George Post,,,,"May 15, 1889",New York,"Turner, George","Post, George A. (George Adams), 1854-1925",eng,,,"Gift of Joseph Pulitzer, Jr.",1889-05-15,,original filename: pulitzer_100018046,,reformatted digital,"Rare Book & Manuscript Library, Columbia University",NNC-RB,eng,,Box 10,,World records,Joseph Pulitzer and The World,still image,"Original Format: Typed letter, carbon, unsigned",https://exhibitions.cul.columbia.edu/index.php/exhibits/show/pulitzer/the-world-building/building-the-world-building,http://www.columbia.edu/cgi-bin/cul/resolve?clio9225138
1,2930,0,correspondence,1889-03-19,,,,"Manuscript letter with autograph notes, signed, to Turner. Page 15","Manuscript letter with autograph notes, signed, to Turner",Page 15,,,"March 19, 1889",New York,"Pulitzer, Joseph, 1847-1911",,eng,,,"Gift of Joseph Pulitzer, Jr.",1889-03-19,,original filename: pulitzer_100018045a,,reformatted digital,"Rare Book & Manuscript Library, Columbia University",NNC-RB,eng,,Box 10,,World records,Joseph Pulitzer and The World,still image,"Original Format: Manuscript letter with autograph notes, signed",https://exhibitions.cul.columbia.edu/index.php/exhibits/show/pulitzer/the-world-building/building-the-world-building,http://www.columbia.edu/cgi-bin/cul/resolve?clio9225138
1,2929,0,correspondence,1889-03-19,,,,"Manuscript letter with autograph notes, signed, to Turner. Page 1","Manuscript letter with autograph notes, signed, to Turner",Page 1,,,"March 19, 1889",New York,"Pulitzer, Joseph, 1847-1911",,eng,,,"Gift of Joseph Pulitzer, Jr.",1889-03-19,,original filename: pulitzer_100018045,,reformatted digital,"Rare Book & Manuscript Library, Columbia University",NNC-RB,eng,,Box 10,,World records,Joseph Pulitzer and The World,still image,"Original Format: Manuscript letter with autograph notes, signed",https://exhibitions.cul.columbia.edu/index.php/exhibits/show/pulitzer/the-world-building/building-the-world-building,http://www.columbia.edu/cgi-bin/cul/resolve?clio9225138
1,2928,0,printed ephemera,1899,,,,"Pulitzer Building, 53-63 Park Row, New York, Office: Room No. 8","Pulitzer Building, 53-63 Park Row, New York, Office: Room No. 8",,,,1899,New York,"World (New York, N.Y. : 1860-1931)",,eng,,,"Gift of Joseph Pulitzer, Jr.",1899,,original filename: pulitzer_100018044,,reformatted digital,"Rare Book & Manuscript Library, Columbia University",NNC-RB,eng,,Box 12,,World records,Joseph Pulitzer and The World,still image,Original Format: Printed floorplan,https://exhibitions.cul.columbia.edu/index.php/exhibits/show/pulitzer/the-world/working-at-the-world,http://www.columbia.edu/cgi-bin/cul/resolve?clio9225138
1,2927,0,printed ephemera,1889,,,,Office Directory,Office Directory,,,,1889,New York,"World (New York, N.Y. : 1860-1931)",,eng,,,"Gift of Joseph Pulitzer, Jr.",1889,,original filename: pulitzer_100018043,,reformatted digital,"Rare Book & Manuscript Library, Columbia University",NNC-RB,eng,,Box 10,,World records,Joseph Pulitzer and The World,still image,Original Format: Printed pamphlet,https://exhibitions.cul.columbia.edu/index.php/exhibits/show/pulitzer/the-world/working-at-the-world,http://www.columbia.edu/cgi-bin/cul/resolve?clio9225138
1,2926,0,printed ephemera,1889-10,,,,"Laying of the Corner Stone of the Pulitzer Building, Thursday, October 10, 1889","Laying of the Corner Stone of the Pulitzer Building, Thursday, October 10, 1889",,,,"October, 1889",New York,"World (New York, N.Y. : 1860-1931)",,eng,,,"Gift of Joseph Pulitzer, Jr.",1889-10,,original filename: pulitzer_100018042a,,reformatted digital,"Rare Book & Manuscript Library, Columbia University",NNC-RB,eng,,Box 10,,World records,Joseph Pulitzer and The World,still image,Original Format: Printed pamphlet,https://exhibitions.cul.columbia.edu/index.php/exhibits/show/pulitzer/the-world-building/laying-the-cornerstone,http://www.columbia.edu/cgi-bin/cul/resolve?clio9225138
1,2925,0,printed ephemera,1889-10,,,,"Laying of the Corner Stone of the Pulitzer Building, Thursday, October 10, 1889","Laying of the Corner Stone of the Pulitzer Building, Thursday, October 10, 1889",,,,"October, 1889",New York,"World (New York, N.Y. : 1860-1931)",,eng,,,"Gift of Joseph Pulitzer, Jr.",1889-10,,original filename: pulitzer_100018042,,reformatted digital,"Rare Book & Manuscript Library, Columbia University",NNC-RB,eng,,Box 10,,World records,Joseph Pulitzer and The World,still image,Original Format: Printed pamphlet,https://exhibitions.cul.columbia.edu/index.php/exhibits/show/pulitzer/the-world-building/laying-the-cornerstone,http://www.columbia.edu/cgi-bin/cul/resolve?clio9225138
1,2924,0,manuscripts,1889-05-24,,,,Printed and manuscript contract for one pair Watts-Campbell Improved Corliss Steam Engine,Printed and manuscript contract for one pair Watts-Campbell Improved Corliss Steam Engine,,,,"May 24, 1889",New York,Watts-Campbell Company (Newark),,eng,,,"Gift of Joseph Pulitzer, Jr.",1889-05-24,,original filename: pulitzer_100018041,,reformatted digital,"Rare Book & Manuscript Library, Columbia University",NNC-RB,eng,,Box 2,,World records,Joseph Pulitzer and The World,still image,"Original Format: Autograph letter, signed, to Joseph Pulitzer, with draft of reply",https://exhibitions.cul.columbia.edu/index.php/exhibits/show/pulitzer/the-world-building/building-the-world-building,http://www.columbia.edu/cgi-bin/cul/resolve?clio9225138
1,2923,0,correspondence,1886-11-18,,,,Autograph letter to Joseph Pulitzer with draft of reply,Autograph letter to Joseph Pulitzer with draft of reply,,,,"November 18, 1886",New York,"Gould, Jay, 1836-1892",,eng,,,"Gift of Joseph Pulitzer, Jr.",1886-11-18,,original filename: pulitzer_100018040a,,reformatted digital,"Rare Book & Manuscript Library, Columbia University",NNC-RB,eng,,Box 2,,Joseph Pulitzer papers,Joseph Pulitzer and The World,still image,"Original Format: Autograph letter, signed, to Joseph Pulitzer, with draft of reply",,http://www.columbia.edu/cgi-bin/cul/resolve?clio9225138
1,2922,0,correspondence,1886-11-18,,,,Autograph letter to Joseph Pulitzer with draft of reply,Autograph letter to Joseph Pulitzer with draft of reply,,,,"November 18, 1886",New York,"Gould, Jay, 1836-1892",,eng,,,"Gift of Joseph Pulitzer, Jr.",1886-11-18,,original filename: pulitzer_100018040,,reformatted digital,"Rare Book & Manuscript Library, Columbia University",NNC-RB,eng,,Box 2,,Joseph Pulitzer papers,Joseph Pulitzer and The World,still image,"Original Format: Autograph letter, signed, to Joseph Pulitzer, with draft of reply",,http://www.columbia.edu/cgi-bin/cul/resolve?clio9225138
1,2921,0,manuscripts,1909-03-29,,,,Newspaper and Printing Concerns in the Pulitzer Building,Newspaper and Printing Concerns in the Pulitzer Building,,,,"March 29, 1909",New York,"Seitz, Don Carlos, 1862-1935",,eng,,,"Gift of Joseph Pulitzer, Jr.",1909,,original filename: pulitzer_100018039,,reformatted digital,"Rare Book & Manuscript Library, Columbia University",NNC-RB,eng,,Box 48,,World records,Joseph Pulitzer and The World,still image,"Original Format: Typescript list, signed",https://exhibitions.cul.columbia.edu/index.php/exhibits/show/pulitzer/the-world/working-at-the-world,http://www.columbia.edu/cgi-bin/cul/resolve?clio9225138
1,2920,0,printed ephemera,1890,,approximate,,Improved Air-Cushion with Self-Closing Elevator Door,Improved Air-Cushion with Self-Closing Elevator Door,,,,circa 1890,New York,"Ellithorpe, F. T.",,eng,,,"Gift of Joseph Pulitzer, Jr.",,,original filename: pulitzer_100018038,,reformatted digital,"Rare Book & Manuscript Library, Columbia University",NNC-RB,eng,,Box 11,,World records,Joseph Pulitzer and The World,still image,Original Format: Printed pamphlet,https://exhibitions.cul.columbia.edu/index.php/exhibits/show/pulitzer/the-world-building/building-the-world-building,http://www.columbia.edu/cgi-bin/cul/resolve?clio9225138
1,2919,0,photographs,1889,,,,Photograph of World Building drawing,Photograph of World Building drawing,,"World (New York, N.Y. : 1860-1931)",,1889,New York,"Post, George Browne, 1837-1913",,eng,,,"Gift of Joseph Pulitzer, Jr.",1889,,original filename: pulitzer_100018037,,reformatted digital,"Rare Book & Manuscript Library, Columbia University",NNC-RB,eng,,Box 10,,World records,Joseph Pulitzer and The World,still image,Original Format: Photograph,https://exhibitions.cul.columbia.edu/index.php/exhibits/show/pulitzer/the-world-building/building-the-world-building,http://www.columbia.edu/cgi-bin/cul/resolve?clio9225138
1,2918,0,manuscripts,1888-03-31,1888-04-18,,,Personal ledger,Personal ledger,,,,"March 31-April 18, 1888",New York,"Pulitzer, Joseph, 1847-1911",,eng,,,"Gift of Joseph Pulitzer, Jr.",1888-03-31 - 1888-04-18,,original filename: pulitzer_100018036,,reformatted digital,"Rare Book & Manuscript Library, Columbia University",NNC-RB,eng,,Box 7,,Joseph Pulitzer papers,Joseph Pulitzer and The World,still image,Original Format: Manuscript document,https://exhibitions.cul.columbia.edu/index.php/exhibits/show/pulitzer/pulitzer-family/family-letters,http://www.columbia.edu/cgi-bin/cul/resolve?clio9225138
1,2917,0,manuscripts,1887-08,,inferred,,Conspicuous Features in World since Mar. 1/85,Conspicuous Features in World since Mar. 1/85,,,,"[August, 1887]",New York,"World (New York, N.Y. : 1860-1931)",,eng,,,"Gift of Joseph Pulitzer, Jr.",1887-08,,original filename: pulitzer_100018034,,reformatted digital,"Rare Book & Manuscript Library, Columbia University",NNC-RB,eng,,World Papers Box 9,,World records,Joseph Pulitzer and The World,still image,Original Format: Manuscript list,https://exhibitions.cul.columbia.edu/index.php/exhibits/show/pulitzer/the-statue-of-liberty/statue-of-liberty,http://www.columbia.edu/cgi-bin/cul/resolve?clio9225138
1,2916,0,manuscripts,1887,,inferred,,List of committee members,List of committee members,,,,[1887],Paris (France),Monument Bartholdi Comit,,eng,,,"Gift of Joseph Pulitzer, Jr.",1887,,original filename: pulitzer_100018033a,,reformatted digital,"Rare Book & Manuscript Library, Columbia University",NNC-RB,eng,,Box 9,,World records,Joseph Pulitzer and The World,still image,Original Format: Manuscript list,https://exhibitions.cul.columbia.edu/index.php/exhibits/show/pulitzer/the-statue-of-liberty/statue-of-liberty,http://www.columbia.edu/cgi-bin/cul/resolve?clio9225138
1,2915,0,correspondence,1887,,inferred,,Autograph letter signed by A. Rubin with list of committee members,Autograph letter signed by A. Rubin with list of committee members,,,,[1887],Paris (France),Monument Bartholdi Comit,,eng,,,"Gift of Joseph Pulitzer, Jr.",1887,,original filename: pulitzer_100018033,,reformatted digital,"Rare Book & Manuscript Library, Columbia University",NNC-RB,eng,,Box 9,,World records,Joseph Pulitzer and The World,still image,"Original Format: Autograph letter, signed",https://exhibitions.cul.columbia.edu/index.php/exhibits/show/pulitzer/the-statue-of-liberty/statue-of-liberty,http://www.columbia.edu/cgi-bin/cul/resolve?clio9225138
1,2914,0,manuscripts,1887,,inferred,,Autograph drafts relating to dedication of Statue of Liberty,Autograph drafts relating to dedication of Statue of Liberty,,,,[1887],New York,"Pulitzer, Joseph, 1847-1911",,eng,,,"Gift of Joseph Pulitzer, Jr.",1887,,original filename: pulitzer_100018032b,,reformatted digital,"Rare Book & Manuscript Library, Columbia University",NNC-RB,eng,,Box 9,,World records,Joseph Pulitzer and The World,still image,Original Format: Autograph drafts,https://exhibitions.cul.columbia.edu/index.php/exhibits/show/pulitzer/the-statue-of-liberty/statue-of-liberty,http://www.columbia.edu/cgi-bin/cul/resolve?clio9225138
1,2913,0,manuscripts,1887,,inferred,,Autograph drafts relating to dedication of Statue of Liberty,Autograph drafts relating to dedication of Statue of Liberty,,,,[1887],New York,"Pulitzer, Joseph, 1847-1911",,eng,,,"Gift of Joseph Pulitzer, Jr.",1887,,original filename: pulitzer_100018032a,,reformatted digital,"Rare Book & Manuscript Library, Columbia University",NNC-RB,eng,,Box 9,,World records,Joseph Pulitzer and The World,still image,Original Format: Autograph drafts,,http://www.columbia.edu/cgi-bin/cul/resolve?clio9225138
1,2912,0,manuscripts,1887,,inferred,,Autograph drafts relating to dedication of Statue of Liberty,Autograph drafts relating to dedication of Statue of Liberty,,,,[1887],New York,"Pulitzer, Joseph, 1847-1911",,eng,,,"Gift of Joseph Pulitzer, Jr.",1887,,original filename: pulitzer_100018032,,reformatted digital,"Rare Book & Manuscript Library, Columbia University",NNC-RB,eng,,Box 9,,World records,Joseph Pulitzer and The World,still image,Original Format: Autograph drafts,,http://www.columbia.edu/cgi-bin/cul/resolve?clio9225138
1,2911,0,correspondence,1886-10-15,,,,Autograph letter to Joseph Pulitzer,Autograph letter to Joseph Pulitzer,,,,"October 15, 1886",New York,"Campiglio, P. F.",,eng,,,"Gift of Joseph Pulitzer, Jr.",1886-10-15,,original filename: pulitzer_100018031,,reformatted digital,"Rare Book & Manuscript Library, Columbia University",NNC-RB,eng,,Box 8,,World records,Joseph Pulitzer and The World,still image,"Original Format: Autograph letter, signed",https://exhibitions.cul.columbia.edu/index.php/exhibits/show/pulitzer/the-statue-of-liberty/statue-of-liberty,http://www.columbia.edu/cgi-bin/cul/resolve?clio9225138
1,2910,0,correspondence,1886-10-13,,,,Letters received regarding Statue of Liberty dedication,Letters received regarding Statue of Liberty dedication,,,,"October 13, 1886",Philadelphia (Pa.),"Hoope, A. W.",,eng,,,"Gift of Joseph Pulitzer, Jr.",1886-10-13,,original filename: pulitzer_100018030b,,reformatted digital,"Rare Book & Manuscript Library, Columbia University",NNC-RB,eng,,Box 8,,World records,Joseph Pulitzer and The World,still image,"Original Format: Autograph letter, signed",https://exhibitions.cul.columbia.edu/index.php/exhibits/show/pulitzer/the-statue-of-liberty/statue-of-liberty,http://www.columbia.edu/cgi-bin/cul/resolve?clio9225138
1,2909,0,correspondence,1886-10-26,,,,Letters received regarding Statue of Liberty dedication,Letters received regarding Statue of Liberty dedication,,,,"October 26, 1886",New York,"Kehoe, John",,eng,,,"Gift of Joseph Pulitzer, Jr.",1886-10-26,,original filename: pulitzer_100018030a,,reformatted digital,"Rare Book & Manuscript Library, Columbia University",NNC-RB,eng,,Box 8,,World records,Joseph Pulitzer and The World,still image,"Original Format: Autograph letter, signed",,http://www.columbia.edu/cgi-bin/cul/resolve?clio9225138
1,2908,0,correspondence,1886-10-26,,,,Letters received regarding Statue of Liberty dedication,Letters received regarding Statue of Liberty dedication,,,,"October 26, 1886",New York,Enthusiast,,eng,,,"Gift of Joseph Pulitzer, Jr.",1886-10-26,,original filename: pulitzer_100018030,,reformatted digital,"Rare Book & Manuscript Library, Columbia University",NNC-RB,eng,,Box 8,,World records,Joseph Pulitzer and The World,still image,"Original Format: Autograph letter, signed",,http://www.columbia.edu/cgi-bin/cul/resolve?clio9225138
1,2907,0,correspondence,1886-11-27,,,,"Draft letter, with autograph corrections, to Dr. Mumford","Draft letter, with autograph corrections, to Dr. Mumford",,,,"November 27, 1886",New York,"Pulitzer, Joseph, 1847-1911",,eng,,,"Gift of Joseph Pulitzer, Jr.",1886-11-27,,original filename: pulitzer_100018029,,reformatted digital,"Rare Book & Manuscript Library, Columbia University",NNC-RB,eng,,Box 6,,Joseph Pulitzer papers,Joseph Pulitzer and The World,still image,"Original Format: Draft letter, with autograph corrections",,http://www.columbia.edu/cgi-bin/cul/resolve?clio9225138
1,2906,0,printed ephemera,1885-03,,inferred,,Phenomenal Success and the Figures to Prove It,Phenomenal Success and the Figures to Prove It,,,,[March 1885],New York,"World (New York, N.Y. : 1860-1931)",,eng,,,"Gift of Joseph Pulitzer, Jr.",1885-03,,original filename: pulitzer_100018028,,reformatted digital,"Rare Book & Manuscript Library, Columbia University",NNC-RB,eng,,Box 8,,World records,Joseph Pulitzer and The World,still image,Original Format: Printed and manuscript document,https://exhibitions.cul.columbia.edu/index.php/exhibits/show/pulitzer/the-world/the-world,http://www.columbia.edu/cgi-bin/cul/resolve?clio9225138
1,2905,0,correspondence,1886-12-08,,,,"Draft letter of introduction, with autograph corrections, signed, for John A. Cockerill","Draft letter of introduction, with autograph corrections, signed, for John A. Cockerill",,,,"December 8, 1886",New York,"Pulitzer, Joseph, 1847-1911",,eng,,,"Gift of Joseph Pulitzer, Jr.",1886-12-08,,original filename: pulitzer_100018027,,reformatted digital,"Rare Book & Manuscript Library, Columbia University",NNC-RB,eng,,Box 8,,World records,Joseph Pulitzer and The World,still image,"Original Format: Draft letter, signed",https://exhibitions.cul.columbia.edu/index.php/exhibits/show/pulitzer/the-world/working-at-the-world,http://www.columbia.edu/cgi-bin/cul/resolve?clio9225138
1,2904,0,printed ephemera,1888-05,,,,Earnings for the Week ending May 26th 1888,Earnings for the Week ending May 26th 1888,,,,"May, 1888",New York,"World (New York, N.Y. : 1860-1931)",,eng,,,"Gift of Joseph Pulitzer, Jr.",1888-05,,original filename: pulitzer_100018026,,reformatted digital,"Rare Book & Manuscript Library, Columbia University",NNC-RB,eng,,Box 10,,World records,Joseph Pulitzer and The World,still image,Original Format: Manuscript document,https://exhibitions.cul.columbia.edu/index.php/exhibits/show/pulitzer/the-world/the-world,http://www.columbia.edu/cgi-bin/cul/resolve?clio9225138
1,2903,0,manuscripts,1903,1905,,,Transcripts of Pitman shorthand notebooks. Page 4,Transcripts of Pitman shorthand notebooks,Page 4,,,1903-1905,New York,"Pulitzer, Joseph, 1847-1911",,eng,,,Gift of Mrs. Louis M. Starr 1983-1984,1903 1905,,original filename: pulitzer_100018025c,,reformatted digital,"Rare Book & Manuscript Library, Columbia University",NNC-RB,eng,,Box 5,,Louis Morris Starr papers,Joseph Pulitzer and The World,still image,Original Format: Typescript,,http://www.columbia.edu/cgi-bin/cul/resolve?clio9225138
1,2902,0,manuscripts,1903,1905,,,Transcripts of Pitman shorthand notebooks. Page 3,Transcripts of Pitman shorthand notebooks,Page 3,,,1903-1905,New York,"Pulitzer, Joseph, 1847-1911",,eng,,,Gift of Mrs. Louis M. Starr 1983-1984,1903 1905,,original filename: pulitzer_100018025b,,reformatted digital,"Rare Book & Manuscript Library, Columbia University",NNC-RB,eng,,Box 5,,Louis Morris Starr papers,Joseph Pulitzer and The World,still image,Original Format: Typescript,,http://www.columbia.edu/cgi-bin/cul/resolve?clio9225138
1,2901,0,manuscripts,1903,1905,,,Transcripts of Pitman shorthand notebooks. Page 2,Transcripts of Pitman shorthand notebooks,Page 2,,,1903-1905,New York,"Pulitzer, Joseph, 1847-1911",,eng,,,Gift of Mrs. Louis M. Starr 1983-1984,1903 1905,,original filename: pulitzer_100018025a,,reformatted digital,"Rare Book & Manuscript Library, Columbia University",NNC-RB,eng,,Box 5,,Louis Morris Starr papers,Joseph Pulitzer and The World,still image,Original Format: Typescript,,http://www.columbia.edu/cgi-bin/cul/resolve?clio9225138
1,2900,0,manuscripts,1903,1905,,,Transcripts of Pitman shorthand notebooks. Page 1,Transcripts of Pitman shorthand notebooks,Page 1,,,1903-1905,New York,"Pulitzer, Joseph, 1847-1911",,eng,,,Gift of Mrs. Louis M. Starr 1983-1984,1903 1905,,original filename: pulitzer_100018025,,reformatted digital,"Rare Book & Manuscript Library, Columbia University",NNC-RB,eng,,Box 5,,Louis Morris Starr papers,Joseph Pulitzer and The World,still image,Original Format: Typescript,https://exhibitions.cul.columbia.edu/index.php/exhibits/show/pulitzer/pulitzer-biographies/pulitzer-biographies,http://www.columbia.edu/cgi-bin/cul/resolve?clio9225138
1,2899,0,correspondence,1883-11-15,,,,Autograph letter signed by 49 compositors,Autograph letter signed by 49 compositors,,,,"November 15, 1883",New York,World Composing Room,,eng,,,"Gift of Joseph Pulitzer, Jr.",1883-11-15,,original filename: pulitzer_100018024,,reformatted digital,"Rare Book & Manuscript Library, Columbia University",NNC-RB,eng,,Box 7,,World records,Joseph Pulitzer and The World,still image,"Original Format: Manuscript document, signed",https://exhibitions.cul.columbia.edu/index.php/exhibits/show/pulitzer/the-world/working-at-the-world,http://www.columbia.edu/cgi-bin/cul/resolve?clio9225138
1,2898,0,correspondence,1883-11-01,,,,Autograph letter to Joseph Pulitzer,Autograph letter to Joseph Pulitzer,,,,"November 1, 1883",New York,"Olney, George Washington, 1835-1916",,eng,,,"Gift of Joseph Pulitzer, Jr.",1883-11-01,,original filename: pulitzer_100018023,,reformatted digital,"Rare Book & Manuscript Library, Columbia University",NNC-RB,eng,,Box 7,,World records,Joseph Pulitzer and The World,still image,"Original Format: Autograph letter, signed",https://exhibitions.cul.columbia.edu/index.php/exhibits/show/pulitzer/the-world/the-world,http://www.columbia.edu/cgi-bin/cul/resolve?clio9225138
1,2897,0,clippings,1889,,inferred,,"World, clipping, Masthead 1889","World, clipping, Masthead 1889",,"World (New York, N.Y. : 1860-1931)",,[1889],New York,"World (New York, N.Y. : 1860-1931)",,eng,,,"Gift of Joseph Pulitzer, Jr.",1889,,original filename: pulitzer_100018022,,reformatted digital,"Rare Book & Manuscript Library, Columbia University",NNC-RB,eng,,Box 10,,World records,Joseph Pulitzer and The World,still image,Original Format: Printed newspaper clipping,https://exhibitions.cul.columbia.edu/index.php/exhibits/show/pulitzer/the-world/the-world,http://www.columbia.edu/cgi-bin/cul/resolve?clio9225138
1,2896,0,correspondence,1885-07-08,,,,Autograph letter to Joseph Pulitzer,Autograph letter to Joseph Pulitzer,,,,"July 8, 1885",Saint Louis (Mo.),"Dillon, John A.",,eng,,,"Gift of Joseph Pulitzer, Jr.",1885-07-08,,original filename: pulitzer_100018021,,reformatted digital,"Rare Book & Manuscript Library, Columbia University",NNC-RB,eng,,Box 5,,Joseph Pulitzer papers,Joseph Pulitzer and The World,still image,"Original Format: Autograph letter, signed",https://exhibitions.cul.columbia.edu/index.php/exhibits/show/pulitzer/pulitzer-family/health-problems,http://www.columbia.edu/cgi-bin/cul/resolve?clio9225138
1,2895,0,periodicals,1883-05-11,,,,"World, May 11, 1883","World, May 11, 1883",,,,"May 11, 1883",New York,"World (New York, N.Y. : 1860-1931)",,eng,,,,1883-05-11,,original filename: pulitzer_100018020,,reformatted digital,"Rare Book & Manuscript Library, Columbia University",NNC-RB,eng,,Box 10,,World records,Joseph Pulitzer and The World,still image,Original Format: Printed newspaper,https://exhibitions.cul.columbia.edu/index.php/exhibits/show/pulitzer/the-world/the-world,http://www.columbia.edu/cgi-bin/cul/resolve?clio9225138
1,2894,0,books,1888,,inferred,,World 1889 Almanac. Back,World 1889 Almanac,Back,,,[1888],New York,"World (New York, N.Y. : 1860-1931)",,eng,,,"Gift of Joseph Pulitzer, Jr.",1888,,original filename: pulitzer_100018019a,,reformatted digital,"Rare Book & Manuscript Library, Columbia University",NNC-RB,eng,,Box 10,,World records,Joseph Pulitzer and The World,still image,Original Format: Printed book,https://exhibitions.cul.columbia.edu/index.php/exhibits/show/pulitzer/the-world/the-world,http://www.columbia.edu/cgi-bin/cul/resolve?clio9225138
1,2893,0,books,1888,,inferred,,World 1889 Almanac. Front,World 1889 Almanac,Front,,,[1888],New York,"World (New York, N.Y. : 1860-1931)",,eng,,,"Gift of Joseph Pulitzer, Jr.",1888,,original filename: pulitzer_100018019,,reformatted digital,"Rare Book & Manuscript Library, Columbia University",NNC-RB,eng,,Box 10,,World records,Joseph Pulitzer and The World,still image,Original Format: Printed book,https://exhibitions.cul.columbia.edu/index.php/exhibits/show/pulitzer/the-world/the-world,http://www.columbia.edu/cgi-bin/cul/resolve?clio9225138
1,2892,0,manuscripts,1908-03,1909-02,,,Official Charges account book,Official Charges account book,,,,March 1908 - February 1909,Leith and various places,Steam Yacht Liberty,,eng,,,"Gift of Joseph Pulitzer, Jr.",1908-03 - 1909-02,,original filename: pulitzer_100018018,,reformatted digital,"Rare Book & Manuscript Library, Columbia University",NNC-RB,eng,,Box 49,,Joseph Pulitzer papers,Joseph Pulitzer and The World,still image,Original Format: Ledger,https://exhibitions.cul.columbia.edu/index.php/exhibits/show/pulitzer/pulitzer-family/homes,http://www.columbia.edu/cgi-bin/cul/resolve?clio9225138
1,2891,0,correspondence,1906-01-03,,,,Autograph letter to Joseph Pulitzer,Autograph letter to Joseph Pulitzer,,,,3-Jan-1906,New York,"Davis, Varina, 1826-1906",,eng,,,"Gift of Joseph Pulitzer, Jr.",,,original filename: pulitzer_100018017,,reformatted digital,"Rare Book & Manuscript Library, Columbia University",NNC-RB,eng,,Box 2,,Joseph Pulitzer papers,Joseph Pulitzer and The World,still image,"Original Format: Autograph letter, signed",https://exhibitions.cul.columbia.edu/index.php/exhibits/show/pulitzer/pulitzer-family/family-letters,http://www.columbia.edu/cgi-bin/cul/resolve?clio9225138
1,2890,0,correspondence,1888-01-14,,inferred,,Autograph letter to Kate Davis Pulitzer,Autograph letter to Kate Davis Pulitzer,,,,"January 14, [1888]",Washington (D.C.),"Marble, Manton, 1834-1917",,eng,,,"Gift of Joseph Pulitzer, Jr.",1888-01-14,,original filename: pulitzer_100018016,,reformatted digital,"Rare Book & Manuscript Library, Columbia University",NNC-RB,eng,,Box 2,,Joseph Pulitzer papers,Joseph Pulitzer and The World,still image,"Original Format: Autograph letter, signed",https://exhibitions.cul.columbia.edu/index.php/exhibits/show/pulitzer/pulitzer-family/health-problems,http://www.columbia.edu/cgi-bin/cul/resolve?clio9225138
1,2889,0,correspondence,1891-12-18,,inferred,,Typed letter to Kate Davis Pulitzer,Typed letter to Kate Davis Pulitzer,,,,"[December 18, 1891]",Philadelphia (Pa.),"Mitchell, S. Weir (Silas Weir), 1829-1914",,eng,,,,1891-12-18,,original filename: pulitzer_100018015b,,reformatted digital,"Rare Book & Manuscript Library, Columbia University",NNC-RB,eng,,Box 10,,Joseph Pulitzer papers,Joseph Pulitzer and The World,still image,Original Format: Typed letter,,http://www.columbia.edu/cgi-bin/cul/resolve?clio9225138
1,2888,0,correspondence,1891-12-18,,inferred,,Typed letter to Kate Davis Pulitzer,Typed letter to Kate Davis Pulitzer,,,,"[December 18, 1891]",Philadelphia (Pa.),"Mitchell, S. Weir (Silas Weir), 1829-1914",,eng,,,,1891-12-18,,original filename: pulitzer_100018015a,,reformatted digital,"Rare Book & Manuscript Library, Columbia University",NNC-RB,eng,,Box 10,,Joseph Pulitzer papers,Joseph Pulitzer and The World,still image,Original Format: Typed letter,https://exhibitions.cul.columbia.edu/index.php/exhibits/show/pulitzer/pulitzer-family/health-problems,http://www.columbia.edu/cgi-bin/cul/resolve?clio9225138
1,2887,0,correspondence,1891-12-18,,inferred,,Envelope to Kate Davis Pulitzer,Envelope to Kate Davis Pulitzer,,,,"[December 18, 1891]",Philadelphia (Pa.),"Mitchell, S. Weir (Silas Weir), 1829-1914",,eng,,,,1891-12-18,,original filename: pulitzer_100018015,,reformatted digital,"Rare Book & Manuscript Library, Columbia University",NNC-RB,eng,,Box 10,,Joseph Pulitzer papers,Joseph Pulitzer and The World,still image,Original Format: Envelope,https://exhibitions.cul.columbia.edu/index.php/exhibits/show/pulitzer/pulitzer-family/health-problems,http://www.columbia.edu/cgi-bin/cul/resolve?clio9225138
1,2886,0,periodicals,1889-10-07,,,,St. Louis Post Dispatch,St. Louis Post Dispatch,,,,"October 7, 1889",Saint Louis (Mo.),St. Louis Post Dispatch,,eng,,,,1889-10-07,,original filename: pulitzer_100018014,,reformatted digital,"Rare Book & Manuscript Library, Columbia University",NNC-RB,eng,,Box 10,,World records,Joseph Pulitzer and The World,still image,Original Format: Newspaper,https://exhibitions.cul.columbia.edu/index.php/exhibits/show/pulitzer/the-world/the-st--louis-post-dispatch,http://www.columbia.edu/cgi-bin/cul/resolve?clio9225138
1,2885,0,correspondence,1887-07-09,,,,Autograph letter to Kate Pulitzer,Autograph letter to Kate Pulitzer,,,,"June 9, 1887",New York,"Pulitzer, Ralph, 1879-1939",,eng,,,"Gift of Joseph Pulitzer, Jr.",1887-06-09,,original filename: pulitzer_100018013e,,reformatted digital,"Rare Book & Manuscript Library, Columbia University",NNC-RB,eng,,Box 7,,Joseph Pulitzer papers,Joseph Pulitzer and The World,still image,"Original Format: Autograph letter, signed",https://exhibitions.cul.columbia.edu/index.php/exhibits/show/pulitzer/pulitzer-family/family-life,http://www.columbia.edu/cgi-bin/cul/resolve?clio9225138
1,2884,0,correspondence,1887-07-09,,,,Autograph letter to Kate Pulitzer,Autograph letter to Kate Pulitzer,,,,"June 9, 1887",New York,"Pulitzer, Ralph, 1879-1939",,eng,,,"Gift of Joseph Pulitzer, Jr.",1887-06-09,,original filename: pulitzer_100018013d,,reformatted digital,"Rare Book & Manuscript Library, Columbia University",NNC-RB,eng,,Box 7,,Joseph Pulitzer papers,Joseph Pulitzer and The World,still image,"Original Format: Autograph letter, signed",https://exhibitions.cul.columbia.edu/index.php/exhibits/show/pulitzer/pulitzer-family/family-life,http://www.columbia.edu/cgi-bin/cul/resolve?clio9225138
1,2883,0,correspondence,1887-07-09,,,,Autograph letter to Joseph Pulitzer,Autograph letter to Joseph Pulitzer,,,,"June 9, 1887",New York,"Pulitzer, Lucille",,eng,,,"Gift of Joseph Pulitzer, Jr.",1887-06-09,,original filename: pulitzer_100018013c,,reformatted digital,"Rare Book & Manuscript Library, Columbia University",NNC-RB,eng,,Box 7,,Joseph Pulitzer papers,Joseph Pulitzer and The World,still image,"Original Format: Autograph letter, signed",https://exhibitions.cul.columbia.edu/index.php/exhibits/show/pulitzer/pulitzer-family/family-life,http://www.columbia.edu/cgi-bin/cul/resolve?clio9225138
1,2882,0,correspondence,1887-07-09,,,,Autograph letter to Joseph Pulitzer,Autograph letter to Joseph Pulitzer,,,,"June 9, 1887",New York,"Pulitzer, Lucille",,eng,,,"Gift of Joseph Pulitzer, Jr.",1887-06-09,,original filename: pulitzer_100018013b,,reformatted digital,"Rare Book & Manuscript Library, Columbia University",NNC-RB,eng,,Box 7,,Joseph Pulitzer papers,Joseph Pulitzer and The World,still image,"Original Format: Autograph letter, signed",https://exhibitions.cul.columbia.edu/index.php/exhibits/show/pulitzer/pulitzer-family/family-life,http://www.columbia.edu/cgi-bin/cul/resolve?clio9225138
1,2881,0,correspondence,1887-07-09,,,,Autograph letter to Joseph Pulitzer,Autograph letter to Joseph Pulitzer,,,,"June 9, 1887",New York,"Pulitzer, Lucille",,eng,,,"Gift of Joseph Pulitzer, Jr.",1887-06-09,,original filename: pulitzer_100018013a,,reformatted digital,"Rare Book & Manuscript Library, Columbia University",NNC-RB,eng,,Box 7,,Joseph Pulitzer papers,Joseph Pulitzer and The World,still image,"Original Format: Autograph letter, signed",https://exhibitions.cul.columbia.edu/index.php/exhibits/show/pulitzer/pulitzer-family/family-life,http://www.columbia.edu/cgi-bin/cul/resolve?clio9225138
1,2880,0,correspondence,1887-07-09,,,,Envelope addressed to Mrs. Pultizer,Envelope addressed to Mrs. Pultizer,,,,"June 9, 1887",New York,"Pulitzer, Ralph, 1879-1939",,eng,,,"Gift of Joseph Pulitzer, Jr.",1887-06-09,,original filename: pulitzer_100018013,,reformatted digital,"Rare Book & Manuscript Library, Columbia University",NNC-RB,eng,,Box 7,,Joseph Pulitzer papers,Joseph Pulitzer and The World,still image,Original Format: Autograph Envelope,https://exhibitions.cul.columbia.edu/index.php/exhibits/show/pulitzer/pulitzer-family/family-life,http://www.columbia.edu/cgi-bin/cul/resolve?clio9225138
1,2879,0,manuscripts,1906,1911,inferred,,Account for Edith Pulitzer,Account for Edith Pulitzer,,,,between 1906 and 1911,London (England),"Claridge's Hotel (London, England)",,eng,,,"Gift of Joseph Pulitzer, Jr.",,,original filename: pulitzer_100018010,,reformatted digital,"Rare Book & Manuscript Library, Columbia University",NNC-RB,eng,,Box 4,,Joseph Pulitzer papers,Joseph Pulitzer and The World,still image,Original Format: Manuscript,https://exhibitions.cul.columbia.edu/index.php/exhibits/show/pulitzer/pulitzer-family/family-letters,http://www.columbia.edu/cgi-bin/cul/resolve?clio9225138
1,2878,0,printed ephemera,1893,1945,inferred,,"Calling card, Chatwold, Bar Harbor","Calling card, Chatwold, Bar Harbor",,,,between 1893 and 1945,New York,"Pulitzer, Joseph, 1847-1911","Pulitzer, Kate Davis",eng,,,"Gift of Joseph Pulitzer, Jr.",,,original filename: pulitzer_100018009,,reformatted digital,"Rare Book & Manuscript Library, Columbia University",NNC-RB,eng,,Box 4,,Joseph Pulitzer papers,Joseph Pulitzer and The World,still image,Original Format: Calling card,https://exhibitions.cul.columbia.edu/index.php/exhibits/show/pulitzer/pulitzer-family/homes,http://www.columbia.edu/cgi-bin/cul/resolve?clio9225138
1,2877,0,photographs,1900,1999,,,"Photograph of Pulitzer home, Chatwold, Bar Harbor","Photograph of Pulitzer home, Chatwold, Bar Harbor",,,,1900s,Bar Harbor (Me.),,,eng,,,"Gift of W. A. Swanberg, 1984",,,original filename: pulitzer_100018008,,reformatted digital,"Rare Book & Manuscript Library, Columbia University",NNC-RB,eng,,Box 30,,W. A. Swanberg papers,Joseph Pulitzer and The World,still image,Original Format: Photograph,https://exhibitions.cul.columbia.edu/index.php/exhibits/show/pulitzer/pulitzer-family/homes,http://www.columbia.edu/cgi-bin/cul/resolve?clio9225138
1,2876,0,photographs,1890,1899,,,"Photograph of Pulitzer home, #17 East 73rd Street, New York","Photograph of Pulitzer home, #17 East 73rd Street, New York",,,,1890s,New York,"Baker, Floyd E.",,eng,,,"Gift of W. A. Swanberg, 1984",,,original filename: pulitzer_100018007,,reformatted digital,"Rare Book & Manuscript Library, Columbia University",NNC-RB,eng,,Box 30,,W. A. Swanberg papers,Joseph Pulitzer and The World,still image,Original Format: Photograph,https://exhibitions.cul.columbia.edu/index.php/exhibits/show/pulitzer/pulitzer-family/homes,http://www.columbia.edu/cgi-bin/cul/resolve?clio9225138
1,2875,0,photographs,1889,,approximate,,Photograph of Kate Davis Pulitzer,Photograph of Kate Davis Pulitzer,,,,circa 1889,New York,Sarony & Co.,,eng,,,,,,original filename: pulitzer_100018006,,reformatted digital,"Rare Book & Manuscript Library, Columbia University",NNC-RB,eng,,"World Papers, Box 10",,World records,Joseph Pulitzer and The World,still image,Original Format: Photograph,https://exhibitions.cul.columbia.edu/index.php/exhibits/show/pulitzer/pulitzer-family/family,http://www.columbia.edu/cgi-bin/cul/resolve?clio9225138
1,2874,0,photographs,1889-06,,,,Photograph of Constance Helen Pulitzer,Photograph of Constance Helen Pulitzer,,,,"June, 1889",Paris (France),"Navar, Paris",,eng,,,,1889-06,,original filename: pulitzer_100018005,,reformatted digital,"Rare Book & Manuscript Library, Columbia University",NNC-RB,eng,,"World Papers, Box 10",,World records,Joseph Pulitzer and The World,still image,Original Format: Photograph,https://exhibitions.cul.columbia.edu/index.php/exhibits/show/pulitzer/pulitzer-family/family,http://www.columbia.edu/cgi-bin/cul/resolve?clio9225138
1,2873,0,photographs,1889-06,,,,Photograph of Ralph Pulitzer,Photograph of Ralph Pulitzer,,,,"June, 1889",Paris (France),"Navar, Paris",,eng,,,,1889-06,,original filename: pulitzer_100018004,,reformatted digital,"Rare Book & Manuscript Library, Columbia University",NNC-RB,eng,,"World Papers, Box 10",,World records,Joseph Pulitzer and The World,still image,Original Format: Photograph,https://exhibitions.cul.columbia.edu/index.php/exhibits/show/pulitzer/pulitzer-family/family,http://www.columbia.edu/cgi-bin/cul/resolve?clio9225138
1,2872,0,photographs,1889-06,,,,Photograph of Lucille Pulitzer,Photograph of Lucille Pulitzer,,,,"June, 1889",Paris (France),"Navar, Paris",,eng,,,,1889-06,,original filename: pulitzer_100018003,,reformatted digital,"Rare Book & Manuscript Library, Columbia University",NNC-RB,eng,,"World Papers, Box 10",,World records,Joseph Pulitzer and The World,still image,Original Format: Photograph,https://exhibitions.cul.columbia.edu/index.php/exhibits/show/pulitzer/pulitzer-family/family,http://www.columbia.edu/cgi-bin/cul/resolve?clio9225138
1,2871,0,photographs,1889,,approximate,,Photograph of Joseph Pulitzer,Photograph of Joseph Pulitzer,,,,circa 1889,New York,Falk,,eng,,,"Gift of Joseph Pulitzer, Jr.",,,original filename: pulitzer_100018002,,reformatted digital,"Rare Book & Manuscript Library, Columbia University",NNC-RB,eng,,"World Papers, Box 10",,World records,Joseph Pulitzer and The World,still image,Original Format: Photograph,https://exhibitions.cul.columbia.edu/index.php/exhibits/show/pulitzer/pulitzer-family/family,http://www.columbia.edu/cgi-bin/cul/resolve?clio9225138
1,2870,0,correspondence,1905-05-18,,,,Autograph letter to Joseph Pulitzer,Autograph letter to Joseph Pulitzer,,,,"May 18, 1905",London (England),"Sargent, John Singer, 1856-1925",,eng,,,"Gift of Joseph Pulitzer, Jr.",1905-05-18,,original filename: pulitzer_100018001,,reformatted digital,"Rare Book & Manuscript Library, Columbia University",NNC-RB,eng,,Box 3,,,Joseph Pulitzer and The World,still image,"Original Format: Autograph letter, signed",https://exhibitions.cul.columbia.edu/index.php/exhibits/show/pulitzer/pulitzer-family/family-portraits,http://www.columbia.edu/cgi-bin/cul/resolve?clio9225138
