_digital_object_type.string_key,_pid,_identifiers-1,_parent_digital_objects-1.identifier,note-1:note_type,note-1:note_value,note-2:note_type,note-2:note_value,title-1:title_non_sort_portion,title-1:title_sort_portion,alternative_title-1:alternative_title_value,publisher-1:publisher_value,location-1:location_term.value,location-1:location_term.uri,collection-1:collection_term.value,collection-1:collection_term.uri,collection-1:collection_archival_series-1:collection_archival_series_part-1:collection_archival_series_part_type,collection-1:collection_archival_series-1:collection_archival_series_part-1:collection_archival_series_part_level,collection-1:collection_archival_series-1:collection_archival_series_part-1:collection_archival_series_part_title,collection-1:collection_archival_series-1:collection_archival_series_part-2:collection_archival_series_part_type,collection-1:collection_archival_series-1:collection_archival_series_part-2:collection_archival_series_part_level,collection-1:collection_archival_series-1:collection_archival_series_part-2:collection_archival_series_part_title,collection-2:collection_term.value,collection-2:collection_term.uri,location-1:location_shelf_location-1:location_shelf_location_free_text,location-1:location_shelf_location-1:location_shelf_location_box_number,location-1:location_shelf_location-1:location_shelf_location_folder_number,location-1:location_shelf_location-1:location_shelf_location_item_number,omeka_identifier-1:omeka_identifier_value,form-1:form_term.value,form-1:form_term.authority,form-1:form_term.uri,form-2:form_term.value,form-2:form_term.authority,form-2:form_term.uri,date_created_textual-1:date_created_textual_value,date_created-1:date_created_type,date_created-1:date_created_start_value,date_created-1:date_created_end_value,date_created-1:date_created_key_date,place_of_origin-1:place_of_origin_value,object_in_context_url-1:object_in_context_url_value,language-1:language_term.value,language-1:language_term.authority,language-1:language_term.uri,language-2:language_term.value,language-2:language_term.authority,language-2:language_term.uri,language-3:language_term.value,language-3:language_term.authority,language-3:language_term.uri,language-4:language_term.value,language-4:language_term.authority,language-4:language_term.uri,clio_identifier-1:clio_identifier_value,extent-1:extent_value,name-1:name_term.value,name-1:name_term.name_type,name-1:name_term.authority,name-1:name_term.uri,name-1:name_role-1:name_role_term.value,name-1:name_role-1:name_role_term.authority,name-1:name_role-1:name_role_term.uri,name-1:name_role-2:name_role_term.value,name-1:name_role-2:name_role_term.authority,name-1:name_role-2:name_role_term.uri,name-1:name_usage_primary,name-2:name_term.value,name-2:name_term.name_type,name-2:name_term.authority,name-2:name_term.uri,name-2:name_role-1:name_role_term.value,name-2:name_role-1:name_role_term.authority,name-2:name_role-1:name_role_term.uri,subject_name-1:subject_name_term.value,subject_name-1:subject_name_term.name_type,subject_name-1:subject_name_term.authority,subject_name-1:subject_name_term.uri,subject_topic-1:subject_topic_term.value,subject_topic-1:subject_topic_term.authority,subject_topic-1:subject_topic_term.uri,subject_topic-2:subject_topic_term.value,subject_topic-2:subject_topic_term.authority,subject_topic-2:subject_topic_term.uri,subject_geographic-1:subject_geographic_term.value,subject_geographic-1:subject_geographic_term.authority,subject_geographic-1:subject_geographic_term.uri,subject_title-1:subject_title_term.value,subject_title-1:subject_title_term.authority,subject_title-1:subject_title_term.uri,genre-1:genre_term.value,genre-1:genre_term.authority,genre-1:genre_term.uri,note-3:note_type,note-3:note_value,note-4:note_value,abstract-1:abstract_value,type_of_resource-1:type_of_resource_value,digital_origin-1:digital_origin_value,use_and_reproduction-1:use_and_reproduction_term.value,use_and_reproduction-1:use_and_reproduction_term.authority,use_and_reproduction-1:use_and_reproduction_term.uri,restriction_on_access-1:restriction_on_access_value,_project.string_key,_restrictions.restricted_size_image
item,,yid_om_dis,,,,,,,Diskursn,,,"Rare Book & Manuscript Library, Columbia University",http://id.library.columbia.edu/term/a274309e-79c3-4341-8a72-983a4a8290ea,Rare Book & Manuscript Library General Manuscript Collection,http://id.library.columbia.edu/term/a1127dc3-05a8-456b-866a-cfa0c53c2369,,,,,,,Hebrew Manuscripts (Columbia University Libraries),http://id.library.columbia.edu/term/5dbda953-4e4e-4021-a107-7042fddd0668,General MS 066,,,,,manuscripts,lcsh,http://id.loc.gov/authorities/subjects/sh85080672,,,,1797,,1797,,TRUE,Amsterdam,,Yiddish,iso639-2b,http://id.loc.gov/vocabulary/iso639-2/yid,,,,,,,,,,11549222,,,,,,,,,,,,,,,,,,,,,,,,Jews,fast,http://id.worldcat.org/fast/983135,,,,Amsterdam (Netherlands),naf,http://id.loc.gov/authorities/names/n78095634,,,,,,,,,,,text,reformatted digital,No Copyright - United States,rightsstatements,http://rightsstatements.org/vocab/NoC-US/1.0/,,,FALSE
asset,,yid_om_dis_001,yid_om_dis,filename,https://exhibitions-dev.library.columbia.edu/General_66_002.jpg,,,,First leaf of text,,,,,,,,,,,,,,,,,,,11529,,,,,,,,,,,,,https://exhibitions.library.columbia.edu/exhibits/show/yiddish-columbia/ritual/discursn,,,,,,,,,,,,,,,,,,,,,,,,,,,,,,,,,,,,,,,,,,,,,,,,,,,,,,,,,,No Copyright - United States,rightsstatements,http://rightsstatements.org/vocab/NoC-US/1.0/,Public Access,,FALSE
item,cul:dz08kprsd6,yid_om_eqb,,,,,,,"Eastern questionnaire, blue book for Interviewee 47236, answers for pages 001-014",,,"Rare Book & Manuscript Library, Columbia University",http://id.library.columbia.edu/term/a274309e-79c3-4341-8a72-983a4a8290ea,Language and Culture Archive of Ashkenazic Jewry,http://id.library.columbia.edu/term/2f99b16c-e6bf-445a-8b5f-7e9016f93905,,,,,,,,,,79,,,,blue books,local,http://id.library.columbia.edu/term/4078e75c-98c6-4d0f-929c-b90c9834c467,,,,Between 1959 and 1972,approximate,1959,1972,TRUE,New York,,Yiddish,iso639-2b,http://id.loc.gov/vocabulary/iso639-2/yid,,,,,,,,,,,,,,,,,,,,,,,,,,,,,,,,,,,,,,,,,,,,,,,,,,,,,text,reformatted digital,In Copyright,rightsstatements,http://rightsstatements.org/vocab/InC/1.0/,,,TRUE
asset,cul:vq83bk3kmb,yid_om_eqb_006,yid_om_eqb,filename,https://exhibitions-dev.library.columbia.edu/cul_vq83bk3kmb.jpg,,,,blue book page 006,,,,,,,,,,,,,,,,,,,11528,,,,,,,,,,,,,https://exhibitions.library.columbia.edu/exhibits/show/yiddish-columbia/lcaaj,,,,,,,,,,,,,,,,,,,,,,,,,,,,,,,,,,,,,,,,,,,,,,,,,,,,,,,,,,In Copyright,rightsstatements,http://rightsstatements.org/vocab/InC/1.0/,Public Access,,TRUE
item,cul:r4xgxd25rh,yid_om_eqa,,,,,,,"Eastern questionnaire, answer sheet for Interviewee 47233, page 082",,,"Rare Book & Manuscript Library, Columbia University",http://id.library.columbia.edu/term/a274309e-79c3-4341-8a72-983a4a8290ea,Language and Culture Archive of Ashkenazic Jewry,http://id.library.columbia.edu/term/2f99b16c-e6bf-445a-8b5f-7e9016f93905,,,,,,,,,,79,,,,answer sheets,local,http://id.library.columbia.edu/term/75ee44dc-4093-45b8-99a6-402a89436617,,,,Between 1959 and 1972,approximate,1959,1972,TRUE,New York,,Yiddish,iso639-2b,http://id.loc.gov/vocabulary/iso639-2/yid,,,,,,,,,,,,Interviewee 47233,personal,,temp:eaf52a08c3d6e87271c3d674c01b54d194b78f603a09927ff34c04a42e339758,Interviewee,marcrelator,http://id.loc.gov/vocabulary/relators/ive,,,,TRUE,,,,,,,,,,,,,,,,,,,,,,,,,,,,,,,text,reformatted digital,In Copyright,rightsstatements,http://rightsstatements.org/vocab/InC/1.0/,,,TRUE
asset,cul:r4xgxd25rh,yid_om_eqa_000,yid_om_eqa,filename,https://exhibitions-dev.library.columbia.edu/cul_r4xgxd25rh.jpg,,,,"Eastern questionnaire, answer sheet for Interviewee 47233, page 082",,,,,,,,,,,,,,,,,,,11527,,,,,,,,,,,,,https://exhibitions.library.columbia.edu/exhibits/show/yiddish-columbia/lcaaj,,,,,,,,,,,,,,,,,,,,,,,,,,,,,,,,,,,,,,,,,,,,,,,,,,,,,,,,,,In Copyright,rightsstatements,http://rightsstatements.org/vocab/InC/1.0/,Public Access,,TRUE
item,cul:zpc866t2r5,yid_om_eqc,,,,,,,"Eastern questionnaire, computer printout, Black Binder series, box 191, volume 002",,,"Rare Book & Manuscript Library, Columbia University",http://id.library.columbia.edu/term/a274309e-79c3-4341-8a72-983a4a8290ea,Language and Culture Archive of Ashkenazic Jewry,http://id.library.columbia.edu/term/2f99b16c-e6bf-445a-8b5f-7e9016f93905,,,,,,,,,,191,,,,printouts,aat,http://vocab.getty.edu/aat/300028467,,,,Between 1959 and 1972,approximate,1959,1972,TRUE,New York,,,,,,,,,,,,,,,,,,,,,,,,,,,,,,,,,,,,,,,,,,,,,,,,,,,,,,,,,text,reformatted digital,In Copyright,rightsstatements,http://rightsstatements.org/vocab/InC/1.0/,,,TRUE
asset,cul:vx0k6djjqn,yid_om_eqc_000,yid_om_eqc,filename,https://exhibitions-dev.library.columbia.edu/cul_vx0k6djjqn.jpg,,,,Printout (082010),,,,,,,,,,,,,,,,,,,11526,,,,,,,,,,,,,https://exhibitions.library.columbia.edu/exhibits/show/yiddish-columbia/lcaaj,,,,,,,,,,,,,,,,,,,,,,,,,,,,,,,,,,,,,,,,,,,,,,,,,,,,,,,,,,In Copyright,rightsstatements,http://rightsstatements.org/vocab/InC/1.0/,Public Access,,TRUE
item,,yid_om_ser,,,,,,,Student enrollment record for David Pinski,,Columbia University,"University Archives, Columbia University",http://id.library.columbia.edu/term/993db1bc-2347-4b0d-ab1c-d5714ec82683,Office of the Registrar Records,temp:d6c320eaab939f883796ab9161bedcee16471fb2ee3a2da2939d40eabd01c18f,,,,,,,,,,42,,UA#0084,,administrative records,aat,http://vocab.getty.edu/page/aat/300027425,,,,23-Sep-03,,1903-09-23,,TRUE,New York,,English,iso639-2b,http://id.loc.gov/vocabulary/iso639-2/eng,,,,,,,,,,,,Columbia University,corporate,naf,http://id.loc.gov/authorities/names/n81024714,Creator,marcrelator,http://id.loc.gov/vocabulary/relators/cre,,,,TRUE,,,,,,,,"Pinski, David, 1872-1959",personal,naf,http://id.loc.gov/authorities/names/n82112010,,,,,,,,,,,,,,,,,,,,text,reformatted digital,No Copyright - United States,rightsstatements,http://rightsstatements.org/vocab/NoC-US/1.0/,,,FALSE
asset,,yid_om_ser_000,yid_om_ser,filename,https://exhibitions-dev.library.columbia.edu/1800140001.jpg,,,,Student enrollment record for David Pinski,,,,,,,,,,,,,,,,,,,11525,,,,,,,,,,,,,https://exhibitions.library.columbia.edu/exhibits/show/yiddish-columbia/academic/pinski,,,,,,,,,,,,,,,,,,,,,,,,,,,,,,,,,,,,,,,,,,,,,,,,,,,,,,,,,,No Copyright - United States,rightsstatements,http://rightsstatements.org/vocab/NoC-US/1.0/,Public Access,,FALSE
item,,yid_om_kim,,,,,,Der,"Katter ; Ikx, Mikx, Drikx, Por Porcelain Teller, Di Shveblach",,,"Rare Book & Manuscript Library, Columbia University",http://id.library.columbia.edu/term/a274309e-79c3-4341-8a72-983a4a8290ea,Rare Book & Manuscript Library General Manuscript Collection,http://id.library.columbia.edu/term/a1127dc3-05a8-456b-866a-cfa0c53c2369,,,,,,,Hebrew Manuscripts (Columbia University Libraries),http://id.library.columbia.edu/term/5dbda953-4e4e-4021-a107-7042fddd0668,MS General 225,,,,,manuscripts,lcsh,http://id.loc.gov/authorities/subjects/sh85080672,,,,1879,,1879,,TRUE,Russia,,Yiddish,iso639-2b,http://id.loc.gov/vocabulary/iso639-2/yid,,,,,,,,,,9160969,,"Goldfaden, Abraham, 1840-1908",personal,naf,http://id.loc.gov/authorities/names/n87933242,Author,marcrelator,http://id.loc.gov/vocabulary/relators/aut,,,,TRUE,,,,,,,,,,,,,,,,,,,,,,,,Drama,lcgft,http://id.loc.gov/authorities/genreForms/gf2014026297,ownership,"Acquired from Kestenbaum and Co., 2011",,,text,reformatted digital,No Copyright - United States,rightsstatements,http://rightsstatements.org/vocab/NoC-US/1.0/,,,FALSE
asset,,yid_om_kim_201,yid_om_kim,filename,https://exhibitions-dev.library.columbia.edu/General_225_001.jpg,,,,First leaf of text 2,,,,,,,,,,,,,,,,,,,11524,,,,,,,,,,,,,https://exhibitions.library.columbia.edu/exhibits/show/yiddish-columbia/theatre/goldfadn,,,,,,,,,,,,,,,,,,,,,,,,,,,,,,,,,,,,,,,,,,,,,,,,,,,,,,,,,,No Copyright - United States,rightsstatements,http://rightsstatements.org/vocab/NoC-US/1.0/,Public Access,,FALSE
asset,,yid_om_kim_101,yid_om_kim,filename,https://exhibitions-dev.library.columbia.edu/General_225_000B.jpg,,,,First leaf of text 1,,,,,,,,,,,,,,,,,,,11523,,,,,,,,,,,,,https://exhibitions.library.columbia.edu/exhibits/show/yiddish-columbia/theatre/goldfadn,,,,,,,,,,,,,,,,,,,,,,,,,,,,,,,,,,,,,,,,,,,,,,,,,,,,,,,,,,No Copyright - United States,rightsstatements,http://rightsstatements.org/vocab/NoC-US/1.0/,Public Access,,FALSE
item,,yid_om_nol,,,,,,A,New-Old Language,,Columbia University,"Rare Book & Manuscript Library, Columbia University",http://id.library.columbia.edu/term/a274309e-79c3-4341-8a72-983a4a8290ea,,,,,,,,,,,,235,21,,,clippings,gmgpc,http://id.loc.gov/vocabulary/graphicMaterials/tgm002169,,,,1972,,1972,,TRUE,New York,,English,iso639-2b,http://id.loc.gov/vocabulary/iso639-2/eng,,,,,,,,,,3090238,,,,,,,,,,,,,,,,,,,,,,,,Yiddish language--Study and teaching,fast,http://id.worldcat.org/fast/1182815,,,,,,,,,,,,,,All of the digitized editions of Columbia College Today from 1954-2016 are available on the Internet Archive: https://archive.org/search.php?query=creator%3A%22Columbia+College+%28Columbia+University%29.+Office+of+Alumni+Affairs+and+Development%22,,"Columbia College Today. Winter 1972. Vol. 1 No. 1, pages 6-7",text,reformatted digital,In Copyright - Educational Use Permitted,rightsstatements,http://rightsstatements.org/vocab/InC-EDU/1.0/,,,TRUE
asset,,yid_om_nol_002,yid_om_nol,filename,https://exhibitions-dev.library.columbia.edu/ldpd_12981092_017_0006.jpg,,,,[Page 2],,,,,,,,,,,,,,,,,,,11522,,,,,,,,,,,,,https://exhibitions.library.columbia.edu/exhibits/show/yiddish-columbia/academic/beginnings,,,,,,,,,,,,,,,,,,,,,,,,,,,,,,,,,,,,,,,,,,,,,,,,,,,,,,,,,,In Copyright - Educational Use Permitted,rightsstatements,http://rightsstatements.org/vocab/InC-EDU/1.0/,Public Access,,TRUE
asset,,yid_om_nol_001,yid_om_nol,filename,https://exhibitions-dev.library.columbia.edu/ldpd_12981092_017_0005.jpg,,,,[Page 1],,,,,,,,,,,,,,,,,,,11521,,,,,,,,,,,,,https://exhibitions.library.columbia.edu/exhibits/show/yiddish-columbia/academic,,,,,,,,,,,,,,,,,,,,,,,,,,,,,,,,,,,,,,,,,,,,,,,,,,,,,,,,,,In Copyright - Educational Use Permitted,rightsstatements,http://rightsstatements.org/vocab/InC-EDU/1.0/,Public Access,,TRUE
item,,yid_om_dhk,,,,,,Der,hokhmut kumpt fur ein fahll : ein shoyshpil,שויא שפיהל : מחזה לפורים ביידיש,,"Rare Book & Manuscript Library, Columbia University",http://id.library.columbia.edu/term/a274309e-79c3-4341-8a72-983a4a8290ea,X Manuscripts,http://id.library.columbia.edu/term/17de684a-44c0-435c-9ace-d4be17b4e1d2,,,,,,,Hebrew Manuscripts (Columbia University Libraries),http://id.library.columbia.edu/term/5dbda953-4e4e-4021-a107-7042fddd0668,MS X893.2 M85,,,,,manuscripts,lcsh,http://id.loc.gov/authorities/subjects/sh85080672,,,,1800-1900,approximate,1800,1900,TRUE,Germany?,,Yiddish,iso639-2b,http://id.loc.gov/vocabulary/iso639-2/yid,,,,,,,,,,11547468,,,,,,,,,,,,,,,,,,,,,,,,Purim,fast,http://id.worldcat.org/fast/1084333,,,,,,,,,,Drama,lcgft,http://id.loc.gov/authorities/genreForms/gf2014026297,,,,,text,reformatted digital,No Copyright - United States,rightsstatements,http://rightsstatements.org/vocab/NoC-US/1.0/,,,FALSE
asset,,yid_om_dhk_001,yid_om_dhk,filename,https://exhibitions-dev.library.columbia.edu/X893.2_M85_006.jpg,,,,First leaf of text,,,,,,,,,,,,,,,,,,,11519,,,,,,,,,,,,,https://exhibitions.library.columbia.edu/exhibits/show/yiddish-columbia/theatre/shoye,,,,,,,,,,,,,,,,,,,,,,,,,,,,,,,,,,,,,,,,,,,,,,,,,,,,,,,,,,No Copyright - United States,rightsstatements,http://rightsstatements.org/vocab/NoC-US/1.0/,Public Access,,FALSE
item,,yid_om_mmr,,,,,,,Mayse min rabi yosef della reyna,"מעשה מין רבי יוסף דלה ריינה [כ""י]",,"Rare Book & Manuscript Library, Columbia University",http://id.library.columbia.edu/term/a274309e-79c3-4341-8a72-983a4a8290ea,Rare Book & Manuscript Library General Manuscript Collection,http://id.library.columbia.edu/term/a1127dc3-05a8-456b-866a-cfa0c53c2369,,,,,,,Hebrew Manuscripts (Columbia University Libraries),http://id.library.columbia.edu/term/5dbda953-4e4e-4021-a107-7042fddd0668,MS General 238,,,,,manuscripts,lcsh,http://id.loc.gov/authorities/subjects/sh85080672,,,,19th century,approximate,1801,1900,TRUE,,,Yiddish,iso639-2b,http://id.loc.gov/vocabulary/iso639-2/yid,,,,,,,,,,10278060,,,,,,,,,,,,,,,,,,,,,,,,,,,,,,,,,,,,,,,,,,,text,reformatted digital,No Copyright - United States,rightsstatements,http://rightsstatements.org/vocab/NoC-US/1.0/,,,FALSE
asset,,yid_om_mmr_001,yid_om_mmr,filename,https://exhibitions-dev.library.columbia.edu/General_238_006.jpg,,,,First leaf of text,,,,,,,,,,,,,,,,,,,11517,,,,,,,,,,,,,https://exhibitions.library.columbia.edu/exhibits/show/yiddish-columbia/early/dellareyna,,,,,,,,,,,,,,,,,,,,,,,,,,,,,,,,,,,,,,,,,,,,,,,,,,,,,,,,,,No Copyright - United States,rightsstatements,http://rightsstatements.org/vocab/NoC-US/1.0/,Public Access,,FALSE
item,,yid_om_sru,,,,,,,Sefer Refu''os U-segulos,,,"Rare Book & Manuscript Library, Columbia University",http://id.library.columbia.edu/term/a274309e-79c3-4341-8a72-983a4a8290ea,Rare Book & Manuscript Library General Manuscript Collection,http://id.library.columbia.edu/term/a1127dc3-05a8-456b-866a-cfa0c53c2369,,,,,,,,,General MS 262,,,,,manuscripts,lcsh,http://id.loc.gov/authorities/subjects/sh85080672,,,,15th century,approximate,1401,1500,TRUE,N. Italy,,Yiddish,iso639-2b,http://id.loc.gov/vocabulary/iso639-2/yid,,,,,,,,,,11681503,,,,,,,,,,,,,,,,,,,,,,,,,,,,,,,,,,,,,,,,,,,text,reformatted digital,No Copyright - United States,rightsstatements,http://rightsstatements.org/vocab/NoC-US/1.0/,,,FALSE
asset,,yid_om_sru_001,yid_om_sru,filename,https://exhibitions-dev.library.columbia.edu/ldpd_11728201_000_0002.jpg,,,,First leaf of text,,,,,,,,,,,,,,,,,,,11516,,,,,,,,,,,,,https://exhibitions.library.columbia.edu/exhibits/show/yiddish-columbia/early,,,,,,,,,,,,,,,,,,,,,,,,,,,,,,,,,,,,,,,,,,,,,,,,,,,,,,,,,,No Copyright - United States,rightsstatements,http://rightsstatements.org/vocab/NoC-US/1.0/,Public Access,,FALSE
item,,yid_om_mtp,,,,,,,Milking the Public,,,"Rare Book & Manuscript Library, Columbia University",http://id.library.columbia.edu/term/a274309e-79c3-4341-8a72-983a4a8290ea,Art Young Drawings and Cartoons,http://id.library.columbia.edu/term/e7e0df32-a523-40e4-98a5-2083801a3765,,,,,,,,,,,,,,drawings,gmgpc,http://id.loc.gov/vocabulary/graphicMaterials/tgm003279,Caricatures and cartoons,lcsh,http://id.loc.gov/authorities/subjects/sh99001940,circa 1919-1922,approximate,1919,1922,TRUE,,,,,,,,,,,,,,,,Flat,"Young, Art, 1866-1943",personal,naf,http://id.loc.gov/authorities/names/n83214840,Artist,marcrelator,http://id.loc.gov/vocabulary/relators/art,,,,TRUE,,,,,,,,,,,,,,,,,,,,,,,,,,,,,,,still image,reformatted digital,No Copyright - United States,rightsstatements,http://rightsstatements.org/vocab/NoC-US/1.0/,,,FALSE
asset,,yid_om_mtp_001,yid_om_mtp,filename,https://exhibitions-dev.library.columbia.edu/rbml_yiddish_0001.jpg,original filename,rbml_yiddish_0001.tif,,Milking the Public,,,,,,,,,,,,,,,,,,,11515,,,,,,,,,,,,,https://exhibitions.library.columbia.edu/exhibits/show/yiddish-columbia/press/young,,,,,,,,,,,,,,,,,,,,,,,,,,,,,,,,,,,,,,,,,,,,,,,,,,,,,,,,,,No Copyright - United States,rightsstatements,http://rightsstatements.org/vocab/NoC-US/1.0/,Public Access,,FALSE
asset,,yid_om_mtp_002,yid_om_mtp,filename,https://exhibitions-dev.library.columbia.edu/rbml_yiddish_0002.jpg,original filename,rbml_yiddish_0002.tif,,Closeup of label,,,,,,,,,,,,,,,,,,,11514,,,,,,,,,,,,,https://exhibitions.library.columbia.edu/exhibits/show/yiddish-columbia/press/young,,,,,,,,,,,,,,,,,,,,,,,,,,,,,,,,,,,,,,,,,,,,,,,,,,,,,,,,,,No Copyright - United States,rightsstatements,http://rightsstatements.org/vocab/NoC-US/1.0/,Public Access,,FALSE
asset,,yid_om_mtp_003,yid_om_mtp,filename,https://exhibitions-dev.library.columbia.edu/rbml_yiddish_0003.jpg,original filename,rbml_yiddish_0003.tif,,Full-size backlit,,,,,,,,,,,,,,,,,,,11513,,,,,,,,,,,,,https://exhibitions.library.columbia.edu/exhibits/show/yiddish-columbia/press/young,,,,,,,,,,,,,,,,,,,,,,,,,,,,,,,,,,,,,,,,,,,,,,,,,,,,,,,,,,No Copyright - United States,rightsstatements,http://rightsstatements.org/vocab/NoC-US/1.0/,Public Access,,FALSE
item,,yid_om_sem,,,,,,,Sefer Mishle,Mishle: Oyz giligt oyf taytsh...un vil peshotim fun der gemara,Yitshak ben Aharon,"Rare Book & Manuscript Library, Columbia University",http://id.library.columbia.edu/term/a274309e-79c3-4341-8a72-983a4a8290ea,Temple Emanuel Library of Hebrew and Rabbinical Literature,http://id.library.columbia.edu/term/eb2f35cc-e8ef-49f2-97de-734d76570f46,,,,,,,,,893.1BJ B82,,,,,books,aat,http://vocab.getty.edu/aat/300028051,,,,1581 or 1582,questionable,1581,1582,TRUE,Cracow,,Hebrew,iso639-2b,http://id.loc.gov/vocabulary/iso639-2/heb,Yiddish,iso639-2b,http://id.loc.gov/vocabulary/iso639-2/yid,,,,,,,12801018,,"Mordekhai ben Yaʻaḳov, mi-Ṭoyplits",personal,naf,http://id.loc.gov/authorities/names/nb2009007399,Translator,marcrelator,http://id.loc.gov/vocabulary/relators/trl,Commentator,marcrealtor,http://id.loc.gov/vocabulary/relators/cmm,,,,,,,,,,,,,,,,,,,,,,Bible. Proverbs,fast,http://id.worldcat.org/fast/1808095,,,,ownership,"Donated to Columbia by Temple Emanu-el, 1892",,Translation and commentary of Mishle w/Talmudic glosses,text,reformatted digital,No Copyright - United States,rightsstatements,http://rightsstatements.org/vocab/NoC-US/1.0/,,,FALSE
asset,,yid_om_sem_001,yid_om_sem,filename,https://exhibitions-dev.library.columbia.edu/rbml_yiddish_0004.jpg,original filename,rbml_yiddish_0004.tif,,First leaf of text,,,,,,,,,,,,,,,,,,,11512,,,,,,,,,,,,,https://exhibitions.library.columbia.edu/exhibits/show/yiddish-columbia/early/mishle,,,,,,,,,,,,,,,,,,,,,,,,,,,,,,,,,,,,,,,,,,,,,,,,,,,,,,,,,,No Copyright - United States,rightsstatements,http://rightsstatements.org/vocab/NoC-US/1.0/,Public Access,,FALSE
item,,yid_om_jgr,,,,,,,"Jüdischer Geschicht-Roman, von dem grossen König Arturo in Engelland, und dem tapffern Helden Wieduwilt",,,"Rare Book & Manuscript Library, Columbia University",http://id.library.columbia.edu/term/a274309e-79c3-4341-8a72-983a4a8290ea,,,,,,,,,,,B893.1 W12,,,,,books,aat,http://vocab.getty.edu/aat/300028051,,,,1699,,1699,,TRUE,Königsberg,,Yiddish,iso639-2b,http://id.loc.gov/vocabulary/iso639-2/yid,,,,,,,,,,7476742,,,,,,,,,,,,,,,,,,,,,,,,,,,,,,,,,,,,Arthurian romances,lcgft,http://id.loc.gov/authorities/genreForms/gf2014026227,ownership,"Library of Henry Livingston Thomas, 1905",Contained in: Johann Christof Wagenseils Belehrung der Jüdisch-Teutschen Red-  und Schreibart ,"""Jüdischer Geschicht-Roman, von dem grossen König Arturo in Engelland, und dem tapffern Helden Wieduwilt."" ("" ... Ein schön mäase von König Artis hof ... und von dem berühmten Ritter Wieduwilt ... "") -- p. 149- 302 (a Yiddish adaptation by an unknown author of Wirnt von Gravenberg's poem Wigalois - presumably reprinted from an edition published by Joseph of Witzenhausen at Amsterdam prior to 1680, now lost. Cf. L. Landau, Arthurian legends.",text,reformatted digital,No Copyright - United States,rightsstatements,http://rightsstatements.org/vocab/NoC-US/1.0/,,,FALSE
asset,,yid_om_jgr_150,yid_om_jgr,filename,https://exhibitions-dev.library.columbia.edu/rbml_yiddish_0005.jpg,original filename,rbml_yiddish_0005.tif,,Leaf before 151,,,,,,,,,,,,,,,,,,,11511,,,,,,,,,,,,,https://exhibitions.library.columbia.edu/exhibits/show/yiddish-columbia/early/arthur,,,,,,,,,,,,,,,,,,,,,,,,,,,,,,,,,,,,,,,,,,,,,,,,,,,,,,,,,,No Copyright - United States,rightsstatements,http://rightsstatements.org/vocab/NoC-US/1.0/,Public Access,,FALSE
asset,,yid_om_jgr_157,yid_om_jgr,filename,https://exhibitions-dev.library.columbia.edu/rbml_yiddish_0006.jpg,original filename,rbml_yiddish_0006.tif,,Page 157,,,,,,,,,,,,,,,,,,,11510,,,,,,,,,,,,,https://exhibitions.library.columbia.edu/exhibits/show/yiddish-columbia/early/arthur,,,,,,,,,,,,,,,,,,,,,,,,,,,,,,,,,,,,,,,,,,,,,,,,,,,,,,,,,,No Copyright - United States,rightsstatements,http://rightsstatements.org/vocab/NoC-US/1.0/,Public Access,,FALSE
asset,,yid_om_jgr_158,yid_om_jgr,filename,https://exhibitions-dev.library.columbia.edu/rbml_yiddish_0007.jpg,original filename,rbml_yiddish_0007.tif,,Pages 158-159 (spread),,,,,,,,,,,,,,,,,,,11509,,,,,,,,,,,,,https://exhibitions.library.columbia.edu/exhibits/show/yiddish-columbia/early/arthur,,,,,,,,,,,,,,,,,,,,,,,,,,,,,,,,,,,,,,,,,,,,,,,,,,,,,,,,,,No Copyright - United States,rightsstatements,http://rightsstatements.org/vocab/NoC-US/1.0/,Public Access,,FALSE
asset,,yid_om_jgr_160,yid_om_jgr,filename,https://exhibitions-dev.library.columbia.edu/rbml_yiddish_0008.jpg,original filename,rbml_yiddish_0008.tif,,Pages 160-161 (spread),,,,,,,,,,,,,,,,,,,11508,,,,,,,,,,,,,https://exhibitions.library.columbia.edu/exhibits/show/yiddish-columbia/early/arthur,,,,,,,,,,,,,,,,,,,,,,,,,,,,,,,,,,,,,,,,,,,,,,,,,,,,,,,,,,No Copyright - United States,rightsstatements,http://rightsstatements.org/vocab/NoC-US/1.0/,Public Access,,FALSE
asset,,yid_om_jgr_292,yid_om_jgr,filename,https://exhibitions-dev.library.columbia.edu/rbml_yiddish_0009.jpg,original filename,rbml_yiddish_0009.tif,,Pages 292-293 (spread),,,,,,,,,,,,,,,,,,,11507,,,,,,,,,,,,,https://exhibitions.library.columbia.edu/exhibits/show/yiddish-columbia/early/arthur,,,,,,,,,,,,,,,,,,,,,,,,,,,,,,,,,,,,,,,,,,,,,,,,,,,,,,,,,,No Copyright - United States,rightsstatements,http://rightsstatements.org/vocab/NoC-US/1.0/,Public Access,,FALSE
item,,yid_om_tnu,,,,,,,"Torah, Neviʼim u-khetuvim","Ḥamishah ḥumshe Torah, Neviʼim, u-Khetuvim : bi-leshon Ashkenaz",,"Rare Book & Manuscript Library, Columbia University",http://id.library.columbia.edu/term/a274309e-79c3-4341-8a72-983a4a8290ea,,,,,,,,,,,B893.1BJ C79,,,,,books,aat,http://vocab.getty.edu/aat/300028051,,,,436-439 [1676-1679],,1676,1679,TRUE,Amsterdam,,Yiddish,iso639-2b,http://id.loc.gov/vocabulary/iso639-2/yid,,,,,,,,,,11378338,Folio,,,,,,,,,,,,,,,,,,,,,,,,,,,,,,,,,,,,,,,,,First Bible all in Yiddish,text,reformatted digital,No Copyright - United States,rightsstatements,http://rightsstatements.org/vocab/NoC-US/1.0/,,,FALSE
asset,,yid_om_tnu_002i,yid_om_tnu,filename,https://exhibitions-dev.library.columbia.edu/rbml_yiddish_0010.jpg,original filename,rbml_yiddish_0010.tif,,Page 2 of introduction,,,,,,,,,,,,,,,,,,,11506,,,,,,,,,,,,,https://exhibitions.library.columbia.edu/exhibits/show/yiddish-columbia/early/athias,,,,,,,,,,,,,,,,,,,,,,,,,,,,,,,,,,,,,,,,,,,,,,,,,,,,,,,,,,No Copyright - United States,rightsstatements,http://rightsstatements.org/vocab/NoC-US/1.0/,Public Access,,FALSE
asset,,yid_om_tnu_001i,yid_om_tnu,filename,https://exhibitions-dev.library.columbia.edu/rbml_yiddish_0011.jpg,original filename,rbml_yiddish_0011.tif,,Page 1 of introduction,,,,,,,,,,,,,,,,,,,11505,,,,,,,,,,,,,https://exhibitions.library.columbia.edu/exhibits/show/yiddish-columbia/early/athias,,,,,,,,,,,,,,,,,,,,,,,,,,,,,,,,,,,,,,,,,,,,,,,,,,,,,,,,,,No Copyright - United States,rightsstatements,http://rightsstatements.org/vocab/NoC-US/1.0/,Public Access,,FALSE
asset,,yid_om_tnu_001,yid_om_tnu,filename,https://exhibitions-dev.library.columbia.edu/rbml_yiddish_0012.jpg,original filename,rbml_yiddish_0012.tif,,First leaf of main text (בראשית),,,,,,,,,,,,,,,,,,,11504,,,,,,,,,,,,,https://exhibitions.library.columbia.edu/exhibits/show/yiddish-columbia/early/athias,,,,,,,,,,,,,,,,,,,,,,,,,,,,,,,,,,,,,,,,,,,,,,,,,,,,,,,,,,No Copyright - United States,rightsstatements,http://rightsstatements.org/vocab/NoC-US/1.0/,Public Access,,FALSE
item,,yid_om_mls,,,,,,,Maʻaneh lashon : seder teḥinot taʻanit ʻal bet ʻalmin ʻal kol tsarah ... uve-tokho ... baḳashot le-vaṭel kol gezerot ḳashot,,,"Rare Book & Manuscript Library, Columbia University",http://id.library.columbia.edu/term/a274309e-79c3-4341-8a72-983a4a8290ea,Temple Emanuel Library of Hebrew and Rabbinical Literature,http://id.library.columbia.edu/term/eb2f35cc-e8ef-49f2-97de-734d76570f46,,,,,,,,,B893.17 L62,,,,,books,aat,http://vocab.getty.edu/aat/300028051,,,,1715,,1715,,TRUE,Amsterdam,,Yiddish,iso639-2b,http://id.loc.gov/vocabulary/iso639-2/yid,Hebrew,iso639-2b,http://id.loc.gov/vocabulary/iso639-2/heb,,,,,,,11221127,,,,,,,,,,,,,,,,,,,,,,,,Jewish mourning customs,fast,http://id.worldcat.org/fast/982858,,,,,,,,,,,,,,,,,text,reformatted digital,No Copyright - United States,rightsstatements,http://rightsstatements.org/vocab/NoC-US/1.0/,,,FALSE
asset,,yid_om_mls_001,yid_om_mls,filename,https://exhibitions-dev.library.columbia.edu/rbml_yiddish_0013.jpg,original filename,rbml_yiddish_0013.tif,,Title page,,,,,,,,,,,,,,,,,,,11503,,,,,,,,,,,,,,,,,,,,,,,,,,,,,,,,,,,,,,,,,,,,,,,,,,,,,,,,,,,,,,,,,,,,,,,No Copyright - United States,rightsstatements,http://rightsstatements.org/vocab/NoC-US/1.0/,Public Access,,FALSE
item,,yid_om_min,,,,,,,Minhāgīm,,,"Rare Book & Manuscript Library, Columbia University",http://id.library.columbia.edu/term/a274309e-79c3-4341-8a72-983a4a8290ea,Temple Emanuel Library of Hebrew and Rabbinical Literature,http://id.library.columbia.edu/term/eb2f35cc-e8ef-49f2-97de-734d76570f46,,,,,,,,,B893.1 J54,,,,,books,aat,http://vocab.getty.edu/aat/300028051,,,,1590,,1590,,TRUE,Venice,,Yiddish,iso639-2b,http://id.loc.gov/vocabulary/iso639-2/yid,,,,,,,,,,6117917,,"Ginzburg, Simeon ben Judah",personal,,,Translator,marcrelator,http://id.loc.gov/vocabulary/relators/trl,,,,,,,,,,,,,,,,,,,,,,,,,,,,,,,,,,,text,reformatted digital,No Copyright - United States,rightsstatements,http://rightsstatements.org/vocab/NoC-US/1.0/,,,FALSE
asset,,yid_om_min_001,yid_om_min,filename,https://exhibitions-dev.library.columbia.edu/rbml_yiddish_0014.jpg,original filename,rbml_yiddish_0014.tif,,Title page,,,,,,,,,,,,,,,,,,,11502,,,,,,,,,,,,,https://exhibitions.library.columbia.edu/exhibits/show/yiddish-columbia/ritual/minhagim,,,,,,,,,,,,,,,,,,,,,,,,,,,,,,,,,,,,,,,,,,,,,,,,,,,,,,,,,,No Copyright - United States,rightsstatements,http://rightsstatements.org/vocab/NoC-US/1.0/,Public Access,,FALSE
asset,,yid_om_min_002,yid_om_min,filename,https://exhibitions-dev.library.columbia.edu/rbml_yiddish_0015.jpg,original filename,rbml_yiddish_0015.tif,,First leaf of text,,,,,,,,,,,,,,,,,,,11501,,,,,,,,,,,,,https://exhibitions.library.columbia.edu/exhibits/show/yiddish-columbia/ritual/minhagim,,,,,,,,,,,,,,,,,,,,,,,,,,,,,,,,,,,,,,,,,,,,,,,,,,,,,,,,,,No Copyright - United States,rightsstatements,http://rightsstatements.org/vocab/NoC-US/1.0/,Public Access,,FALSE
item,,yid_om_jbt,,,,,,,Johannis BuxtorfI thesaurus grammaticus linguae sanctae Hebraeae….Lectionis Hebraeo-Germanicae usus,,Ludovici Regis,"Rare Book & Manuscript Library, Columbia University",http://id.library.columbia.edu/term/a274309e-79c3-4341-8a72-983a4a8290ea,,,,,,,,,,,893.14 B98,,,,,books,aat,http://vocab.getty.edu/aat/300028051,,,,1629,,1629,,TRUE,Basil,,Latin,iso639-2b,http://id.loc.gov/vocabulary/iso639-2/lat,,,,,,,,,,3266334,,"Buxtorf, Johann, 1564-1629",personal,naf,http://id.loc.gov/authorities/names/n82056639,Author,marcrelator,http://id.loc.gov/vocabulary/relators/aut,,,,TRUE,,,,,,,,,,,,Hebrew language,fast,http://id.worldcat.org/fast/954191,,,,,,,,,,,,,,,,,text,reformatted digital,No Copyright - United States,rightsstatements,http://rightsstatements.org/vocab/NoC-US/1.0/,,,FALSE
asset,,yid_om_jbt_658,yid_om_jbt,filename,https://exhibitions-dev.library.columbia.edu/rbml_yiddish_0016.jpg,original filename,rbml_yiddish_0016.tif,,Pages 658-659 (spread),,,,,,,,,,,,,,,,,,,11500,,,,,,,,,,,,,https://exhibitions.library.columbia.edu/exhibits/show/yiddish-columbia/academic/buxtorf,,,,,,,,,,,,,,,,,,,,,,,,,,,,,,,,,,,,,,,,,,,,,,,,,,,,,,,,,,No Copyright - United States,rightsstatements,http://rightsstatements.org/vocab/NoC-US/1.0/,Public Access,,FALSE
asset,,yid_om_jbt_664,yid_om_jbt,filename,https://exhibitions-dev.library.columbia.edu/rbml_yiddish_0017.jpg,original filename,rbml_yiddish_0017.tif,,Pages 664-665 (spread),,,,,,,,,,,,,,,,,,,11499,,,,,,,,,,,,,https://exhibitions.library.columbia.edu/exhibits/show/yiddish-columbia/academic/buxtorf,,,,,,,,,,,,,,,,,,,,,,,,,,,,,,,,,,,,,,,,,,,,,,,,,,,,,,,,,,No Copyright - United States,rightsstatements,http://rightsstatements.org/vocab/NoC-US/1.0/,Public Access,,FALSE
asset,,yid_om_jbt_666,yid_om_jbt,filename,https://exhibitions-dev.library.columbia.edu/rbml_yiddish_0018.jpg,original filename,rbml_yiddish_0018.tif,,Pages 666-667 (spread),,,,,,,,,,,,,,,,,,,11498,,,,,,,,,,,,,https://exhibitions.library.columbia.edu/exhibits/show/yiddish-columbia/academic/buxtorf,,,,,,,,,,,,,,,,,,,,,,,,,,,,,,,,,,,,,,,,,,,,,,,,,,,,,,,,,,No Copyright - United States,rightsstatements,http://rightsstatements.org/vocab/NoC-US/1.0/,Public Access,,FALSE
item,,yid_om_coy,,,,,,,Conference on Yiddish Studies,,,"University Archives, Columbia University",http://id.library.columbia.edu/term/993db1bc-2347-4b0d-ab1c-d5714ec82683,Central Files,http://id.library.columbia.edu/term/28523d27-b878-4377-b62c-017aba499e1f,series,1,"Series I: Central Files, 1895-1971",subseries,2,"Subseries I.2: Personal Names, 1890-1971",,,,"672, Uriel Weinreich",,,,printed ephemera,aat,http://vocab.getty.edu/aat/300264821,,,,1958,,1958,,TRUE,,,English,iso639-2b,http://id.loc.gov/vocabulary/iso639-2/eng,,,,,,,,,,,8.5 x 11,,,,,,,,,,,,,,,,,,,,,,,Yiddish language--Study and teaching,fast,http://id.worldcat.org/fast/1182815,Congresses and conventions,fast,http://id.worldcat.org/fast/875219,,,,,,,,,,,,,,text,reformatted digital,No Known Copyright,rightsstatements,http://rightsstatements.org/vocab/NKC/1.0/,,,FALSE
asset,,yid_om_coy_001,yid_om_coy,filename,https://exhibitions-dev.library.columbia.edu/rbml_yiddish_0019.jpg,original filename,rbml_yiddish_0019.tif,,Recto,,,,,,,,,,,,,,,,,,,11497,,,,,,,,,,,,,https://exhibitions.library.columbia.edu/exhibits/show/yiddish-columbia/academic/beginnings,,,,,,,,,,,,,,,,,,,,,,,,,,,,,,,,,,,,,,,,,,,,,,,,,,,,,,,,,,No Known Copyright,rightsstatements,http://rightsstatements.org/vocab/NKC/1.0/,Public Access,,FALSE
asset,,yid_om_coy_002,yid_om_coy,filename,https://exhibitions-dev.library.columbia.edu/rbml_yiddish_0020.jpg,original filename,rbml_yiddish_0020.tif,,Verso,,,,,,,,,,,,,,,,,,,11496,,,,,,,,,,,,,,,,,,,,,,,,,,,,,,,,,,,,,,,,,,,,,,,,,,,,,,,,,,,,,,,,,,,,,,,No Known Copyright,rightsstatements,http://rightsstatements.org/vocab/NKC/1.0/,Public Access,,FALSE
item,,yid_om_inj,,,,,,,International Justice,,,"Rare Book & Manuscript Library, Columbia University",http://id.library.columbia.edu/term/a274309e-79c3-4341-8a72-983a4a8290ea,Dennis Ryan Editorial Cartoon collection,http://id.library.columbia.edu/term/68e4e678-4b55-4165-a008-e671a52ee115,series,1,Series I: Editorial Cartoons,,,,,,,17,7,,,drawings,gmgpc,http://id.loc.gov/vocabulary/graphicMaterials/tgm003279,,,,1940s,approximate,1940,1949,TRUE,,,Yiddish,iso639-2b,http://id.loc.gov/vocabulary/iso639-2/yid,,,,,,,,,,,,"Gropper, William, 1897-1977",personal,naf,http://id.loc.gov/authorities/names/n80063417,Artist,marcrelator,http://id.loc.gov/vocabulary/relators/art,,,,TRUE,,,,,,,,,,,,,,,,,,,,,,,,,,,,,,,still image,reformatted digital,In Copyright,rightsstatements,http://rightsstatements.org/vocab/InC/1.0/,,,TRUE
asset,,yid_om_inj_000,yid_om_inj,filename,https://exhibitions-dev.library.columbia.edu/rbml_yiddish_0021.jpg,original filename,rbml_yiddish_0021.tif,,International Justice,,,,,,,,,,,,,,,,,,,11495,,,,,,,,,,,,,https://exhibitions.library.columbia.edu/exhibits/show/yiddish-columbia/press/gropper,,,,,,,,,,,,,,,,,,,,,,,,,,,,,,,,,,,,,,,,,,,,,,,,,,,,,,,,,,In Copyright,rightsstatements,http://rightsstatements.org/vocab/InC/1.0/,Public Access,,TRUE
item,,yid_om_cot,,,,,,,Collection of tkhines,,,"Rare Book & Manuscript Library, Columbia University",http://id.library.columbia.edu/term/a274309e-79c3-4341-8a72-983a4a8290ea,Rare Book & Manuscript Library General Manuscript Collection,http://id.library.columbia.edu/term/a1127dc3-05a8-456b-866a-cfa0c53c2369,,,,,,,,,MS General 286,,,,,manuscripts,lcsh,http://id.loc.gov/authorities/subjects/sh85080672,,,,1828,,1828,,TRUE,Paks,,Yiddish,iso639-2b,http://id.loc.gov/vocabulary/iso639-2/yid,,,,,,,,,,13056477,,,,,,,,,,,,,,,,,,,,,,,,Judaism,fast,http://id.worldcat.org/fast/984280,Jews,fast,http://id.worldcat.org/fast/983135,Hungary,naf,http://id.loc.gov/authorities/names/n79053090,,,,Prayers and devotions,fast,http://id.worldcat.org/fast/1423909,ownership,"Acquired from Sotheby's, December 2017",,,text,reformatted digital,No Copyright - United States,rightsstatements,http://rightsstatements.org/vocab/NoC-US/1.0/,,,FALSE
asset,,yid_om_cot_001,yid_om_cot,filename,https://exhibitions-dev.library.columbia.edu/rbml_yiddish_0022.jpg,original filename,rbml_yiddish_0022.tif,,Title page,,,,,,,,,,,,,,,,,,,11494,,,,,,,,,,,,,https://exhibitions.library.columbia.edu/exhibits/show/yiddish-columbia/ritual,,,,,,,,,,,,,,,,,,,,,,,,,,,,,,,,,,,,,,,,,,,,,,,,,,,,,,,,,,No Copyright - United States,rightsstatements,http://rightsstatements.org/vocab/NoC-US/1.0/,Public Access,,FALSE
asset,,yid_om_cot_002,yid_om_cot,filename,https://exhibitions-dev.library.columbia.edu/rbml_yiddish_0023.jpg,original filename,rbml_yiddish_0023.tif,,Index,,,,,,,,,,,,,,,,,,,11493,,,,,,,,,,,,,https://exhibitions.library.columbia.edu/exhibits/show/yiddish-columbia/ritual/tkhines,,,,,,,,,,,,,,,,,,,,,,,,,,,,,,,,,,,,,,,,,,,,,,,,,,,,,,,,,,No Copyright - United States,rightsstatements,http://rightsstatements.org/vocab/NoC-US/1.0/,Public Access,,FALSE
asset,,yid_om_cot_039,yid_om_cot,filename,https://exhibitions-dev.library.columbia.edu/rbml_yiddish_0024.jpg,original filename,rbml_yiddish_0024.tif,,l. 39r,,,,,,,,,,,,,,,,,,,11492,,,,,,,,,,,,,https://exhibitions.library.columbia.edu/exhibits/show/yiddish-columbia/ritual/tkhines,,,,,,,,,,,,,,,,,,,,,,,,,,,,,,,,,,,,,,,,,,,,,,,,,,,,,,,,,,No Copyright - United States,rightsstatements,http://rightsstatements.org/vocab/NoC-US/1.0/,Public Access,,FALSE
asset,,yid_om_cot_025,yid_om_cot,filename,https://exhibitions-dev.library.columbia.edu/rbml_yiddish_0025.jpg,original filename,rbml_yiddish_0025.tif,,l. 25r,,,,,,,,,,,,,,,,,,,11491,,,,,,,,,,,,,https://exhibitions.library.columbia.edu/exhibits/show/yiddish-columbia/ritual/tkhines,,,,,,,,,,,,,,,,,,,,,,,,,,,,,,,,,,,,,,,,,,,,,,,,,,,,,,,,,,No Copyright - United States,rightsstatements,http://rightsstatements.org/vocab/NoC-US/1.0/,Public Access,,FALSE
item,,yid_om_ssb,,,,,,,Sēfer Safah Berurah ...,,Al yedei benei Ya'akov Beck,"Rare Book & Manuscript Library, Columbia University",http://id.library.columbia.edu/term/a274309e-79c3-4341-8a72-983a4a8290ea,Temple Emanuel Library of Hebrew and Rabbinical Literature,http://id.library.columbia.edu/term/eb2f35cc-e8ef-49f2-97de-734d76570f46,,,,,,,,,PJ4831.H36 1660,,,,,books,aat,http://vocab.getty.edu/aat/300028051,,,,1660,,1660,,TRUE,Prague,,Hebrew,iso639-2b,http://id.loc.gov/vocabulary/iso639-2/heb,German,iso639-2b,http://id.loc.gov/vocabulary/iso639-2/ger,Italian,iso639-2b,http://id.loc.gov/vocabulary/iso639-2/ita,Latin,iso639-2b,http://id.loc.gov/vocabulary/iso639-2/lat,3411250,,"Hannover, Nathan Nata, -1683",personal,naf,http://id.loc.gov/authorities/names/n82145686,Author,marcrelator,http://id.loc.gov/vocabulary/relators/aut,,,,TRUE,,,,,,,,,,,,Hebrew language,fast,http://id.worldcat.org/fast/954191,,,,,,,,,,Dictionaries,fast,http://id.worldcat.org/fast/1423826,ownership,"Donated to Columbia by Temple Emanu-el, 1892",,,text,reformatted digital,No Copyright - United States,rightsstatements,http://rightsstatements.org/vocab/NoC-US/1.0/,,,FALSE
asset,,yid_om_ssb_002,yid_om_ssb,filename,https://exhibitions-dev.library.columbia.edu/rbml_yiddish_0026.jpg,original filename,rbml_yiddish_0026.tif,,Page spread,,,,,,,,,,,,,,,,,,,11490,,,,,,,,,,,,,https://exhibitions.library.columbia.edu/exhibits/show/yiddish-columbia/academic/hannover,,,,,,,,,,,,,,,,,,,,,,,,,,,,,,,,,,,,,,,,,,,,,,,,,,,,,,,,,,No Copyright - United States,rightsstatements,http://rightsstatements.org/vocab/NoC-US/1.0/,Public Access,,FALSE
asset,,yid_om_ssb_001,yid_om_ssb,filename,https://exhibitions-dev.library.columbia.edu/rbml_yiddish_0027.jpg,original filename,rbml_yiddish_0027.tif,,Title page,,,,,,,,,,,,,,,,,,,11489,,,,,,,,,,,,,https://exhibitions.library.columbia.edu/exhibits/show/yiddish-columbia/academic/hannover,,,,,,,,,,,,,,,,,,,,,,,,,,,,,,,,,,,,,,,,,,,,,,,,,,,,,,,,,,No Copyright - United States,rightsstatements,http://rightsstatements.org/vocab/NoC-US/1.0/,Public Access,,FALSE
item,,yid_om_bsa,,,,,,,"Big Stick. April 23, 1920 (Constitution; Declaration of Independence; sad Uncle Sam)",,,"Rare Book & Manuscript Library, Columbia University",http://id.library.columbia.edu/term/a274309e-79c3-4341-8a72-983a4a8290ea,,,,,,,,,,,PN6231.J5 G74,,,,,periodicals,aat,http://vocab.getty.edu/aat/300026657,,,,23-Apr-20,,1920-04-23,,TRUE,,,Yiddish,iso639-2b,http://id.loc.gov/vocabulary/iso639-2/yid,,,,,,,,,,12474087,Folio,,,,,,,,,,,,,,,,,,,,,,,Yiddish wit and humor,fast,http://id.worldcat.org/fast/1182844,,,,,,,,,,,,,,,,,text,reformatted digital,No Copyright - United States,rightsstatements,http://rightsstatements.org/vocab/NoC-US/1.0/,,,FALSE
asset,,yid_om_bsa_001,yid_om_bsa,filename,https://exhibitions-dev.library.columbia.edu/rbml_yiddish_0028.jpg,original filename,rbml_yiddish_0028.tif,,Page 1,,,,,,,,,,,,,,,,,,,11488,,,,,,,,,,,,,https://exhibitions.library.columbia.edu/exhibits/show/yiddish-columbia/press,,,,,,,,,,,,,,,,,,,,,,,,,,,,,,,,,,,,,,,,,,,,,,,,,,,,,,,,,,No Copyright - United States,rightsstatements,http://rightsstatements.org/vocab/NoC-US/1.0/,Public Access,,FALSE
item,,yid_om_thk,,,,,,,Taḳanot ha-ḳehila de-ḳahal ḳodesh Ashḳenazim asher be-Amshṭerdam,,'Avraham ben Refaʼel ''Etias',"Rare Book & Manuscript Library, Columbia University",http://id.library.columbia.edu/term/a274309e-79c3-4341-8a72-983a4a8290ea,,,,,,,,,,,DS135.N4 T3 1736,,,,,books,aat,http://vocab.getty.edu/aat/300028051,,,,1737,,1737,,TRUE,Amsterdam,,Yiddish,iso639-2b,http://id.loc.gov/vocabulary/iso639-2/yid,,,,,,,,,,2757887,,"Israëlitische Gemeente (Ashkenazim) (Amsterdam, Netherlands)",corporate,,,Author,marcrelator,http://id.loc.gov/vocabulary/relators/aut,,,,TRUE,,,,,,,,,,,,Jews,fast,http://id.worldcat.org/fast/983135,,,,Amsterdam (Netherlands),naf,http://id.loc.gov/authorities/names/n78095634,,,,,,,,,,,text,reformatted digital,No Copyright - United States,rightsstatements,http://rightsstatements.org/vocab/NoC-US/1.0/,,,FALSE
asset,,yid_om_thk_001,yid_om_thk,filename,https://exhibitions-dev.library.columbia.edu/rbml_yiddish_0029.jpg,original filename,rbml_yiddish_0029.tif,,Title page,,,,,,,,,,,,,,,,,,,11487,,,,,,,,,,,,,https://exhibitions.library.columbia.edu/exhibits/show/yiddish-columbia/ritual/takanot,,,,,,,,,,,,,,,,,,,,,,,,,,,,,,,,,,,,,,,,,,,,,,,,,,,,,,,,,,No Copyright - United States,rightsstatements,http://rightsstatements.org/vocab/NoC-US/1.0/,Public Access,,FALSE
asset,,yid_om_thk_002,yid_om_thk,filename,https://exhibitions-dev.library.columbia.edu/rbml_yiddish_0030.jpg,original filename,rbml_yiddish_0030.tif,,Title page verso,,,,,,,,,,,,,,,,,,,11486,,,,,,,,,,,,,https://exhibitions.library.columbia.edu/exhibits/show/yiddish-columbia/ritual/takanot,,,,,,,,,,,,,,,,,,,,,,,,,,,,,,,,,,,,,,,,,,,,,,,,,,,,,,,,,,No Copyright - United States,rightsstatements,http://rightsstatements.org/vocab/NoC-US/1.0/,Public Access,,FALSE
item,,yid_om_lde,,,,,,,Livro de embezar las lingwas Inglezah i Yudish,,Lah Ameriḳah,"Rare Book & Manuscript Library, Columbia University",http://id.library.columbia.edu/term/a274309e-79c3-4341-8a72-983a4a8290ea,,,,,,,,,,,PC4813.2.L58 1911g,,,,,books,aat,http://vocab.getty.edu/aat/300028051,,,,1911,,1911,,TRUE,New York,,Ladino,iso639-2b,http://id.loc.gov/vocabulary/iso639-2/lad,English,iso639-2b,http://id.loc.gov/vocabulary/iso639-2/eng,Yiddish,iso639-2b,http://id.loc.gov/vocabulary/iso639-2/yid,,,,12759180,13 x 16 cm,,,,,,,,,,,,,,,,,,,,,,,Ladino language,fast,http://id.worldcat.org/fast/990678,Yiddish language,fast,http://id.worldcat.org/fast/1182793,,,,,,,"Glossaries, vocabularies, etc.",fast,http://id.worldcat.org/fast/1423786,,,,,text,reformatted digital,No Copyright - United States,rightsstatements,http://rightsstatements.org/vocab/NoC-US/1.0/,,,FALSE
asset,,yid_om_lde_000,yid_om_lde,filename,https://exhibitions-dev.library.columbia.edu/rbml_yiddish_0031.jpg,original filename,rbml_yiddish_0031.tif,,"Closed, front of book",,,,,,,,,,,,,,,,,,,11485,,,,,,,,,,,,,https://exhibitions.library.columbia.edu/exhibits/show/yiddish-columbia/press/ladino,,,,,,,,,,,,,,,,,,,,,,,,,,,,,,,,,,,,,,,,,,,,,,,,,,,,,,,,,,No Copyright - United States,rightsstatements,http://rightsstatements.org/vocab/NoC-US/1.0/,Public Access,,FALSE
asset,,yid_om_lde_002,yid_om_lde,filename,https://exhibitions-dev.library.columbia.edu/rbml_yiddish_0032.jpg,original filename,rbml_yiddish_0032.tif,La,Imagracion,,,,,,,,,,,,,,,,,,,11484,,,,,,,,,,,,,https://exhibitions.library.columbia.edu/exhibits/show/yiddish-columbia/press/ladino,,,,,,,,,,,,,,,,,,,,,,,,,,,,,,,,,,,,,,,,,,,,,,,,,,,,,,,,,,No Copyright - United States,rightsstatements,http://rightsstatements.org/vocab/NoC-US/1.0/,Public Access,,FALSE
asset,,yid_om_lde_003,yid_om_lde,filename,https://exhibitions-dev.library.columbia.edu/rbml_yiddish_0033.jpg,original filename,rbml_yiddish_0033.tif,,Method how to learn to write and read in Spanish-Hebrew or in English,,,,,,,,,,,,,,,,,,,11483,,,,,,,,,,,,,https://exhibitions.library.columbia.edu/exhibits/show/yiddish-columbia/press/ladino,,,,,,,,,,,,,,,,,,,,,,,,,,,,,,,,,,,,,,,,,,,,,,,,,,,,,,,,,,No Copyright - United States,rightsstatements,http://rightsstatements.org/vocab/NoC-US/1.0/,Public Access,,FALSE
asset,,yid_om_lde_038,yid_om_lde,filename,https://exhibitions-dev.library.columbia.edu/rbml_yiddish_0034.jpg,original filename,rbml_yiddish_0034.tif,,Pages 38-39,,,,,,,,,,,,,,,,,,,11482,,,,,,,,,,,,,https://exhibitions.library.columbia.edu/exhibits/show/yiddish-columbia/press/ladino,,,,,,,,,,,,,,,,,,,,,,,,,,,,,,,,,,,,,,,,,,,,,,,,,,,,,,,,,,No Copyright - United States,rightsstatements,http://rightsstatements.org/vocab/NoC-US/1.0/,Public Access,,FALSE
asset,,yid_om_lde_001,yid_om_lde,filename,https://exhibitions-dev.library.columbia.edu/rbml_yiddish_0035.jpg,original filename,rbml_yiddish_0035.tif,,Page 1,,,,,,,,,,,,,,,,,,,11481,,,,,,,,,,,,,https://exhibitions.library.columbia.edu/exhibits/show/yiddish-columbia/press/ladino,,,,,,,,,,,,,,,,,,,,,,,,,,,,,,,,,,,,,,,,,,,,,,,,,,,,,,,,,,No Copyright - United States,rightsstatements,http://rightsstatements.org/vocab/NoC-US/1.0/,Public Access,,FALSE
item,,yid_om_foy,,,,,,The,Field of Yiddish,,Mouton,"Rare Book & Manuscript Library, Columbia University",http://id.library.columbia.edu/term/a274309e-79c3-4341-8a72-983a4a8290ea,Language and Culture Archive of Ashkenazic Jewry,http://id.library.columbia.edu/term/2f99b16c-e6bf-445a-8b5f-7e9016f93905,series,1,Series VII: Manuscripts and Publications,subseries,2,"Subseries VII.1: The Field of Yiddish, 1965-1970",,,,242,11,,,printed ephemera,aat,http://vocab.getty.edu/aat/300264821,,,,1970,,1970,,TRUE,,,English,iso639-2b,http://id.loc.gov/vocabulary/iso639-2/eng,,,,,,,,,,,,,,,,,,,,,,,,,,,,,,,,,,Yiddish language--Study and teaching,fast,http://id.worldcat.org/fast/1182815,Yiddish language--Dialects,fast,http://id.worldcat.org/fast/1182795,,,,,,,,,,,,,,text,reformatted digital,In Copyright - Educational Use Permitted,rightsstatements,http://rightsstatements.org/vocab/InC-EDU/1.0/,,,TRUE
asset,,yid_om_foy_001,yid_om_foy,filename,https://exhibitions-dev.library.columbia.edu/rbml_yiddish_0036.jpg,original filename,rbml_yiddish_0036.tif,,Page 1,,,,,,,,,,,,,,,,,,,11480,,,,,,,,,,,,,https://exhibitions.library.columbia.edu/exhibits/show/yiddish-columbia/academic/beginnings,,,,,,,,,,,,,,,,,,,,,,,,,,,,,,,,,,,,,,,,,,,,,,,,,,,,,,,,,,In Copyright - Educational Use Permitted,rightsstatements,http://rightsstatements.org/vocab/InC-EDU/1.0/,Public Access,,TRUE
asset,,yid_om_foy_002,yid_om_foy,filename,https://exhibitions-dev.library.columbia.edu/rbml_yiddish_0037.jpg,original filename,rbml_yiddish_0037.tif,,Page 2,,,,,,,,,,,,,,,,,,,11479,,,,,,,,,,,,,,,,,,,,,,,,,,,,,,,,,,,,,,,,,,,,,,,,,,,,,,,,,,,,,,,,,,,,,,,In Copyright - Educational Use Permitted,rightsstatements,http://rightsstatements.org/vocab/InC-EDU/1.0/,Public Access,,TRUE
item,,yid_om_cfc,,,,,,,Center for computing letter,,,"Rare Book & Manuscript Library, Columbia University",http://id.library.columbia.edu/term/a274309e-79c3-4341-8a72-983a4a8290ea,Language and Culture Archive of Ashkenazic Jewry,http://id.library.columbia.edu/term/2f99b16c-e6bf-445a-8b5f-7e9016f93905,series,1,Series II: LCAAJ Fieldwork and Research,subseries,2,Subseries II.8.1:Data,,,,236,13,,,correspondence,aat,http://vocab.getty.edu/aat/300026877,,,,26-Sep-62,,1962-09-26,,TRUE,,,English,iso639-2b,http://id.loc.gov/vocabulary/iso639-2/eng,,,,,,,,,,,,"Wong, York",personal,naf,,Author,marcrelator,http://id.loc.gov/vocabulary/relators/aut,,,,TRUE,"Weinreich, Uriel",personal,naf,http://id.loc.gov/authorities/names/n79081924,Addressee,marcrelator,http://id.loc.gov/vocabulary/relators/rcp,,,,,Yiddish language--Study and teaching,fast,http://id.worldcat.org/fast/1182815,,,,,,,,,,,,,,,,,text,reformatted digital,No Known Copyright,rightsstatements,http://rightsstatements.org/vocab/NKC/1.0/,,,FALSE
asset,,yid_om_cfc_000,yid_om_cfc,filename,https://exhibitions-dev.library.columbia.edu/rbml_yiddish_0038.jpg,original filename,rbml_yiddish_0038.tif,,Center for computing letter,,,,,,,,,,,,,,,,,,,11478,,,,,,,,,,,,,https://exhibitions.library.columbia.edu/exhibits/show/yiddish-columbia/lcaaj,,,,,,,,,,,,,,,,,,,,,,,,,,,,,,,,,,,,,,,,,,,,,,,,,,,,,,,,,,No Known Copyright,rightsstatements,http://rightsstatements.org/vocab/NKC/1.0/,Public Access,,FALSE
item,,yid_om_coc,,,,,,,Computer cards,,,"Rare Book & Manuscript Library, Columbia University",http://id.library.columbia.edu/term/a274309e-79c3-4341-8a72-983a4a8290ea,Language and Culture Archive of Ashkenazic Jewry,http://id.library.columbia.edu/term/2f99b16c-e6bf-445a-8b5f-7e9016f93905,series,1,Series II: LCAAJ Fieldwork and Research,subseries,2,Subseries II.8.1:Data,,,,236,16,,,ephemera,aat,http://vocab.getty.edu/aat/300028881,,,,1968,,1968,,TRUE,,,English,iso639-2b,http://id.loc.gov/vocabulary/iso639-2/eng,,,,,,,,,,,,"Ravid, Wita",personal,naf,http://id.loc.gov/authorities/names/no2004067464,Creator,marcrelator,http://id.loc.gov/vocabulary/relators/cre,,,,TRUE,,,,,,,,,,,,Yiddish language--Study and teaching,fast,http://id.worldcat.org/fast/1182815,Yiddish language--Dialects,fast,http://id.worldcat.org/fast/1182795,,,,,,,,,,,,,,text,reformatted digital,No Known Copyright,rightsstatements,http://rightsstatements.org/vocab/NKC/1.0/,,,FALSE
asset,,yid_om_coc_000,yid_om_coc,filename,https://exhibitions-dev.library.columbia.edu/rbml_yiddish_0039.jpg,original filename,rbml_yiddish_0039.tif,,Computer cards,,,,,,,,,,,,,,,,,,,11477,,,,,,,,,,,,,https://exhibitions.library.columbia.edu/exhibits/show/yiddish-columbia/lcaaj,,,,,,,,,,,,,,,,,,,,,,,,,,,,,,,,,,,,,,,,,,,,,,,,,,,,,,,,,,No Known Copyright,rightsstatements,http://rightsstatements.org/vocab/NKC/1.0/,Public Access,,FALSE
item,,yid_om_ccc,,,,,,,Computer cards. Card 1,,,"Rare Book & Manuscript Library, Columbia University",http://id.library.columbia.edu/term/a274309e-79c3-4341-8a72-983a4a8290ea,Language and Culture Archive of Ashkenazic Jewry,http://id.library.columbia.edu/term/2f99b16c-e6bf-445a-8b5f-7e9016f93905,series,1,Series II: LCAAJ Fieldwork and Research,subseries,2,Subseries II.8.1:Data,,,,236,16,,,ephemera,aat,http://vocab.getty.edu/aat/300028881,,,,1968,,1968,,TRUE,,,English,iso639-2b,http://id.loc.gov/vocabulary/iso639-2/eng,,,,,,,,,,,,"Ravid, Wita",personal,naf,http://id.loc.gov/authorities/names/no2004067464,Creator,marcrelator,http://id.loc.gov/vocabulary/relators/cre,,,,TRUE,,,,,,,,,,,,Yiddish language--Study and teaching,fast,http://id.worldcat.org/fast/1182815,Yiddish language--Dialects,fast,http://id.worldcat.org/fast/1182795,,,,,,,,,,,,,,text,reformatted digital,No Known Copyright,rightsstatements,http://rightsstatements.org/vocab/NKC/1.0/,,,FALSE
asset,,yid_om_ccc_001,yid_om_ccc,filename,https://exhibitions-dev.library.columbia.edu/rbml_yiddish_0040.jpg,original filename,rbml_yiddish_0040.tif,,Recto,,,,,,,,,,,,,,,,,,,11476,,,,,,,,,,,,,,,,,,,,,,,,,,,,,,,,,,,,,,,,,,,,,,,,,,,,,,,,,,,,,,,,,,,,,,,No Known Copyright,rightsstatements,http://rightsstatements.org/vocab/NKC/1.0/,Public Access,,FALSE
asset,,yid_om_ccc_002,yid_om_ccc,filename,https://exhibitions-dev.library.columbia.edu/rbml_yiddish_0041.jpg,original filename,rbml_yiddish_0041.tif,,Verso,,,,,,,,,,,,,,,,,,,11475,,,,,,,,,,,,,,,,,,,,,,,,,,,,,,,,,,,,,,,,,,,,,,,,,,,,,,,,,,,,,,,,,,,,,,,No Known Copyright,rightsstatements,http://rightsstatements.org/vocab/NKC/1.0/,Public Access,,FALSE
item,,yid_om_cca,,,,,,,Computer cards. Card 2,,,"Rare Book & Manuscript Library, Columbia University",http://id.library.columbia.edu/term/a274309e-79c3-4341-8a72-983a4a8290ea,Language and Culture Archive of Ashkenazic Jewry,http://id.library.columbia.edu/term/2f99b16c-e6bf-445a-8b5f-7e9016f93905,series,1,Series II: LCAAJ Fieldwork and Research,subseries,2,Subseries II.8.1:Data,,,,236,16,,,ephemera,aat,http://vocab.getty.edu/aat/300028881,,,,1968,,1968,,TRUE,,,English,iso639-2b,http://id.loc.gov/vocabulary/iso639-2/eng,,,,,,,,,,,,"Ravid, Wita",personal,naf,http://id.loc.gov/authorities/names/no2004067464,Creator,marcrelator,http://id.loc.gov/vocabulary/relators/cre,,,,TRUE,,,,,,,,,,,,Yiddish language--Study and teaching,fast,http://id.worldcat.org/fast/1182815,Yiddish language--Dialects,fast,http://id.worldcat.org/fast/1182795,,,,,,,,,,,,,,text,reformatted digital,No Known Copyright,rightsstatements,http://rightsstatements.org/vocab/NKC/1.0/,,,FALSE
asset,,yid_om_cca_001,yid_om_cca,filename,https://exhibitions-dev.library.columbia.edu/rbml_yiddish_0042.jpg,original filename,rbml_yiddish_0042.tif,,Recto,,,,,,,,,,,,,,,,,,,11474,,,,,,,,,,,,,,,,,,,,,,,,,,,,,,,,,,,,,,,,,,,,,,,,,,,,,,,,,,,,,,,,,,,,,,,No Known Copyright,rightsstatements,http://rightsstatements.org/vocab/NKC/1.0/,Public Access,,FALSE
asset,,yid_om_cca_002,yid_om_cca,filename,https://exhibitions-dev.library.columbia.edu/rbml_yiddish_0043.jpg,original filename,rbml_yiddish_0043.tif,,Verso,,,,,,,,,,,,,,,,,,,11473,,,,,,,,,,,,,,,,,,,,,,,,,,,,,,,,,,,,,,,,,,,,,,,,,,,,,,,,,,,,,,,,,,,,,,,No Known Copyright,rightsstatements,http://rightsstatements.org/vocab/NKC/1.0/,Public Access,,FALSE
item,,yid_om_cccc,,,,,,,Computer cards. Card 3,,,"Rare Book & Manuscript Library, Columbia University",http://id.library.columbia.edu/term/a274309e-79c3-4341-8a72-983a4a8290ea,Language and Culture Archive of Ashkenazic Jewry,http://id.library.columbia.edu/term/2f99b16c-e6bf-445a-8b5f-7e9016f93905,series,1,Series II: LCAAJ Fieldwork and Research,subseries,2,Subseries II.8.1:Data,,,,236,16,,,ephemera,aat,http://vocab.getty.edu/aat/300028881,,,,1968,,1968,,TRUE,,,English,iso639-2b,http://id.loc.gov/vocabulary/iso639-2/eng,,,,,,,,,,,,"Ravid, Wita",personal,naf,http://id.loc.gov/authorities/names/no2004067464,Creator,marcrelator,http://id.loc.gov/vocabulary/relators/cre,,,,TRUE,,,,,,,,,,,,Yiddish language--Study and teaching,fast,http://id.worldcat.org/fast/1182815,Yiddish language--Dialects,fast,http://id.worldcat.org/fast/1182795,,,,,,,,,,,,,,text,reformatted digital,No Known Copyright,rightsstatements,http://rightsstatements.org/vocab/NKC/1.0/,,,FALSE
asset,,yid_om_cccc_001,yid_om_cccc,filename,https://exhibitions-dev.library.columbia.edu/rbml_yiddish_0044.jpg,original filename,rbml_yiddish_0044.tif,,Recto,,,,,,,,,,,,,,,,,,,11472,,,,,,,,,,,,,,,,,,,,,,,,,,,,,,,,,,,,,,,,,,,,,,,,,,,,,,,,,,,,,,,,,,,,,,,No Known Copyright,rightsstatements,http://rightsstatements.org/vocab/NKC/1.0/,Public Access,,FALSE
asset,,yid_om_cccc_002,yid_om_cccc,filename,https://exhibitions-dev.library.columbia.edu/rbml_yiddish_0045.jpg,original filename,rbml_yiddish_0045.tif,,Verso,,,,,,,,,,,,,,,,,,,11471,,,,,,,,,,,,,,,,,,,,,,,,,,,,,,,,,,,,,,,,,,,,,,,,,,,,,,,,,,,,,,,,,,,,,,,No Known Copyright,rightsstatements,http://rightsstatements.org/vocab/NKC/1.0/,Public Access,,FALSE
item,,yid_om_cocc,,,,,,,Computer cards. Card 4,,,"Rare Book & Manuscript Library, Columbia University",http://id.library.columbia.edu/term/a274309e-79c3-4341-8a72-983a4a8290ea,Language and Culture Archive of Ashkenazic Jewry,http://id.library.columbia.edu/term/2f99b16c-e6bf-445a-8b5f-7e9016f93905,series,1,Series II: LCAAJ Fieldwork and Research,subseries,2,Subseries II.8.1:Data,,,,236,16,,,ephemera,aat,http://vocab.getty.edu/aat/300028881,,,,1968,,1968,,TRUE,,,English,iso639-2b,http://id.loc.gov/vocabulary/iso639-2/eng,,,,,,,,,,,,"Ravid, Wita",personal,naf,http://id.loc.gov/authorities/names/no2004067464,Creator,marcrelator,http://id.loc.gov/vocabulary/relators/cre,,,,TRUE,,,,,,,,,,,,Yiddish language--Study and teaching,fast,http://id.worldcat.org/fast/1182815,Yiddish language--Dialects,fast,http://id.worldcat.org/fast/1182795,,,,,,,,,,,,,,text,reformatted digital,No Known Copyright,rightsstatements,http://rightsstatements.org/vocab/NKC/1.0/,,,FALSE
asset,,yid_om_cocc_001,yid_om_cocc,filename,https://exhibitions-dev.library.columbia.edu/rbml_yiddish_0046.jpg,original filename,rbml_yiddish_0046.tif,,Recto,,,,,,,,,,,,,,,,,,,11470,,,,,,,,,,,,,,,,,,,,,,,,,,,,,,,,,,,,,,,,,,,,,,,,,,,,,,,,,,,,,,,,,,,,,,,No Known Copyright,rightsstatements,http://rightsstatements.org/vocab/NKC/1.0/,Public Access,,FALSE
asset,,yid_om_cocc_002,yid_om_cocc,filename,https://exhibitions-dev.library.columbia.edu/rbml_yiddish_0047.jpg,original filename,rbml_yiddish_0047.tif,,Verso,,,,,,,,,,,,,,,,,,,11469,,,,,,,,,,,,,,,,,,,,,,,,,,,,,,,,,,,,,,,,,,,,,,,,,,,,,,,,,,,,,,,,,,,,,,,No Known Copyright,rightsstatements,http://rightsstatements.org/vocab/NKC/1.0/,Public Access,,FALSE
item,,yid_om_pob,,,,,,,Pictures of berries,,,"Rare Book & Manuscript Library, Columbia University",http://id.library.columbia.edu/term/a274309e-79c3-4341-8a72-983a4a8290ea,Language and Culture Archive of Ashkenazic Jewry,http://id.library.columbia.edu/term/2f99b16c-e6bf-445a-8b5f-7e9016f93905,series,1,Series II: LCAAJ Fieldwork and Research,subseries,2,"Subseries II.3: Visual Cues, undated",,,,229b,2,,,ephemera,aat,http://vocab.getty.edu/aat/300028881,,,,Between 1959 and 1972,approximate,1959,1972,TRUE,,,,,,,,,,,,,,,,Flat (small),,,,,,,,,,,,,,,,,,,,,,,Berries,fast,http://id.worldcat.org/fast/830788,,,,,,,,,,,,,,,,,still image,reformatted digital,In Copyright - Educational Use Permitted,rightsstatements,http://rightsstatements.org/vocab/InC-EDU/1.0/,,,TRUE
asset,,yid_om_pob_000,yid_om_pob,filename,https://exhibitions-dev.library.columbia.edu/rbml_yiddish_0048.jpg,original filename,rbml_yiddish_0048.tif,,Pictures of berries,,,,,,,,,,,,,,,,,,,11468,,,,,,,,,,,,,https://exhibitions.library.columbia.edu/exhibits/show/yiddish-columbia/lcaaj,,,,,,,,,,,,,,,,,,,,,,,,,,,,,,,,,,,,,,,,,,,,,,,,,,,,,,,,,,In Copyright - Educational Use Permitted,rightsstatements,http://rightsstatements.org/vocab/InC-EDU/1.0/,Public Access,,TRUE
item,,yid_om_klo,,,,,,,kontrolirke (list of necesseray items for interview; Yiddish),,,"Rare Book & Manuscript Library, Columbia University",http://id.library.columbia.edu/term/a274309e-79c3-4341-8a72-983a4a8290ea,Language and Culture Archive of Ashkenazic Jewry,http://id.library.columbia.edu/term/2f99b16c-e6bf-445a-8b5f-7e9016f93905,series,1,Series II: LCAAJ Fieldwork and Research,subseries,2,"Subseries II.6: Questionnaire, 1959-1971",,,,229b,4,,,ephemera,aat,http://vocab.getty.edu/aat/300028881,,,,Between 1959 and 1972,approximate,1959,1972,TRUE,,,Yiddish,iso639-2b,http://id.loc.gov/vocabulary/iso639-2/yid,,,,,,,,,,,,,,,,,,,,,,,,,,,,,,,,,,,,,,,,,,,,,,,,,,,,,text,reformatted digital,In Copyright - Educational Use Permitted,rightsstatements,http://rightsstatements.org/vocab/InC-EDU/1.0/,,,TRUE
asset,,yid_om_klo_000,yid_om_klo,filename,https://exhibitions-dev.library.columbia.edu/rbml_yiddish_0049.jpg,original filename,rbml_yiddish_0049.tif,,kontrolirke (list of necesseray items for interview; Yiddish),,,,,,,,,,,,,,,,,,,11467,,,,,,,,,,,,,https://exhibitions.library.columbia.edu/exhibits/show/yiddish-columbia/lcaaj,,,,,,,,,,,,,,,,,,,,,,,,,,,,,,,,,,,,,,,,,,,,,,,,,,,,,,,,,,In Copyright - Educational Use Permitted,rightsstatements,http://rightsstatements.org/vocab/InC-EDU/1.0/,Public Access,,TRUE
item,,yid_om_map,,,,,,,MAP: 082 010 (LIXT),,,"Rare Book & Manuscript Library, Columbia University",http://id.library.columbia.edu/term/a274309e-79c3-4341-8a72-983a4a8290ea,Language and Culture Archive of Ashkenazic Jewry,http://id.library.columbia.edu/term/2f99b16c-e6bf-445a-8b5f-7e9016f93905,series,1,Series II: LCAAJ Fieldwork and Research,subseries,2,"Subseries II.5: Large Format Maps, undated",,,,197,,,,maps,gmgpc,http://id.loc.gov/vocabulary/graphicMaterials/tgm006261,,,,Between 1959 and 1972,approximate,1959,1972,TRUE,,,,,,,,,,,,,,,,,,,,,,,,,,,,,,,,,,,,,,,,,,,,,,,,,,,,,,,,,,cartographic,reformatted digital,In Copyright - Educational Use Permitted,rightsstatements,http://rightsstatements.org/vocab/InC-EDU/1.0/,,,TRUE
asset,,yid_om_map_000,yid_om_map,filename,https://exhibitions-dev.library.columbia.edu/rbml_yiddish_0050.jpg,original filename,rbml_yiddish_0050.tif,,MAP: 082 010 (LIXT),,,,,,,,,,,,,,,,,,,11466,,,,,,,,,,,,,https://exhibitions.library.columbia.edu/exhibits/show/yiddish-columbia/lcaaj,,,,,,,,,,,,,,,,,,,,,,,,,,,,,,,,,,,,,,,,,,,,,,,,,,,,,,,,,,In Copyright - Educational Use Permitted,rightsstatements,http://rightsstatements.org/vocab/InC-EDU/1.0/,Public Access,,TRUE
asset,,yid_om_map_001,yid_om_map,filename,https://exhibitions-dev.library.columbia.edu/rbml_yiddish_0051.jpg,original filename,rbml_yiddish_0051.tif,,First flap up,,,,,,,,,,,,,,,,,,,11465,,,,,,,,,,,,,https://exhibitions.library.columbia.edu/exhibits/show/yiddish-columbia/lcaaj,,,,,,,,,,,,,,,,,,,,,,,,,,,,,,,,,,,,,,,,,,,,,,,,,,,,,,,,,,In Copyright - Educational Use Permitted,rightsstatements,http://rightsstatements.org/vocab/InC-EDU/1.0/,Public Access,,TRUE
asset,,yid_om_map_002,yid_om_map,filename,https://exhibitions-dev.library.columbia.edu/rbml_yiddish_0052.jpg,original filename,rbml_yiddish_0052.tif,,Second flap up,,,,,,,,,,,,,,,,,,,11464,,,,,,,,,,,,,https://exhibitions.library.columbia.edu/exhibits/show/yiddish-columbia/lcaaj,,,,,,,,,,,,,,,,,,,,,,,,,,,,,,,,,,,,,,,,,,,,,,,,,,,,,,,,,,In Copyright - Educational Use Permitted,rightsstatements,http://rightsstatements.org/vocab/InC-EDU/1.0/,Public Access,,TRUE
item,,yid_om_fwe,,,,,,,Fabric with enclosures,,,"Rare Book & Manuscript Library, Columbia University",http://id.library.columbia.edu/term/a274309e-79c3-4341-8a72-983a4a8290ea,Language and Culture Archive of Ashkenazic Jewry,http://id.library.columbia.edu/term/2f99b16c-e6bf-445a-8b5f-7e9016f93905,series,1,Series II: LCAAJ Fieldwork and Research,subseries,2,"Subseries II.3: Visual Cues, undated",,,,229b,,,,objects,gmgpc,http://id.loc.gov/vocabulary/graphicMaterials/tgm007159,,,,Between 1959 and 1972,approximate,1959,1972,TRUE,,,,,,,,,,,,,,,,Flat (small),,,,,,,,,,,,,,,,,,,,,,,,,,,,,,,,,,,,,,,,,,three dimensional object,reformatted digital,In Copyright - Educational Use Permitted,rightsstatements,http://rightsstatements.org/vocab/InC-EDU/1.0/,,,TRUE
asset,,yid_om_fwe_000,yid_om_fwe,filename,https://exhibitions-dev.library.columbia.edu/rbml_yiddish_0053.jpg,original filename,rbml_yiddish_0053.tif,,Fabric with enclosures,,,,,,,,,,,,,,,,,,,11463,,,,,,,,,,,,,https://exhibitions.library.columbia.edu/exhibits/show/yiddish-columbia/lcaaj,,,,,,,,,,,,,,,,,,,,,,,,,,,,,,,,,,,,,,,,,,,,,,,,,,,,,,,,,,In Copyright - Educational Use Permitted,rightsstatements,http://rightsstatements.org/vocab/InC-EDU/1.0/,Public Access,,TRUE
item,,yid_om_epf,,,,,,,Eyn program fun oyfboyenden porṭshriṭ,איין פראגראם פון אויפבויענדען פארטשריט,,"Rare Book & Manuscript Library, Columbia University",http://id.library.columbia.edu/term/a274309e-79c3-4341-8a72-983a4a8290ea,Nicholas Murray Butler Papers,http://id.library.columbia.edu/term/3ec5f7e9-416b-4ddb-ae50-d9ba7e3500e5,,,,,,,,,,13,4,,,pamphlets,aat,http://vocab.getty.edu/aat/300220572,,,,16-Feb-18,,1918-02-16,,TRUE,St. Louis,,Yiddish,iso639-2b,http://id.loc.gov/vocabulary/iso639-2/yid,,,,,,,,,,,,"Butler, Nicholas Murray, 1862-1947",personal,naf,http://id.loc.gov/authorities/names/n50032600,Author,marcrelator,http://id.loc.gov/vocabulary/relators/aut,,,,TRUE,,,,,,,,,,,,Political participation,fast,http://id.worldcat.org/fast/1069386,Social conditions,fast,http://id.worldcat.org/fast/1919811,United States,naf,http://id.loc.gov/authorities/names/n78095330,,,,,,,,,,,text,reformatted digital,No Copyright - United States,rightsstatements,http://rightsstatements.org/vocab/NoC-US/1.0/,,,FALSE
asset,,yid_om_epf_000,yid_om_epf,filename,https://exhibitions-dev.library.columbia.edu/rbml_yiddish_0054.jpg,original filename,rbml_yiddish_0054.tif,,Title page,,,,,,,,,,,,,,,,,,,11462,,,,,,,,,,,,,https://exhibitions.library.columbia.edu/exhibits/show/yiddish-columbia/press/butler,,,,,,,,,,,,,,,,,,,,,,,,,,,,,,,,,,,,,,,,,,,,,,,,,,,,,,,,,,No Copyright - United States,rightsstatements,http://rightsstatements.org/vocab/NoC-US/1.0/,Public Access,,FALSE
asset,,yid_om_epf_001,yid_om_epf,filename,https://exhibitions-dev.library.columbia.edu/rbml_yiddish_0055.jpg,original filename,rbml_yiddish_0055.tif,,First leaf of text,,,,,,,,,,,,,,,,,,,11461,,,,,,,,,,,,,https://exhibitions.library.columbia.edu/exhibits/show/yiddish-columbia/press/butler,,,,,,,,,,,,,,,,,,,,,,,,,,,,,,,,,,,,,,,,,,,,,,,,,,,,,,,,,,No Copyright - United States,rightsstatements,http://rightsstatements.org/vocab/NoC-US/1.0/,Public Access,,FALSE
item,,yid_om_ata,,,,,,,Atran Agreement,,,"University Archives, Columbia University",http://id.library.columbia.edu/term/993db1bc-2347-4b0d-ab1c-d5714ec82683,Wills and Agreements Records,http://id.library.columbia.edu/term/09f056c8-8269-4fe0-8e28-439bd9be4b26,,,,,,,,,,1,1,,,legal documents,aat,http://vocab.getty.edu/aat/300027590,,,,11-Feb-52,,1952-02-11,,TRUE,,,English,iso639-2b,http://id.loc.gov/vocabulary/iso639-2/eng,,,,,,,,,,,8.5 x 11,"Atran Foundation (New York, N.Y.)",corporate,,,Issuing body,marcrelator,http://id.loc.gov/vocabulary/relators/isb,,,,TRUE,Columbia University. Trustees,corporate,naf,http://id.loc.gov/authorities/names/n85088346,Issuing body,marcrelator,http://id.loc.gov/vocabulary/relators/isb,,,,,,,,,,,,,,,,,,,,,,,,text,reformatted digital,No Known Copyright,rightsstatements,http://rightsstatements.org/vocab/NKC/1.0/,,,FALSE
asset,,yid_om_ata_001,yid_om_ata,filename,https://exhibitions-dev.library.columbia.edu/rbml_yiddish_0056.jpg,original filename,rbml_yiddish_0056.tif,,Page 1,,,,,,,,,,,,,,,,,,,11460,,,,,,,,,,,,,https://exhibitions.library.columbia.edu/exhibits/show/yiddish-columbia/academic/beginnings,,,,,,,,,,,,,,,,,,,,,,,,,,,,,,,,,,,,,,,,,,,,,,,,,,,,,,,,,,No Known Copyright,rightsstatements,http://rightsstatements.org/vocab/NKC/1.0/,Public Access,,FALSE
asset,,yid_om_ata_002,yid_om_ata,filename,https://exhibitions-dev.library.columbia.edu/rbml_yiddish_0057.jpg,original filename,rbml_yiddish_0057.tif,,Page 2,,,,,,,,,,,,,,,,,,,11459,,,,,,,,,,,,,https://exhibitions.library.columbia.edu/exhibits/show/yiddish-columbia/academic/beginnings,,,,,,,,,,,,,,,,,,,,,,,,,,,,,,,,,,,,,,,,,,,,,,,,,,,,,,,,,,No Known Copyright,rightsstatements,http://rightsstatements.org/vocab/NKC/1.0/,Public Access,,FALSE
item,,yid_om_igm,,,,,,,Igeret mishpaḥtit,,,"Rare Book & Manuscript Library, Columbia University",http://id.library.columbia.edu/term/a274309e-79c3-4341-8a72-983a4a8290ea,X Manuscripts,http://id.library.columbia.edu/term/17de684a-44c0-435c-9ace-d4be17b4e1d2,,,,,,,Hebrew Manuscripts (Columbia University Libraries),http://id.library.columbia.edu/term/5dbda953-4e4e-4021-a107-7042fddd0668,X893 Z8 v.2 no.4,,,,,manuscripts,lcsh,http://id.loc.gov/authorities/subjects/sh85080672,,,,1797,,1797,,TRUE,Germany,,Yiddish,iso639-2b,http://id.loc.gov/vocabulary/iso639-2/yid,,,,,,,,,,7844651,1 leaf :  26 x 30 cm,"Kunrat, Hirsh",personal,,,Author,marcrelator,http://id.loc.gov/vocabulary/relators/aut,,,,TRUE,,,,,,,,,,,,Hebrew letters,fast,http://id.worldcat.org/fast/954362,,,,,,,,,,,,,ownership,"Purchased from David Fraenkel, 1933-34",,,text,reformatted digital,No Copyright - United States,rightsstatements,http://rightsstatements.org/vocab/NoC-US/1.0/,,,FALSE
asset,,yid_om_igm_000,yid_om_igm,filename,https://exhibitions-dev.library.columbia.edu/rbml_yiddish_0058.jpg,original filename,rbml_yiddish_0058.tif,,Igeret mishpaḥtit,,,,,,,,,,,,,,,,,,,11458,,,,,,,,,,,,,https://exhibitions.library.columbia.edu/exhibits/show/yiddish-columbia/early/igeret,,,,,,,,,,,,,,,,,,,,,,,,,,,,,,,,,,,,,,,,,,,,,,,,,,,,,,,,,,No Copyright - United States,rightsstatements,http://rightsstatements.org/vocab/NoC-US/1.0/,Public Access,,FALSE
item,,yid_om_lky,,,,,,,La-Ḳever Yuval,לקבר יובל ... פון דער טהרה אויז ביז נאך זיינר קבורה,,"Rare Book & Manuscript Library, Columbia University",http://id.library.columbia.edu/term/a274309e-79c3-4341-8a72-983a4a8290ea,X Manuscripts,http://id.library.columbia.edu/term/17de684a-44c0-435c-9ace-d4be17b4e1d2,,,,,,,Hebrew Manuscripts (Columbia University Libraries),http://id.library.columbia.edu/term/5dbda953-4e4e-4021-a107-7042fddd0668,X893 J559,,,,,manuscripts,lcsh,http://id.loc.gov/authorities/subjects/sh85080672,,,,1813,,1813,,TRUE,France,,Yiddish,iso639-2b,http://id.loc.gov/vocabulary/iso639-2/yid,,,,,,,,,,7204151,,"Weil, Yitsḥaḳ Aizeḳ ben Tsadoḳ",personal,,,Author,marcrelator,http://id.loc.gov/vocabulary/relators/aut,,,,TRUE,,,,,,,,,,,,Jewish funeral rites and ceremonies,fast,http://id.worldcat.org/fast/1730498,,,,,,,,,,,,,,Contained in: Ḥuḳe ḥayim. In Judeo-Alsatian.,,,text,reformatted digital,No Copyright - United States,rightsstatements,http://rightsstatements.org/vocab/NoC-US/1.0/,,,FALSE
asset,,yid_om_lky_002,yid_om_lky,filename,https://exhibitions-dev.library.columbia.edu/rbml_yiddish_0059.jpg,original filename,rbml_yiddish_0059.tif,,Second title page,,,,,,,,,,,,,,,,,,,11457,,,,,,,,,,,,,https://exhibitions.library.columbia.edu/exhibits/show/yiddish-columbia/ritual/hukehayim,,,,,,,,,,,,,,,,,,,,,,,,,,,,,,,,,,,,,,,,,,,,,,,,,,,,,,,,,,No Copyright - United States,rightsstatements,http://rightsstatements.org/vocab/NoC-US/1.0/,Public Access,,FALSE
item,,yid_om_ats,,,,,,,[ʻAsʹiyat tsevaʻim],,,"Rare Book & Manuscript Library, Columbia University",http://id.library.columbia.edu/term/a274309e-79c3-4341-8a72-983a4a8290ea,X Manuscripts,http://id.library.columbia.edu/term/17de684a-44c0-435c-9ace-d4be17b4e1d2,,,,,,,Hebrew Manuscripts (Columbia University Libraries),http://id.library.columbia.edu/term/5dbda953-4e4e-4021-a107-7042fddd0668,MS X893 Se36,,,,,manuscripts,lcsh,http://id.loc.gov/authorities/subjects/sh85080672,,,,17th century,approximate,1601,1700,TRUE,Germany?,,Yiddish,iso639-2b,http://id.loc.gov/vocabulary/iso639-2/yid,,,,,,,,,,7330148,,,,,,,,,,,,,,,,,,,,,,,,Color in clothing,fast,http://id.worldcat.org/fast/868568,Color guides,fast,http://id.worldcat.org/fast/868557,,,,,,,,,,,,,"The text is Hebrew -Yiddish instructions for making colors, colored clothing, etc.",text,reformatted digital,No Copyright - United States,rightsstatements,http://rightsstatements.org/vocab/NoC-US/1.0/,,,FALSE
asset,,yid_om_ats_058a,yid_om_ats,filename,https://exhibitions-dev.library.columbia.edu/rbml_yiddish_0060.jpg,original filename,rbml_yiddish_0060.tif,,58a,,,,,,,,,,,,,,,,,,,11456,,,,,,,,,,,,,,,,,,,,,,,,,,,,,,,,,,,,,,,,,,,,,,,,,,,,,,,,,,,,,,,,,,,,,,,No Copyright - United States,rightsstatements,http://rightsstatements.org/vocab/NoC-US/1.0/,Public Access,,FALSE
asset,,yid_om_ats_085a,yid_om_ats,filename,https://exhibitions-dev.library.columbia.edu/rbml_yiddish_0061.jpg,original filename,rbml_yiddish_0061.tif,,85a,,,,,,,,,,,,,,,,,,,11455,,,,,,,,,,,,,https://exhibitions.library.columbia.edu/exhibits/show/yiddish-columbia/early/---asiyat-tseva---im,,,,,,,,,,,,,,,,,,,,,,,,,,,,,,,,,,,,,,,,,,,,,,,,,,,,,,,,,,No Copyright - United States,rightsstatements,http://rightsstatements.org/vocab/NoC-US/1.0/,Public Access,,FALSE
item,,yid_om_bbt,,,,,,,Bergen-Belsen Theatre Troupe,,,"Rare Book & Manuscript Library, Columbia University",http://id.library.columbia.edu/term/a274309e-79c3-4341-8a72-983a4a8290ea,Yiddish Theatre Collection,http://id.library.columbia.edu/term/bdc8970b-96c3-4599-bf31-eeb878ce4572,,,,,,,,,MS #1686,,,,,photographs,aat,http://vocab.getty.edu/aat/300046300,albums,aat,http://vocab.getty.edu/aat/300026690,1962,,1962,,TRUE,Germany,,,,,,,,,,,,,,,,,,,,,,,,,,,,,,,,,,DP-Camp Bergen-Belsen,corporate,naf,http://id.loc.gov/authorities/names/no2012131298,"Theater, Yiddish",fast,http://id.worldcat.org/fast/1149368,Holocaust survivors,fast,http://id.worldcat.org/fast/958838,,,,,,,,,,ownership,Acquired August 2016,,"The photo album seems to have been assembled around 1962 by co-founder Sami Feder, although the pictures are from the performances directly after the war.",still image,reformatted digital,Copyright Undetermined,rightsstatements,http://rightsstatements.org/vocab/UND/1.0/,,,FALSE
asset,,yid_om_bbt_000,yid_om_bbt,filename,https://exhibitions-dev.library.columbia.edu/rbml_yiddish_0062.jpg,original filename,rbml_yiddish_0062.tif,,Bergen-Belsen Theatre Troupe,,,,,,,,,,,,,,,,,,,11454,,,,,,,,,,,,,https://exhibitions.library.columbia.edu/exhibits/show/yiddish-columbia/theatre/bergen,,,,,,,,,,,,,,,,,,,,,,,,,,,,,,,,,,,,,,,,,,,,,,,,,,,,,,,,,,Copyright Undetermined,rightsstatements,http://rightsstatements.org/vocab/UND/1.0/,On-site Access,,FALSE
item,,yid_om_beb,,,,,,,Bergen-Belsen Theatre Troupe,,,"Rare Book & Manuscript Library, Columbia University",http://id.library.columbia.edu/term/a274309e-79c3-4341-8a72-983a4a8290ea,Yiddish Theatre Collection,http://id.library.columbia.edu/term/bdc8970b-96c3-4599-bf31-eeb878ce4572,,,,,,,,,MS #1686,,,,,photographs,aat,http://vocab.getty.edu/aat/300046300,albums,aat,http://vocab.getty.edu/aat/300026690,1962,,1962,,TRUE,Germany,,,,,,,,,,,,,,,,,,,,,,,,,,,,,,,,,,DP-Camp Bergen-Belsen,corporate,naf,http://id.loc.gov/authorities/names/no2012131298,"Theater, Yiddish",fast,http://id.worldcat.org/fast/1149368,Holocaust survivors,fast,http://id.worldcat.org/fast/958838,,,,,,,,,,ownership,Acquired August 2016,,"The photo album seems to have been assembled around 1962 by co-founder Sami Feder, although the pictures are from the performances directly after the war.",still image,reformatted digital,Copyright Undetermined,rightsstatements,http://rightsstatements.org/vocab/UND/1.0/,,,FALSE
asset,,yid_om_beb_000,yid_om_beb,filename,https://exhibitions-dev.library.columbia.edu/rbml_yiddish_0063.jpg,original filename,rbml_yiddish_0063.tif,,Bergen-Belsen Theatre Troupe,,,,,,,,,,,,,,,,,,,11453,,,,,,,,,,,,,https://exhibitions.library.columbia.edu/exhibits/show/yiddish-columbia/theatre/bergen,,,,,,,,,,,,,,,,,,,,,,,,,,,,,,,,,,,,,,,,,,,,,,,,,,,,,,,,,,Copyright Undetermined,rightsstatements,http://rightsstatements.org/vocab/UND/1.0/,On-site Access,,FALSE
item,,yid_om_bbe,,,,,,,Bergen-Belsen Theatre Troupe,,,"Rare Book & Manuscript Library, Columbia University",http://id.library.columbia.edu/term/a274309e-79c3-4341-8a72-983a4a8290ea,Yiddish Theatre Collection,http://id.library.columbia.edu/term/bdc8970b-96c3-4599-bf31-eeb878ce4572,,,,,,,,,MS #1686,,,,,photographs,aat,http://vocab.getty.edu/aat/300046300,albums,aat,http://vocab.getty.edu/aat/300026690,1962,,1962,,TRUE,Germany,,,,,,,,,,,,,,,,,,,,,,,,,,,,,,,,,,DP-Camp Bergen-Belsen,corporate,naf,http://id.loc.gov/authorities/names/no2012131298,"Theater, Yiddish",fast,http://id.worldcat.org/fast/1149368,Holocaust survivors,fast,http://id.worldcat.org/fast/958838,,,,,,,,,,ownership,Acquired August 2016,,"The photo album seems to have been assembled around 1962 by co-founder Sami Feder, although the pictures are from the performances directly after the war.",still image,reformatted digital,Copyright Undetermined,rightsstatements,http://rightsstatements.org/vocab/UND/1.0/,,,FALSE
asset,,yid_om_bbe_000,yid_om_bbe,filename,https://exhibitions-dev.library.columbia.edu/rbml_yiddish_0064.jpg,original filename,rbml_yiddish_0064.tif,,Bergen-Belsen Theatre Troupe,,,,,,,,,,,,,,,,,,,11452,,,,,,,,,,,,,https://exhibitions.library.columbia.edu/exhibits/show/yiddish-columbia/theatre/bergen,,,,,,,,,,,,,,,,,,,,,,,,,,,,,,,,,,,,,,,,,,,,,,,,,,,,,,,,,,Copyright Undetermined,rightsstatements,http://rightsstatements.org/vocab/UND/1.0/,On-site Access,,FALSE
